-- ============================================================
-- 知讯平台 - 初始内容种子数据
-- 用途：项目上线前填充高质量原始内容，确保用户浏览体验完整
-- 执行顺序：在 01-schema.sql 和 02-indexes.sql 之后执行
-- ============================================================

-- ============================================================
-- 1. 用户数据
-- 密码统一为：Zhixun2026!（bcrypt hash，salt rounds=10）
-- ============================================================

INSERT INTO sys_user (id, username, password_hash, nickname, avatar, email, role, status, bio, follow_count, follower_count, article_count, last_login_at, created_at, updated_at) VALUES
-- 超级管理员
(1, 'admin', '$2a$10$N9qo8uLOickgx2ZMRZoMyeIjZAgcfl7p92ldGxad68LJZdL17lhWy', '知讯官方', 'https://picsum.photos/seed/user1/200/200', 'admin@zhixun.com', 'SUPER_ADMIN', 1, '知讯平台官方账号，致力于打造优质内容社区', 8, 156, 5, '2026-06-23 09:00:00', '2026-01-01 00:00:00', '2026-06-23 09:00:00'),

-- 运营管理员
(2, 'operator', '$2a$10$N9qo8uLOickgx2ZMRZoMyeIjZAgcfl7p92ldGxad68LJZdL17lhWy', '运营小编', 'https://picsum.photos/seed/user2/200/200', 'operator@zhixun.com', 'ADMIN', 1, '知讯运营团队，负责内容推荐与社区管理', 5, 89, 3, '2026-06-23 08:30:00', '2026-01-15 10:00:00', '2026-06-23 08:30:00'),

-- 普通用户 - 技术领域创作者
(3, 'techmaster', '$2a$10$N9qo8uLOickgx2ZMRZoMyeIjZAgcfl7p92ldGxad68LJZdL17lhWy', '代码匠人', 'https://picsum.photos/seed/user3/200/200', 'techmaster@example.com', 'USER', 1, '全栈开发者，10年编程经验，热爱分享技术心得', 12, 234, 8, '2026-06-22 21:15:00', '2026-02-01 08:00:00', '2026-06-22 21:15:00'),
(4, 'ailab', '$2a$10$N9qo8uLOickgx2ZMRZoMyeIjZAgcfl7p92ldGxad68LJZdL17lhWy', 'AI前沿实验室', 'https://picsum.photos/seed/user4/200/200', 'ailab@example.com', 'USER', 1, '专注人工智能与深度学习研究，追踪行业最新动态', 8, 312, 6, '2026-06-23 07:45:00', '2026-02-10 14:00:00', '2026-06-23 07:45:00'),
(5, 'frontendgirl', '$2a$10$N9qo8uLOickgx2ZMRZoMyeIjZAgcfl7p92ldGxad68LJZdL17lhWy', '前端小仙女', 'https://picsum.photos/seed/user5/200/200', 'frontend@example.com', 'USER', 1, '前端开发工程师，Vue/React 双修，UI 设计爱好者', 15, 178, 7, '2026-06-22 19:30:00', '2026-02-15 09:00:00', '2026-06-22 19:30:00'),

-- 普通用户 - 生活/文化领域创作者
(6, 'bookworm', '$2a$10$N9qo8uLOickgx2ZMRZoMyeIjZAgcfl7p92ldGxad68LJZdL17lhWy', '书虫阿墨', 'https://picsum.photos/seed/user6/200/200', 'bookworm@example.com', 'USER', 1, '阅读爱好者，每年阅读100+本书，分享读书笔记与思考', 20, 425, 10, '2026-06-23 06:00:00', '2026-01-20 11:00:00', '2026-06-23 06:00:00'),
(7, 'travelnote', '$2a$10$N9qo8uLOickgx2ZMRZoMyeIjZAgcfl7p92ldGxad68LJZdL17lhWy', '行走的镜头', 'https://picsum.photos/seed/user7/200/200', 'travel@example.com', 'USER', 1, '环球旅行博主，用镜头记录世界的每一个角落', 18, 567, 9, '2026-06-22 16:20:00', '2026-03-01 08:00:00', '2026-06-22 16:20:00'),
(8, 'foodie', '$2a$10$N9qo8uLOickgx2ZMRZoMyeIjZAgcfl7p92ldGxad68LJZdL17lhWy', '味蕾探险家', 'https://picsum.photos/seed/user8/200/200', 'foodie@example.com', 'USER', 1, '美食博主，探寻城市角落里的地道风味', 10, 289, 6, '2026-06-21 20:00:00', '2026-03-10 12:00:00', '2026-06-21 20:00:00'),

-- 普通用户 - 商业/职场领域创作者
(9, 'startuphero', '$2a$10$N9qo8uLOickgx2ZMRZoMyeIjZAgcfl7p92ldGxad68LJZdL17lhWy', '创业笔记', 'https://picsum.photos/seed/user9/200/200', 'startup@example.com', 'USER', 1, '连续创业者，分享创业路上的经验与教训', 6, 198, 5, '2026-06-22 14:00:00', '2026-03-15 10:00:00', '2026-06-22 14:00:00'),
(10, 'designpro', '$2a$10$N9qo8uLOickgx2ZMRZoMyeIjZAgcfl7p92ldGxad68LJZdL17lhWy', '设计达人', 'https://picsum.photos/seed/user10/200/200', 'design@example.com', 'USER', 1, '资深UI/UX设计师，关注设计趋势与用户体验', 9, 156, 5, '2026-06-22 11:30:00', '2026-03-20 09:00:00', '2026-06-22 11:30:00'),

-- 普通用户 - 活跃读者
(11, 'reader01', '$2a$10$N9qo8uLOickgx2ZMRZoMyeIjZAgcfl7p92ldGxad68LJZdL17lhWy', '小明同学', 'https://picsum.photos/seed/user11/200/200', 'reader01@example.com', 'USER', 1, '热爱学习的大学生，对技术和设计都很感兴趣', 22, 15, 2, '2026-06-23 08:00:00', '2026-04-01 14:00:00', '2026-06-23 08:00:00'),
(12, 'reader02', '$2a$10$N9qo8uLOickgx2ZMRZoMyeIjZAgcfl7p92ldGxad68LJZdL17lhWy', '职场新人Amy', 'https://picsum.photos/seed/user12/200/200', 'reader02@example.com', 'USER', 1, '互联网行业新人，努力成长中', 18, 8, 1, '2026-06-22 22:00:00', '2026-04-10 16:00:00', '2026-06-22 22:00:00'),
(13, 'reader03', '$2a$10$N9qo8uLOickgx2ZMRZoMyeIjZAgcfl7p92ldGxad68LJZdL17lhWy', '数据分析师Leo', 'https://picsum.photos/seed/user13/200/200', 'reader03@example.com', 'USER', 1, '数据驱动决策的践行者', 10, 22, 3, '2026-06-22 18:45:00', '2026-04-15 10:00:00', '2026-06-22 18:45:00'),
(14, 'reader04', '$2a$10$N9qo8uLOickgx2ZMRZoMyeIjZAgcfl7p92ldGxad68LJZdL17lhWy', '健身达人小刚', 'https://picsum.photos/seed/user14/200/200', 'reader04@example.com', 'USER', 1, '健身爱好者，分享运动与生活方式', 5, 35, 2, '2026-06-21 07:00:00', '2026-05-01 08:00:00', '2026-06-21 07:00:00'),
(15, 'reader05', '$2a$10$N9qo8uLOickgx2ZMRZoMyeIjZAgcfl7p92ldGxad68LJZdL17lhWy', '文艺青年小雪', 'https://picsum.photos/seed/user15/200/200', 'reader05@example.com', 'USER', 1, '喜欢摄影、绘画和一切美好的事物', 8, 12, 1, '2026-06-20 20:30:00', '2026-05-05 11:00:00', '2026-06-20 20:30:00');


-- ============================================================
-- 2. 分类数据
-- ============================================================

INSERT INTO cms_category (id, parent_id, name, icon, sort_order, status, created_at, updated_at) VALUES
-- ===== 顶级分类 (6) =====
(1, 0, '基础生存与资源', '🌍', 1, 1, '2026-01-01 00:00:00', '2026-06-23 00:00:00'),
(2, 0, '制造与技术', '⚙️', 2, 1, '2026-01-01 00:00:00', '2026-06-23 00:00:00'),
(3, 0, '社会服务与经济', '🏛️', 3, 1, '2026-01-01 00:00:00', '2026-06-23 00:00:00'),
(4, 0, '文化与精神生活', '🎭', 4, 1, '2026-01-01 00:00:00', '2026-06-23 00:00:00'),
(5, 0, '基础自然科学', '🔬', 5, 1, '2026-01-01 00:00:00', '2026-06-23 00:00:00'),
(6, 0, '新兴与交叉领域', '🚀', 6, 1, '2026-01-01 00:00:00', '2026-06-23 00:00:00'),

-- ===== 二级分类 (29) =====
(7, 1, '农业', '🌾', 1, 1, '2026-01-01 00:00:00', '2026-06-23 00:00:00'),
(8, 1, '能源与动力', '⚡', 2, 1, '2026-01-01 00:00:00', '2026-06-23 00:00:00'),
(9, 1, '水利与环境', '💧', 3, 1, '2026-01-01 00:00:00', '2026-06-23 00:00:00'),
(10, 1, '建筑与土木', '🏗️', 4, 1, '2026-01-01 00:00:00', '2026-06-23 00:00:00'),
(11, 2, '工业制造', '🔧', 1, 1, '2026-01-01 00:00:00', '2026-06-23 00:00:00'),
(12, 2, '材料与化工', '🧪', 2, 1, '2026-01-01 00:00:00', '2026-06-23 00:00:00'),
(13, 2, '电子与通信', '📡', 3, 1, '2026-01-01 00:00:00', '2026-06-23 00:00:00'),
(14, 2, '计算机与信息技术', '💻', 4, 1, '2026-01-01 00:00:00', '2026-06-23 00:00:00'),
(15, 2, '交通运输', '🚄', 5, 1, '2026-01-01 00:00:00', '2026-06-23 00:00:00'),
(16, 3, '经济与金融', '💰', 1, 1, '2026-01-01 00:00:00', '2026-06-23 00:00:00'),
(17, 3, '商业与管理', '📊', 2, 1, '2026-01-01 00:00:00', '2026-06-23 00:00:00'),
(18, 3, '法律与政治', '⚖️', 3, 1, '2026-01-01 00:00:00', '2026-06-23 00:00:00'),
(19, 3, '教育与培训', '📖', 4, 1, '2026-01-01 00:00:00', '2026-06-23 00:00:00'),
(20, 3, '医疗与健康', '🏥', 5, 1, '2026-01-01 00:00:00', '2026-06-23 00:00:00'),
(21, 3, '媒体与传播', '📺', 6, 1, '2026-01-01 00:00:00', '2026-06-23 00:00:00'),
(22, 4, '文学与语言', '✍️', 1, 1, '2026-01-01 00:00:00', '2026-06-23 00:00:00'),
(23, 4, '艺术与表演', '🎨', 2, 1, '2026-01-01 00:00:00', '2026-06-23 00:00:00'),
(24, 4, '历史与哲学', '📜', 3, 1, '2026-01-01 00:00:00', '2026-06-23 00:00:00'),
(25, 4, '体育与休闲', '⚽', 4, 1, '2026-01-01 00:00:00', '2026-06-23 00:00:00'),
(26, 4, '心理与认知', '🧠', 5, 1, '2026-01-01 00:00:00', '2026-06-23 00:00:00'),
(27, 5, '数学', '📐', 1, 1, '2026-01-01 00:00:00', '2026-06-23 00:00:00'),
(28, 5, '物理学', '🔭', 2, 1, '2026-01-01 00:00:00', '2026-06-23 00:00:00'),
(29, 5, '化学', '⚗️', 3, 1, '2026-01-01 00:00:00', '2026-06-23 00:00:00'),
(30, 5, '生物学', '🧬', 4, 1, '2026-01-01 00:00:00', '2026-06-23 00:00:00'),
(31, 5, '天文学与地球科学', '🌌', 5, 1, '2026-01-01 00:00:00', '2026-06-23 00:00:00'),
(32, 6, '可持续发展', '♻️', 1, 1, '2026-01-01 00:00:00', '2026-06-23 00:00:00'),
(33, 6, '生命科技融合', '🧬', 2, 1, '2026-01-01 00:00:00', '2026-06-23 00:00:00'),
(34, 6, '智能社会', '🏙️', 3, 1, '2026-01-01 00:00:00', '2026-06-23 00:00:00'),
(35, 6, '太空经济', '🛸', 4, 1, '2026-01-01 00:00:00', '2026-06-23 00:00:00'),

-- ===== 三级分类 (165) =====
(36, 7, '种植业', '🌱', 1, 1, '2026-01-01 00:00:00', '2026-06-23 00:00:00'),
(37, 7, '畜牧业', '🐄', 2, 1, '2026-01-01 00:00:00', '2026-06-23 00:00:00'),
(38, 7, '渔业', '🐟', 3, 1, '2026-01-01 00:00:00', '2026-06-23 00:00:00'),
(39, 7, '林业', '🌲', 4, 1, '2026-01-01 00:00:00', '2026-06-23 00:00:00'),
(40, 7, '农业科技', '🚜', 5, 1, '2026-01-01 00:00:00', '2026-06-23 00:00:00'),
(41, 7, '土壤学', '🪨', 6, 1, '2026-01-01 00:00:00', '2026-06-23 00:00:00'),
(42, 8, '石油天然气', '🛢️', 1, 1, '2026-01-01 00:00:00', '2026-06-23 00:00:00'),
(43, 8, '煤炭', '⛏️', 2, 1, '2026-01-01 00:00:00', '2026-06-23 00:00:00'),
(44, 8, '电力', '🔌', 3, 1, '2026-01-01 00:00:00', '2026-06-23 00:00:00'),
(45, 8, '新能源', '☀️', 4, 1, '2026-01-01 00:00:00', '2026-06-23 00:00:00'),
(46, 8, '储能技术', '🔋', 5, 1, '2026-01-01 00:00:00', '2026-06-23 00:00:00'),
(47, 8, '热力学', '🌡️', 6, 1, '2026-01-01 00:00:00', '2026-06-23 00:00:00'),
(48, 9, '水资源管理', '🚰', 1, 1, '2026-01-01 00:00:00', '2026-06-23 00:00:00'),
(49, 9, '污水处理', '🚿', 2, 1, '2026-01-01 00:00:00', '2026-06-23 00:00:00'),
(50, 9, '气象学', '🌤️', 3, 1, '2026-01-01 00:00:00', '2026-06-23 00:00:00'),
(51, 9, '海洋学', '🌊', 4, 1, '2026-01-01 00:00:00', '2026-06-23 00:00:00'),
(52, 9, '地质勘探', '🏔️', 5, 1, '2026-01-01 00:00:00', '2026-06-23 00:00:00'),
(53, 9, '采矿工程', '⚒️', 6, 1, '2026-01-01 00:00:00', '2026-06-23 00:00:00'),
(54, 10, '城市规划', '🗺️', 1, 1, '2026-01-01 00:00:00', '2026-06-23 00:00:00'),
(55, 10, '建筑设计', '🏛️', 2, 1, '2026-01-01 00:00:00', '2026-06-23 00:00:00'),
(56, 10, '结构工程', '🌉', 3, 1, '2026-01-01 00:00:00', '2026-06-23 00:00:00'),
(57, 10, '道路桥梁', '🛤️', 4, 1, '2026-01-01 00:00:00', '2026-06-23 00:00:00'),
(58, 10, '房地产', '🏠', 5, 1, '2026-01-01 00:00:00', '2026-06-23 00:00:00'),
(59, 10, '室内设计', '🛋️', 6, 1, '2026-01-01 00:00:00', '2026-06-23 00:00:00'),
(60, 11, '机械工程', '⚙️', 1, 1, '2026-01-01 00:00:00', '2026-06-23 00:00:00'),
(61, 11, '汽车工程', '🚗', 2, 1, '2026-01-01 00:00:00', '2026-06-23 00:00:00'),
(62, 11, '航空航天制造', '✈️', 3, 1, '2026-01-01 00:00:00', '2026-06-23 00:00:00'),
(63, 11, '船舶工程', '🚢', 4, 1, '2026-01-01 00:00:00', '2026-06-23 00:00:00'),
(64, 11, '精密仪器', '🔬', 5, 1, '2026-01-01 00:00:00', '2026-06-23 00:00:00'),
(65, 11, '自动化与机器人', '🤖', 6, 1, '2026-01-01 00:00:00', '2026-06-23 00:00:00'),
(66, 12, '高分子材料', '🧫', 1, 1, '2026-01-01 00:00:00', '2026-06-23 00:00:00'),
(67, 12, '冶金', '🔥', 2, 1, '2026-01-01 00:00:00', '2026-06-23 00:00:00'),
(68, 12, '纳米技术', '🔮', 3, 1, '2026-01-01 00:00:00', '2026-06-23 00:00:00'),
(69, 12, '化学工程', '⚗️', 4, 1, '2026-01-01 00:00:00', '2026-06-23 00:00:00'),
(70, 12, '制药工程', '💊', 5, 1, '2026-01-01 00:00:00', '2026-06-23 00:00:00'),
(71, 12, '纺织印染', '🧵', 6, 1, '2026-01-01 00:00:00', '2026-06-23 00:00:00'),
(72, 13, '半导体与芯片', '🔲', 1, 1, '2026-01-01 00:00:00', '2026-06-23 00:00:00'),
(73, 13, '集成电路', '📶', 2, 1, '2026-01-01 00:00:00', '2026-06-23 00:00:00'),
(74, 13, '5G与6G通信', '📱', 3, 1, '2026-01-01 00:00:00', '2026-06-23 00:00:00'),
(75, 13, '光纤技术', '💡', 4, 1, '2026-01-01 00:00:00', '2026-06-23 00:00:00'),
(76, 13, '消费电子', '🎧', 5, 1, '2026-01-01 00:00:00', '2026-06-23 00:00:00'),
(77, 13, '物联网', '📡', 6, 1, '2026-01-01 00:00:00', '2026-06-23 00:00:00'),
(78, 14, '软件工程', '💻', 1, 1, '2026-01-01 00:00:00', '2026-06-23 00:00:00'),
(79, 14, '人工智能', '🤖', 2, 1, '2026-01-01 00:00:00', '2026-06-23 00:00:00'),
(80, 14, '网络安全', '🛡️', 3, 1, '2026-01-01 00:00:00', '2026-06-23 00:00:00'),
(81, 14, '云计算', '☁️', 4, 1, '2026-01-01 00:00:00', '2026-06-23 00:00:00'),
(82, 14, '大数据', '📊', 5, 1, '2026-01-01 00:00:00', '2026-06-23 00:00:00'),
(83, 14, '区块链', '🔗', 6, 1, '2026-01-01 00:00:00', '2026-06-23 00:00:00'),
(84, 14, '人机交互', '🖱️', 7, 1, '2026-01-01 00:00:00', '2026-06-23 00:00:00'),
(85, 15, '物流供应链', '📦', 1, 1, '2026-01-01 00:00:00', '2026-06-23 00:00:00'),
(86, 15, '轨道交通', '🚇', 2, 1, '2026-01-01 00:00:00', '2026-06-23 00:00:00'),
(87, 15, '航空运输', '✈️', 3, 1, '2026-01-01 00:00:00', '2026-06-23 00:00:00'),
(88, 15, '海事航运', '⚓', 4, 1, '2026-01-01 00:00:00', '2026-06-23 00:00:00'),
(89, 15, '交通工程', '🚦', 5, 1, '2026-01-01 00:00:00', '2026-06-23 00:00:00'),
(90, 16, '宏观经济', '📈', 1, 1, '2026-01-01 00:00:00', '2026-06-23 00:00:00'),
(91, 16, '国际贸易', '🌐', 2, 1, '2026-01-01 00:00:00', '2026-06-23 00:00:00'),
(92, 16, '银行证券', '🏦', 3, 1, '2026-01-01 00:00:00', '2026-06-23 00:00:00'),
(93, 16, '保险精算', '📋', 4, 1, '2026-01-01 00:00:00', '2026-06-23 00:00:00'),
(94, 16, '会计学', '📒', 5, 1, '2026-01-01 00:00:00', '2026-06-23 00:00:00'),
(95, 16, '税务', '🧾', 6, 1, '2026-01-01 00:00:00', '2026-06-23 00:00:00'),
(96, 16, '金融科技', '💳', 7, 1, '2026-01-01 00:00:00', '2026-06-23 00:00:00'),
(97, 17, '市场营销', '📣', 1, 1, '2026-01-01 00:00:00', '2026-06-23 00:00:00'),
(98, 17, '人力资源', '👥', 2, 1, '2026-01-01 00:00:00', '2026-06-23 00:00:00'),
(99, 17, '战略规划', '🎯', 3, 1, '2026-01-01 00:00:00', '2026-06-23 00:00:00'),
(100, 17, '创业创新', '💡', 4, 1, '2026-01-01 00:00:00', '2026-06-23 00:00:00'),
(101, 17, '项目管理', '📋', 5, 1, '2026-01-01 00:00:00', '2026-06-23 00:00:00'),
(102, 17, '电子商务', '🛒', 6, 1, '2026-01-01 00:00:00', '2026-06-23 00:00:00'),
(103, 18, '法学', '⚖️', 1, 1, '2026-01-01 00:00:00', '2026-06-23 00:00:00'),
(104, 18, '公共行政', '🏛️', 2, 1, '2026-01-01 00:00:00', '2026-06-23 00:00:00'),
(105, 18, '国际关系', '🌍', 3, 1, '2026-01-01 00:00:00', '2026-06-23 00:00:00'),
(106, 18, '社会学', '🤝', 4, 1, '2026-01-01 00:00:00', '2026-06-23 00:00:00'),
(107, 18, '人类学', '🦴', 5, 1, '2026-01-01 00:00:00', '2026-06-23 00:00:00'),
(108, 18, '公共政策', '📜', 6, 1, '2026-01-01 00:00:00', '2026-06-23 00:00:00'),
(109, 19, '学前教育', '🧒', 1, 1, '2026-01-01 00:00:00', '2026-06-23 00:00:00'),
(110, 19, '基础教育', '📚', 2, 1, '2026-01-01 00:00:00', '2026-06-23 00:00:00'),
(111, 19, '高等教育', '🎓', 3, 1, '2026-01-01 00:00:00', '2026-06-23 00:00:00'),
(112, 19, '职业教育', '🔧', 4, 1, '2026-01-01 00:00:00', '2026-06-23 00:00:00'),
(113, 19, '特殊教育', '❤️', 5, 1, '2026-01-01 00:00:00', '2026-06-23 00:00:00'),
(114, 19, '教育心理学', '🧠', 6, 1, '2026-01-01 00:00:00', '2026-06-23 00:00:00'),
(115, 20, '临床医学', '🩺', 1, 1, '2026-01-01 00:00:00', '2026-06-23 00:00:00'),
(116, 20, '护理学', '👩‍⚕️', 2, 1, '2026-01-01 00:00:00', '2026-06-23 00:00:00'),
(117, 20, '药学', '💊', 3, 1, '2026-01-01 00:00:00', '2026-06-23 00:00:00'),
(118, 20, '公共卫生', '🏥', 4, 1, '2026-01-01 00:00:00', '2026-06-23 00:00:00'),
(119, 20, '康复医学', '🏋️', 5, 1, '2026-01-01 00:00:00', '2026-06-23 00:00:00'),
(120, 20, '中医学', '🌿', 6, 1, '2026-01-01 00:00:00', '2026-06-23 00:00:00'),
(121, 20, '生物技术', '🧬', 7, 1, '2026-01-01 00:00:00', '2026-06-23 00:00:00'),
(122, 21, '新闻学', '📰', 1, 1, '2026-01-01 00:00:00', '2026-06-23 00:00:00'),
(123, 21, '广告公关', '📢', 2, 1, '2026-01-01 00:00:00', '2026-06-23 00:00:00'),
(124, 21, '影视制作', '🎬', 3, 1, '2026-01-01 00:00:00', '2026-06-23 00:00:00'),
(125, 21, '出版发行', '📕', 4, 1, '2026-01-01 00:00:00', '2026-06-23 00:00:00'),
(126, 21, '数字媒体', '💻', 5, 1, '2026-01-01 00:00:00', '2026-06-23 00:00:00'),
(127, 21, '翻译', '🌐', 6, 1, '2026-01-01 00:00:00', '2026-06-23 00:00:00'),
(128, 22, '语言学', '🗣️', 1, 1, '2026-01-01 00:00:00', '2026-06-23 00:00:00'),
(129, 22, '比较文学', '📖', 2, 1, '2026-01-01 00:00:00', '2026-06-23 00:00:00'),
(130, 22, '创意写作', '✏️', 3, 1, '2026-01-01 00:00:00', '2026-06-23 00:00:00'),
(131, 22, '诗歌', '🕊️', 4, 1, '2026-01-01 00:00:00', '2026-06-23 00:00:00'),
(132, 22, '古典文献', '📜', 5, 1, '2026-01-01 00:00:00', '2026-06-23 00:00:00'),
(133, 23, '美术', '🖼️', 1, 1, '2026-01-01 00:00:00', '2026-06-23 00:00:00'),
(134, 23, '音乐', '🎵', 2, 1, '2026-01-01 00:00:00', '2026-06-23 00:00:00'),
(135, 23, '舞蹈', '💃', 3, 1, '2026-01-01 00:00:00', '2026-06-23 00:00:00'),
(136, 23, '戏剧戏曲', '🎭', 4, 1, '2026-01-01 00:00:00', '2026-06-23 00:00:00'),
(137, 23, '摄影', '📷', 5, 1, '2026-01-01 00:00:00', '2026-06-23 00:00:00'),
(138, 23, '电影艺术', '🎥', 6, 1, '2026-01-01 00:00:00', '2026-06-23 00:00:00'),
(139, 24, '考古学', '🏺', 1, 1, '2026-01-01 00:00:00', '2026-06-23 00:00:00'),
(140, 24, '世界史', '🗺️', 2, 1, '2026-01-01 00:00:00', '2026-06-23 00:00:00'),
(141, 24, '伦理学', '⚖️', 3, 1, '2026-01-01 00:00:00', '2026-06-23 00:00:00'),
(142, 24, '逻辑学', '🧩', 4, 1, '2026-01-01 00:00:00', '2026-06-23 00:00:00'),
(143, 24, '美学', '🌸', 5, 1, '2026-01-01 00:00:00', '2026-06-23 00:00:00'),
(144, 24, '宗教学', '🕯️', 6, 1, '2026-01-01 00:00:00', '2026-06-23 00:00:00'),
(145, 25, '竞技体育', '🏆', 1, 1, '2026-01-01 00:00:00', '2026-06-23 00:00:00'),
(146, 25, '运动训练', '🏃', 2, 1, '2026-01-01 00:00:00', '2026-06-23 00:00:00'),
(147, 25, '旅游管理', '✈️', 3, 1, '2026-01-01 00:00:00', '2026-06-23 00:00:00'),
(148, 25, '酒店管理', '🏨', 4, 1, '2026-01-01 00:00:00', '2026-06-23 00:00:00'),
(149, 25, '游戏设计', '🎮', 5, 1, '2026-01-01 00:00:00', '2026-06-23 00:00:00'),
(150, 25, '园艺', '🌺', 6, 1, '2026-01-01 00:00:00', '2026-06-23 00:00:00'),
(151, 26, '临床心理学', '🛋️', 1, 1, '2026-01-01 00:00:00', '2026-06-23 00:00:00'),
(152, 26, '认知科学', '🧠', 2, 1, '2026-01-01 00:00:00', '2026-06-23 00:00:00'),
(153, 26, '神经科学', '🔬', 3, 1, '2026-01-01 00:00:00', '2026-06-23 00:00:00'),
(154, 26, '心理咨询', '💬', 4, 1, '2026-01-01 00:00:00', '2026-06-23 00:00:00'),
(155, 26, '行为科学', '📊', 5, 1, '2026-01-01 00:00:00', '2026-06-23 00:00:00'),
(156, 27, '代数', '🔢', 1, 1, '2026-01-01 00:00:00', '2026-06-23 00:00:00'),
(157, 27, '几何', '📐', 2, 1, '2026-01-01 00:00:00', '2026-06-23 00:00:00'),
(158, 27, '分析', '📈', 3, 1, '2026-01-01 00:00:00', '2026-06-23 00:00:00'),
(159, 27, '概率统计', '🎲', 4, 1, '2026-01-01 00:00:00', '2026-06-23 00:00:00'),
(160, 27, '拓扑学', '🔵', 5, 1, '2026-01-01 00:00:00', '2026-06-23 00:00:00'),
(161, 27, '应用数学', '🧮', 6, 1, '2026-01-01 00:00:00', '2026-06-23 00:00:00'),
(162, 28, '力学', '⚡', 1, 1, '2026-01-01 00:00:00', '2026-06-23 00:00:00'),
(163, 28, '电磁学', '🧲', 2, 1, '2026-01-01 00:00:00', '2026-06-23 00:00:00'),
(164, 28, '量子物理', '⚛️', 3, 1, '2026-01-01 00:00:00', '2026-06-23 00:00:00'),
(165, 28, '相对论', '🌀', 4, 1, '2026-01-01 00:00:00', '2026-06-23 00:00:00'),
(166, 28, '光学', '🌈', 5, 1, '2026-01-01 00:00:00', '2026-06-23 00:00:00'),
(167, 28, '凝聚态物理', '❄️', 6, 1, '2026-01-01 00:00:00', '2026-06-23 00:00:00'),
(168, 29, '有机化学', '🧪', 1, 1, '2026-01-01 00:00:00', '2026-06-23 00:00:00'),
(169, 29, '无机化学', '⚗️', 2, 1, '2026-01-01 00:00:00', '2026-06-23 00:00:00'),
(170, 29, '物理化学', '🔬', 3, 1, '2026-01-01 00:00:00', '2026-06-23 00:00:00'),
(171, 29, '分析化学', '📊', 4, 1, '2026-01-01 00:00:00', '2026-06-23 00:00:00'),
(172, 29, '生物化学', '🧬', 5, 1, '2026-01-01 00:00:00', '2026-06-23 00:00:00'),
(173, 30, '分子生物学', '🔬', 1, 1, '2026-01-01 00:00:00', '2026-06-23 00:00:00'),
(174, 30, '遗传学', '🧬', 2, 1, '2026-01-01 00:00:00', '2026-06-23 00:00:00'),
(175, 30, '生态学', '🌿', 3, 1, '2026-01-01 00:00:00', '2026-06-23 00:00:00'),
(176, 30, '进化论', '🦎', 4, 1, '2026-01-01 00:00:00', '2026-06-23 00:00:00'),
(177, 30, '微生物学', '🦠', 5, 1, '2026-01-01 00:00:00', '2026-06-23 00:00:00'),
(178, 30, '动物学', '🐘', 6, 1, '2026-01-01 00:00:00', '2026-06-23 00:00:00'),
(179, 30, '植物学', '🌻', 7, 1, '2026-01-01 00:00:00', '2026-06-23 00:00:00'),
(180, 31, '天体物理', '🌌', 1, 1, '2026-01-01 00:00:00', '2026-06-23 00:00:00'),
(181, 31, '宇宙学', '🌠', 2, 1, '2026-01-01 00:00:00', '2026-06-23 00:00:00'),
(182, 31, '地理学', '🗺️', 3, 1, '2026-01-01 00:00:00', '2026-06-23 00:00:00'),
(183, 31, '大气科学', '🌤️', 4, 1, '2026-01-01 00:00:00', '2026-06-23 00:00:00'),
(184, 31, '古生物学', '🦕', 5, 1, '2026-01-01 00:00:00', '2026-06-23 00:00:00'),
(185, 32, '碳中和', '🌱', 1, 1, '2026-01-01 00:00:00', '2026-06-23 00:00:00'),
(186, 32, 'ESG', '📊', 2, 1, '2026-01-01 00:00:00', '2026-06-23 00:00:00'),
(187, 32, '循环经济', '♻️', 3, 1, '2026-01-01 00:00:00', '2026-06-23 00:00:00'),
(188, 32, '绿色建筑', '🏢', 4, 1, '2026-01-01 00:00:00', '2026-06-23 00:00:00'),
(189, 33, '脑机接口', '🧠', 1, 1, '2026-01-01 00:00:00', '2026-06-23 00:00:00'),
(190, 33, '合成生物学', '🧫', 2, 1, '2026-01-01 00:00:00', '2026-06-23 00:00:00'),
(191, 33, '基因编辑', '✂️', 3, 1, '2026-01-01 00:00:00', '2026-06-23 00:00:00'),
(192, 33, '生物信息学', '💻', 4, 1, '2026-01-01 00:00:00', '2026-06-23 00:00:00'),
(193, 34, '智慧城市', '🏙️', 1, 1, '2026-01-01 00:00:00', '2026-06-23 00:00:00'),
(194, 34, '自动驾驶', '🚗', 2, 1, '2026-01-01 00:00:00', '2026-06-23 00:00:00'),
(195, 34, '元宇宙与空间计算', '🥽', 3, 1, '2026-01-01 00:00:00', '2026-06-23 00:00:00'),
(196, 34, '数字孪生', '🔄', 4, 1, '2026-01-01 00:00:00', '2026-06-23 00:00:00'),
(197, 35, '商业航天', '🚀', 1, 1, '2026-01-01 00:00:00', '2026-06-23 00:00:00'),
(198, 35, '卫星互联网', '🛰️', 2, 1, '2026-01-01 00:00:00', '2026-06-23 00:00:00'),
(199, 35, '太空旅游', '🌌', 3, 1, '2026-01-01 00:00:00', '2026-06-23 00:00:00'),
(200, 35, '地外资源开发', '☄️', 4, 1, '2026-01-01 00:00:00', '2026-06-23 00:00:00');


-- ============================================================
-- 3. 标签数据
-- ============================================================

INSERT INTO cms_tag (id, name, article_count, created_at) VALUES
(1, 'JavaScript', 0, '2026-01-01 00:00:00'),
(2, 'Python', 0, '2026-01-01 00:00:00'),
(3, 'Java', 0, '2026-01-01 00:00:00'),
(4, 'TypeScript', 0, '2026-01-01 00:00:00'),
(5, 'Go', 0, '2026-01-01 00:00:00'),
(6, 'Rust', 0, '2026-01-01 00:00:00'),
(7, 'C++', 0, '2026-01-01 00:00:00'),
(8, 'Vue.js', 0, '2026-01-01 00:00:00'),
(9, 'React', 0, '2026-01-01 00:00:00'),
(10, 'Spring Boot', 0, '2026-01-01 00:00:00'),
(11, 'Node.js', 0, '2026-01-01 00:00:00'),
(12, 'Nuxt', 0, '2026-01-01 00:00:00'),
(13, '人工智能', 0, '2026-01-01 00:00:00'),
(14, '深度学习', 0, '2026-01-01 00:00:00'),
(15, '大模型', 0, '2026-01-01 00:00:00'),
(16, '机器学习', 0, '2026-01-01 00:00:00'),
(17, '自然语言处理', 0, '2026-01-01 00:00:00'),
(18, '计算机视觉', 0, '2026-01-01 00:00:00'),
(19, '数据分析', 0, '2026-01-01 00:00:00'),
(20, '数据可视化', 0, '2026-01-01 00:00:00'),
(21, '前端开发', 0, '2026-01-01 00:00:00'),
(22, '后端开发', 0, '2026-01-01 00:00:00'),
(23, '微服务', 0, '2026-01-01 00:00:00'),
(24, 'DevOps', 0, '2026-01-01 00:00:00'),
(25, 'Docker', 0, '2026-01-01 00:00:00'),
(26, '云计算', 0, '2026-01-01 00:00:00'),
(27, '网络安全', 0, '2026-01-01 00:00:00'),
(28, '区块链', 0, '2026-01-01 00:00:00'),
(29, '物联网', 0, '2026-01-01 00:00:00'),
(30, '5G通信', 0, '2026-01-01 00:00:00'),
(31, '半导体', 0, '2026-01-01 00:00:00'),
(32, '性能优化', 0, '2026-01-01 00:00:00'),
(33, '架构设计', 0, '2026-01-01 00:00:00'),
(34, '量子计算', 0, '2026-01-01 00:00:00'),
(35, '物理学', 0, '2026-01-01 00:00:00'),
(36, '数学', 0, '2026-01-01 00:00:00'),
(37, '生物学', 0, '2026-01-01 00:00:00'),
(38, '化学', 0, '2026-01-01 00:00:00'),
(39, '天文学', 0, '2026-01-01 00:00:00'),
(40, '神经科学', 0, '2026-01-01 00:00:00'),
(41, '基因编辑', 0, '2026-01-01 00:00:00'),
(42, '生态学', 0, '2026-01-01 00:00:00'),
(43, '新能源', 0, '2026-01-01 00:00:00'),
(44, '碳中和', 0, '2026-01-01 00:00:00'),
(45, '可持续发展', 0, '2026-01-01 00:00:00'),
(46, '储能技术', 0, '2026-01-01 00:00:00'),
(47, '环境保护', 0, '2026-01-01 00:00:00'),
(48, '宏观经济', 0, '2026-01-01 00:00:00'),
(49, '金融科技', 0, '2026-01-01 00:00:00'),
(50, '创业', 0, '2026-01-01 00:00:00'),
(51, '市场营销', 0, '2026-01-01 00:00:00'),
(52, '项目管理', 0, '2026-01-01 00:00:00'),
(53, '电子商务', 0, '2026-01-01 00:00:00'),
(54, '投资理财', 0, '2026-01-01 00:00:00'),
(55, '供应链', 0, '2026-01-01 00:00:00'),
(56, 'UI设计', 0, '2026-01-01 00:00:00'),
(57, 'UX研究', 0, '2026-01-01 00:00:00'),
(58, 'Figma', 0, '2026-01-01 00:00:00'),
(59, '平面设计', 0, '2026-01-01 00:00:00'),
(60, '摄影', 0, '2026-01-01 00:00:00'),
(61, '影视制作', 0, '2026-01-01 00:00:00'),
(62, '心理学', 0, '2026-01-01 00:00:00'),
(63, '哲学', 0, '2026-01-01 00:00:00'),
(64, '历史', 0, '2026-01-01 00:00:00'),
(65, '社会学', 0, '2026-01-01 00:00:00'),
(66, '文学', 0, '2026-01-01 00:00:00'),
(67, '语言学', 0, '2026-01-01 00:00:00'),
(68, '教育学', 0, '2026-01-01 00:00:00'),
(69, '法学', 0, '2026-01-01 00:00:00'),
(70, '临床医学', 0, '2026-01-01 00:00:00'),
(71, '中医', 0, '2026-01-01 00:00:00'),
(72, '公共卫生', 0, '2026-01-01 00:00:00'),
(73, '健康管理', 0, '2026-01-01 00:00:00'),
(74, '运动科学', 0, '2026-01-01 00:00:00'),
(75, '机械工程', 0, '2026-01-01 00:00:00'),
(76, '汽车工程', 0, '2026-01-01 00:00:00'),
(77, '航空航天', 0, '2026-01-01 00:00:00'),
(78, '建筑学', 0, '2026-01-01 00:00:00'),
(79, '土木工程', 0, '2026-01-01 00:00:00'),
(80, '自动化', 0, '2026-01-01 00:00:00'),
(81, '机器人', 0, '2026-01-01 00:00:00'),
(82, '材料科学', 0, '2026-01-01 00:00:00'),
(83, '自动驾驶', 0, '2026-01-01 00:00:00'),
(84, '智慧城市', 0, '2026-01-01 00:00:00'),
(85, '元宇宙', 0, '2026-01-01 00:00:00'),
(86, '商业航天', 0, '2026-01-01 00:00:00'),
(87, '脑机接口', 0, '2026-01-01 00:00:00'),
(88, '合成生物学', 0, '2026-01-01 00:00:00'),
(89, '数字孪生', 0, '2026-01-01 00:00:00'),
(90, 'ESG', 0, '2026-01-01 00:00:00'),
(91, '系统思维', 0, '2026-01-01 00:00:00'),
(92, '设计思维', 0, '2026-01-01 00:00:00'),
(93, '敏捷开发', 0, '2026-01-01 00:00:00'),
(94, '精益创业', 0, '2026-01-01 00:00:00'),
(95, '批判性思维', 0, '2026-01-01 00:00:00'),
(96, '读书笔记', 0, '2026-01-01 00:00:00'),
(97, '个人成长', 0, '2026-01-01 00:00:00'),
(98, '职场', 0, '2026-01-01 00:00:00'),
(99, '旅行', 0, '2026-01-01 00:00:00'),
(100, '美食', 0, '2026-01-01 00:00:00'),
(101, '健身', 0, '2026-01-01 00:00:00'),
(102, '极简生活', 0, '2026-01-01 00:00:00'),
(103, '冥想', 0, '2026-01-01 00:00:00'),
(104, '农业科技', 0, '2026-01-01 00:00:00'),
(105, '智能制造', 0, '2026-01-01 00:00:00'),
(106, '数字医疗', 0, '2026-01-01 00:00:00'),
(107, '在线教育', 0, '2026-01-01 00:00:00'),
(108, '新媒体', 0, '2026-01-01 00:00:00'),
(109, '文化产业', 0, '2026-01-01 00:00:00'),
(110, '体育产业', 0, '2026-01-01 00:00:00'),
(111, '海洋经济', 0, '2026-01-01 00:00:00'),
(112, '太空经济', 0, '2026-01-01 00:00:00'),
(113, '人机交互', 0, '2026-01-01 00:00:00'),
(114, '认知科学', 0, '2026-01-01 00:00:00'),
(115, '复杂系统', 0, '2026-01-01 00:00:00'),
(116, '仿生学', 0, '2026-01-01 00:00:00'),
(117, '科学哲学', 0, '2026-01-01 00:00:00'),
(118, '技术伦理', 0, '2026-01-01 00:00:00'),
(119, '科普', 0, '2026-01-01 00:00:00'),
(120, '开源', 0, '2026-01-01 00:00:00');


-- ============================================================
-- 4. 作品数据
-- status=2 表示已发布
-- category_id 均为二级分类
-- ============================================================

INSERT INTO cms_article (id, author_id, category_id, title, summary, content, cover_image, status, is_top, is_recommend, view_count, like_count, comment_count, collect_count, hot_score, publish_at, created_at, updated_at) VALUES
(1, 3, 14, '2026年前端开发趋势：从框架演进到全栈融合',
 '前端技术日新月异，2026年有哪些值得关注的技术趋势？本文从框架演进、构建工具、全栈融合等维度深入分析。',
 '<h2>引言</h2><p>2026年，前端开发领域正在经历一场深刻的变革。从框架的持续演进到全栈开发模式的深度融合，前端工程师的角色正在被重新定义。</p><h2>一、框架演进：三足鼎立的新格局</h2><p>Vue 3.5+ 凭借其渐进式理念和优秀的开发体验，在企业级应用中持续扩大份额。React 19 引入的 Server Components 已经成为主流范式，而 Svelte 5 的 Runes 响应式系统则为性能优先的场景提供了新选择。</p><h2>二、构建工具：Vite 的全面胜利</h2><p>Vite 已经成为事实上的标准构建工具。其基于 ESM 的开发服务器和 Rollup 驱动的生产构建，让开发体验和构建性能达到了前所未有的平衡。</p><h2>三、全栈融合：BFF 到全栈的进化</h2><p>Nuxt 3 和 Next.js 15 的成熟，让前端工程师能够轻松承担全栈开发的角色。API Routes、Server Actions、Edge Functions 等特性，模糊了前后端的边界。</p><h2>四、AI 辅助开发：从概念到日常</h2><p>AI 编程助手已经从"锦上添花"变成了"不可或缺"。从代码补全到架构设计，AI 正在重塑开发者的工作流程。</p><h2>结语</h2><p>前端开发正在走向成熟和融合。保持学习的热情，拥抱变化，才能在这个快速发展的领域中保持竞争力。</p>',
 'https://picsum.photos/seed/art1/800/450',
 2, 0, 1, 3456, 234, 45, 89, 856.5, '2026-01-15 10:00:00', '2026-01-15 00:00:00', '2026-01-15 10:00:00'),
(2, 5, 14, 'Vue 3 组合式API最佳实践：从入门到精通',
 'Vue 3 的组合式API彻底改变了我们组织代码的方式。本文结合实际项目经验，总结出一套可复用的最佳实践模式。',
 '<h2>为什么选择组合式API</h2><p>选项式API虽然直观，但在复杂组件中容易导致逻辑分散。组合式API允许我们按功能组织代码，让相关逻辑聚合在一起，显著提升代码的可维护性。</p><h2>核心模式</h2><h3>1. Composable 函数设计原则</h3><p>每个 Composable 应该遵循单一职责原则，只关注一个功能领域。命名以 use 开头，返回响应式引用和方法。</p><h3>2. 状态管理策略</h3><p>局部状态用 ref/reactive，跨组件共享用 Pinia。避免在 Composable 中直接修改全局状态，通过 action 统一管理。</p><h3>3. 异步数据处理</h3><p>使用 useFetch/useAsyncData 处理服务端数据，配合 Suspense 组件优雅处理加载状态。</p><h2>实战案例</h2><p>以一个完整的用户管理模块为例，展示如何将列表查询、表单验证、权限控制等逻辑拆分为独立的 Composable，然后在组件中组合使用。</p><h2>性能优化技巧</h2><p>合理使用 shallowRef、computed 缓存、watchEffect 的清理函数等特性，避免不必要的响应式开销。</p>',
 'https://picsum.photos/seed/art2/800/450',
 2, 0, 1, 2890, 178, 32, 67, 723.4, '2026-01-20 14:00:00', '2026-01-20 00:00:00', '2026-01-20 14:00:00'),
(3, 3, 14, 'Spring Boot 3 微服务架构实战：从单体到分布式的演进之路',
 '本文以一个电商系统为例，详细讲解如何从单体架构逐步演进到微服务架构，涵盖服务拆分、通信机制、数据一致性等核心问题。',
 '<h2>架构演进的必然性</h2><p>当业务规模增长到一定程度，单体架构的部署效率、团队协作、技术选型灵活性都会遇到瓶颈。微服务不是银弹，但在合适的场景下能显著提升系统的可扩展性和团队效率。</p><h2>服务拆分策略</h2><p>按业务领域拆分是核心原则。我们采用 DDD（领域驱动设计）的方法，识别出用户服务、商品服务、订单服务、支付服务等核心领域。</p><h2>服务间通信</h2><p>同步调用使用 OpenFeign + Resilience4j 实现容错；异步通信使用 RabbitMQ，确保最终一致性。避免分布式事务，采用 Saga 模式处理跨服务业务流程。</p><h2>数据一致性方案</h2><p>每个服务拥有独立数据库，通过事件驱动实现数据同步。使用 Outbox Pattern 确保事件发布的可靠性。</p><h2>可观测性</h2><p>集成 Micrometer + Prometheus + Grafana 实现指标监控，OpenTelemetry 实现分布式链路追踪，ELK 处理日志聚合。</p>',
 'https://picsum.photos/seed/art3/800/450',
 2, 0, 1, 2134, 145, 28, 52, 598.2, '2026-02-10 09:00:00', '2026-02-10 00:00:00', '2026-02-10 09:00:00'),
(4, 3, 8, '全球能源转型：新能源如何重塑未来格局',
 '从化石能源到可再生能源的转型正在加速。本文深入分析太阳能、风能、氢能等新能源技术的发展现状与未来趋势。',
 '<h2>能源转型的紧迫性</h2><p>全球碳排放量持续攀升，气候变化带来的极端天气事件频发。能源转型不再是选择题，而是必答题。2026年，全球可再生能源装机容量首次超过化石能源。</p><h2>太阳能：成本持续下降</h2><p>钙钛矿电池技术的突破让太阳能转换效率突破30%，同时制造成本大幅下降。分布式光伏正在改变能源生产和消费的模式。</p><h2>风能：海上风电崛起</h2><p>浮式海上风电技术的成熟，让深海风能资源开发成为可能。单机容量15MW以上的海上风机已成为主流。</p><h2>氢能：绿色氢气的突破</h2><p>电解水制氢的效率提升和成本下降，让绿色氢气在工业脱碳和长途运输领域展现出巨大潜力。</p><h2>储能：新能源的关键拼图</h2><p>固态电池、钠离子电池、液流电池等多种储能技术路线并行发展，为新能源的大规模并网提供保障。</p>',
 'https://picsum.photos/seed/art4/800/450',
 2, 0, 1, 1876, 112, 22, 48, 534.6, '2026-02-18 10:00:00', '2026-02-18 00:00:00', '2026-02-18 10:00:00'),
(5, 7, 9, '中国水利工程巡礼：从都江堰到南水北调',
 '水利是农业的命脉，也是文明的基石。本文带你走进中国两千年的水利智慧，看古人如何与水共生。',
 '<h2>都江堰：两千年的水利奇迹</h2><p>李冰父子在岷江上修建的都江堰，至今仍在灌溉成都平原。鱼嘴分水、飞沙堰泄洪、宝瓶口引水，三大工程的精妙配合，体现了古人对自然规律的深刻理解。</p><h2>京杭大运河：贯通南北的水上动脉</h2><p>全长1794公里的京杭大运河，连接海河、黄河、淮河、长江、钱塘江五大水系，是世界上里程最长、工程最大的运河。</p><h2>三峡工程：世纪水利枢纽</h2><p>三峡大坝的防洪、发电、航运三大功能，彻底改变了长江中下游的防洪格局。年发电量超过1000亿千瓦时，是世界上最大的水电站。</p><h2>南水北调：水资源重新分配</h2><p>南水北调工程横跨长江、淮河、黄河、海河四大流域，将南方丰富的水资源调往北方缺水地区，缓解了北方水资源短缺的困境。</p>',
 'https://picsum.photos/seed/art5/800/450',
 2, 0, 0, 1567, 98, 15, 34, 412.8, '2026-03-05 14:00:00', '2026-03-05 00:00:00', '2026-03-05 14:00:00'),
(6, 8, 7, '智慧农业：当科技走进田间地头',
 '传统农业正在经历数字化变革。无人机植保、AI病虫害识别、智能灌溉……科技正在让农业变得更高效、更精准。',
 '<h2>无人机植保：效率提升百倍</h2><p>一台农业无人机每小时可喷洒40亩地，效率是人工的百倍。精准喷洒技术让农药使用量减少30%以上，既降低了成本，又减少了环境污染。</p><h2>AI病虫害识别</h2><p>基于深度学习的病虫害识别系统，农民只需用手机拍照，即可在3秒内获得诊断结果和防治建议。准确率已超过95%。</p><h2>智能灌溉系统</h2><p>土壤湿度传感器配合天气预报数据，实现精准灌溉。相比传统漫灌，节水40%以上，同时提高作物产量15%。</p><h2>农业大数据平台</h2><p>整合气象、土壤、市场等多维数据，为农户提供种植决策支持。从"靠天吃饭"到"知天而作"，数据正在改变农业的生产方式。</p>',
 'https://picsum.photos/seed/art6/800/450',
 2, 0, 0, 1234, 76, 12, 28, 345.6, '2026-03-15 11:00:00', '2026-03-15 00:00:00', '2026-03-15 11:00:00'),
(7, 4, 14, '大语言模型应用开发指南：从 Prompt Engineering 到 RAG 架构',
 '大语言模型正在重塑软件开发的方方面面。本文系统介绍 LLM 应用开发的核心技术，从提示工程到检索增强生成。',
 '<h2>大语言模型应用开发全景</h2><p>2026年，大语言模型已经从实验室走向生产环境。如何构建可靠、可控、可扩展的 LLM 应用，成为每个技术团队必须面对的课题。</p><h2>Prompt Engineering 进阶</h2><p>从简单的指令到复杂的思维链（CoT），提示工程已经发展为一门系统的方法论。Few-shot、Self-consistency、Tree of Thoughts 等技术让模型输出更加可控。</p><h2>RAG 架构设计</h2><p>检索增强生成（RAG）是解决 LLM 幻觉问题的有效方案。核心流程：文档切分 → 向量化 → 向量检索 → 上下文注入 → 生成回答。</p><h2>向量数据库选型</h2><p>Milvus 适合大规模场景，Qdrant 轻量高效，Chroma 适合原型开发。根据数据规模和查询需求选择合适的方案。</p><h2>评估与优化</h2><p>建立评估数据集，使用 RAGAS 框架评估检索质量和生成质量。持续迭代优化检索策略和提示模板。</p><h2>生产部署</h2><p>模型服务化、流量控制、缓存策略、降级方案，确保 AI 应用的稳定性和可用性。</p>',
 'https://picsum.photos/seed/art7/800/450',
 2, 1, 1, 4521, 312, 56, 134, 1234.5, '2026-04-05 08:00:00', '2026-04-05 00:00:00', '2026-04-05 08:00:00'),
(8, 4, 14, '深度学习模型优化：从理论到工程落地的全流程指南',
 '训练出一个好模型只是开始，如何让模型在生产环境中高效运行才是真正的挑战。本文覆盖量化、蒸馏、剪枝等核心优化技术。',
 '<h2>为什么需要模型优化</h2><p>训练环境和生产环境的需求截然不同。训练追求精度，生产追求延迟、吞吐和资源效率。模型优化是连接两者的桥梁。</p><h2>量化技术</h2><p>从 FP32 到 INT8，量化是最直接有效的优化手段。Post-training Quantization（PTQ）无需重训练，Quantization-Aware Training（QAT）精度更高。</p><h2>知识蒸馏</h2><p>用大模型（教师）指导小模型（学生）学习，在保持较高精度的同时大幅减小模型体积和推理延迟。</p><h2>模型剪枝</h2><p>移除模型中不重要的权重或结构，减少计算量。结构化剪枝对硬件友好，非结构化剪枝压缩率更高。</p><h2>推理引擎选择</h2><p>TensorRT 适合 NVIDIA GPU，ONNX Runtime 跨平台兼容性好，OpenVINO 针对 Intel 硬件优化。</p>',
 'https://picsum.photos/seed/art8/800/450',
 2, 0, 1, 2345, 167, 29, 78, 678.3, '2026-04-12 10:00:00', '2026-04-12 00:00:00', '2026-04-12 10:00:00'),
(9, 3, 11, '工业4.0时代的智能制造：数字工厂如何落地',
 '智能制造不是遥远的未来，而是正在发生的变革。本文从数字孪生、工业互联网、柔性生产三个维度，解析智能制造的落地路径。',
 '<h2>智能制造的核心内涵</h2><p>智能制造不是简单的机器换人，而是通过数据驱动实现生产全流程的智能化。从设计、生产到运维，每个环节都在被数字化重塑。</p><h2>数字孪生：虚拟映射现实</h2><p>数字孪生技术为物理工厂创建虚拟镜像，实现生产过程的实时监控、故障预测和工艺优化。某汽车工厂通过数字孪生将产线调试时间缩短了60%。</p><h2>工业互联网：万物互联</h2><p>5G+工业互联网让设备间的通信延迟降至毫秒级，支撑实时协同作业。边缘计算让数据处理更靠近数据源，提升响应速度。</p><h2>柔性生产：小批量多品种</h2><p>消费者需求日益个性化，柔性生产线能在不同产品间快速切换，实现"千人千面"的定制化生产。</p>',
 'https://picsum.photos/seed/art9/800/450',
 2, 0, 1, 1890, 134, 22, 56, 534.6, '2026-04-20 15:00:00', '2026-04-20 00:00:00', '2026-04-20 15:00:00'),
(10, 5, 13, '5G到6G：通信技术如何改变社会',
 '5G商用已满五年，6G研发正在加速。通信技术的每一次跃迁，都深刻改变了人类社会的运行方式。',
 '<h2>5G的成就与局限</h2><p>5G在工业互联网、远程医疗、自动驾驶等领域发挥了重要作用，但覆盖不足和商业模式不清晰等问题依然存在。</p><h2>6G的愿景</h2><p>6G将实现太比特级速率、亚毫秒级延迟和全球无缝覆盖。太赫兹通信、智能超表面、通信感知一体化等关键技术正在突破。</p><h2>从连接人到连接万物</h2><p>6G的目标不仅是更快的网速，更是构建一个"万物智联"的世界。数字孪生网络、AI原生通信、全息通信将让虚拟与现实的边界更加模糊。</p><h2>社会影响</h2><p>6G将催生全新的应用场景：全息视频通话、沉浸式远程办公、数字孪生城市管理等，彻底改变人们的工作和生活方式。</p>',
 'https://picsum.photos/seed/art10/800/450',
 2, 0, 0, 1678, 98, 18, 41, 456.7, '2026-05-08 09:00:00', '2026-05-08 00:00:00', '2026-05-08 09:00:00'),
(11, 3, 15, '中国高铁技术：从追赶到领跑的二十年',
 '中国高铁运营里程超过4.5万公里，占全球高铁总里程的三分之二。本文回顾中国高铁从引进消化到自主创新的发展历程。',
 '<h2>引进消化阶段</h2><p>2004年，中国开始引进德国西门子、日本川崎、法国阿尔斯通的高铁技术。通过"以市场换技术"的策略，快速掌握了高铁核心技术。</p><h2>自主创新阶段</h2><p>复兴号动车组的研制成功，标志着中国高铁实现了从"跟跑"到"领跑"的跨越。复兴号在安全性、经济性、舒适性等方面全面超越进口车型。</p><h2>技术突破</h2><p>从时速250公里到350公里，再到试验时速605公里，中国高铁不断刷新速度纪录。高温超导磁悬浮技术更是将目标瞄准了600公里以上的运营速度。</p><h2>走向世界</h2><p>雅万高铁的开通运营，标志着中国高铁"走出去"取得重大突破。中国高铁正在成为国家名片和外交利器。</p>',
 'https://picsum.photos/seed/art11/800/450',
 2, 0, 0, 2567, 156, 25, 62, 712.4, '2026-05-15 10:00:00', '2026-05-15 00:00:00', '2026-05-15 10:00:00'),
(12, 9, 16, '2026年全球经济展望：挑战与机遇并存',
 '全球经济正在经历深刻调整。通胀回落、利率转向、地缘博弈……本文深入分析2026年全球经济的六大趋势。',
 '<h2>通胀回落与利率转向</h2><p>全球主要经济体的通胀率已回归目标区间，美联储和欧央行相继开启降息周期。流动性改善为经济增长提供了新的动力。</p><h2>中国经济转型</h2><p>中国经济正在从投资驱动转向创新驱动。新能源、人工智能、生物医药等新兴产业成为增长新引擎，但房地产调整和消费复苏仍需时间。</p><h2>全球供应链重构</h2><p>地缘政治因素推动全球供应链从"效率优先"转向"安全优先"。近岸外包和友岸外包成为新趋势，但完全脱钩并不现实。</p><h2>数字货币与金融创新</h2><p>多国央行数字货币进入试点阶段，跨境支付的效率和成本正在被重新定义。DeFi与传统金融的融合加速。</p><h2>绿色经济转型</h2><p>碳定价机制在全球范围内推广，绿色债券发行量创历史新高。ESG投资从"可选项"变成"必选项"。</p>',
 'https://picsum.photos/seed/art12/800/450',
 2, 0, 1, 3234, 198, 35, 87, 876.5, '2026-01-25 10:00:00', '2026-01-25 00:00:00', '2026-01-25 10:00:00'),
(13, 9, 17, '创业公司如何找到产品市场契合点',
 'PMF（Product-Market Fit）是创业公司最关键的里程碑。本文分享一套经过验证的PMF寻找方法论，帮助创业者少走弯路。',
 '<h2>什么是PMF</h2><p>产品市场契合点意味着你找到了一个足够大的市场，并且你的产品能够很好地满足这个市场的需求。没有PMF，一切增长都是虚假的。</p><h2>PMF的信号</h2><p>用户主动推荐、留存率持续上升、客户支持请求从"这是什么"变成"能不能加个功能"——这些都是PMF的积极信号。</p><h2>寻找PMF的方法</h2><p>1. 从问题出发，而非解决方案；2. 与目标用户进行深度访谈，至少50个；3. 构建MVP，用最短时间验证核心假设；4. 关注留存数据，而非虚荣指标。</p><h2>常见的PMF陷阱</h2><p>过早优化、忽视负面反馈、将早期采用者等同于主流市场、在没有PMF时盲目扩张。</p>',
 'https://picsum.photos/seed/art13/800/450',
 2, 0, 0, 1456, 87, 18, 41, 389.4, '2026-02-08 09:00:00', '2026-02-08 00:00:00', '2026-02-08 09:00:00'),
(14, 6, 19, '教育数字化转型的困境与突破',
 '在线教育经历了疫情期的爆发式增长后，正在回归理性。真正的教育数字化不是把课堂搬到线上，而是重新定义教与学的关系。',
 '<h2>在线教育的泡沫与回归</h2><p>疫情期间在线教育用户暴增，但留存率堪忧。当线下教学恢复后，大多数在线教育平台的用户活跃度大幅下降。这说明单纯的线上化并不等于数字化。</p><h2>AI赋能个性化学习</h2><p>AI辅导系统能够根据学生的学习进度和知识薄弱点，动态调整学习路径和难度。真正的因材施教，在AI的辅助下成为可能。</p><h2>混合式学习的兴起</h2><p>线上与线下融合的混合式学习模式正在成为主流。线上负责知识传递和练习，线下负责深度讨论和实践操作。</p><h2>教师角色的转变</h2><p>教师从知识传递者转变为学习引导者和设计者。AI承担了重复性教学任务，教师得以将精力投入到更有价值的个性化指导中。</p>',
 'https://picsum.photos/seed/art14/800/450',
 2, 0, 0, 1890, 112, 20, 45, 498.3, '2026-02-22 14:00:00', '2026-02-22 00:00:00', '2026-02-22 14:00:00'),
(15, 8, 20, '中医现代化：传统智慧与科学的对话',
 '中医是中华民族的瑰宝，但也面临着现代化的挑战。当传统智慧遇上现代科学，会碰撞出怎样的火花？',
 '<h2>中医面临的质疑与回应</h2><p>中医的有效性常被质疑为"缺乏循证医学证据"。但越来越多的随机对照试验证明，针灸在疼痛管理、中药在慢性病治疗中确实有效。</p><h2>中药现代化的路径</h2><p>从复方到单体，从经验到数据。青蒿素的发现就是中药现代化的经典案例。现代分析技术正在揭示中药复方的作用机制。</p><h2>针灸的神经科学解释</h2><p>功能磁共振成像研究显示，针灸刺激特定穴位时，大脑相应区域出现可观测的活动变化。这为针灸的作用机制提供了科学解释。</p><h2>中西医结合的未来</h2><p>中医的整体观念和辨证论治，与西医的精准诊疗并不矛盾。两者结合，取长补短，才是最佳的健康管理方案。</p>',
 'https://picsum.photos/seed/art15/800/450',
 2, 0, 0, 1345, 89, 16, 38, 378.9, '2026-03-10 10:00:00', '2026-03-10 00:00:00', '2026-03-10 10:00:00'),
(16, 10, 21, '短视频时代的深度阅读：我们还能专注吗',
 '短视频正在重塑我们的注意力结构。在15秒一个刺激的时代，深度阅读还有可能吗？',
 '<h2>注意力经济的陷阱</h2><p>短视频平台通过算法精准推送，不断刺激多巴胺分泌，让用户陷入"刷不完"的循环。平均注意力持续时间已从12秒降至8秒。</p><h2>深度阅读的价值</h2><p>深度阅读不仅是获取信息的方式，更是一种思维训练。它培养专注力、批判性思维和同理心——这些是短视频无法提供的。</p><h2>如何重建阅读习惯</h2><p>1. 从每天15分钟开始，逐步增加；2. 选择真正感兴趣的内容，而非"应该读"的内容；3. 创造无干扰的阅读环境；4. 加入读书社群，互相激励。</p><h2>媒介融合的可能性</h2><p>短视频和深度阅读并非对立。用短视频激发兴趣，用深度阅读构建体系，两者可以形成良性的内容生态。</p>',
 'https://picsum.photos/seed/art16/800/450',
 2, 0, 0, 2123, 145, 24, 56, 567.8, '2026-03-22 11:00:00', '2026-03-22 00:00:00', '2026-03-22 11:00:00'),
(17, 6, 22, '《纳瓦尔宝典》读书笔记：财富与幸福的底层逻辑',
 '硅谷天使投资人纳瓦尔·拉维坎特的智慧结晶。关于财富创造、幸福获取和人生意义的深刻洞见。',
 '<h2>关于财富</h2><p>纳瓦尔认为，财富不是金钱。财富是拥有能在你睡觉时依然为你赚钱的资产。创造财富的关键是找到杠杆——资本杠杆、劳动力杠杆、或者最好的杠杆：代码和媒体。</p><h2>专长与杠杆</h2><p>专长是那种对你来说像玩耍、对别人来说像工作的事情。当你拥有专长并配上杠杆，你就能创造巨大的价值。</p><h2>关于幸福</h2><p>幸福是一种选择，是一种可以练习的技能。它不来自外部成就，而来自内心的平静和对当下的接纳。</p><h2>最触动我的观点</h2><p>"不要通过出租时间来赚钱"。这让我重新审视了自己的职业规划，开始思考如何构建属于自己的杠杆。</p><h2>实践心得</h2><p>读完这本书后，我开始每天记录自己的思考，建立个人品牌，用写作和分享作为我的媒体杠杆。三个月下来，不仅收入结构发生了变化，心态也更加从容。</p>',
 'https://picsum.photos/seed/art17/800/450',
 2, 0, 1, 3890, 256, 48, 112, 987.6, '2026-04-10 08:00:00', '2026-04-10 00:00:00', '2026-04-10 08:00:00'),
(18, 6, 24, '《系统之美》读书笔记：用系统思维看世界',
 '我们生活的世界是一个复杂系统，但我们的思维常常是线性的。这本书教会我用系统思维重新审视问题，找到真正的解决之道。',
 '<h2>什么是系统思维</h2><p>系统思维不是看局部，而是看整体；不是看线性因果，而是看循环反馈；不是看静态快照，而是看动态变化。</p><h2>系统的三大特征</h2><p>每一个系统都包含要素、连接和目标。改变要素效果最小，改变连接效果中等，改变目标效果最大。</p><h2>反馈回路</h2><p>正反馈回路让系统加速变化，负反馈回路让系统保持稳定。理解反馈回路，就能理解系统为什么会失控或自我修复。</p><h2>系统陷阱</h2><p>政策阻力、公地悲剧、目标侵蚀、竞争升级……识别这些陷阱，才能避免"好心办坏事"。</p><h2>杠杆点</h2><p>在系统中找到杠杆点，用最小的干预获得最大的效果。最强大的杠杆点往往最不直观。</p>',
 'https://picsum.photos/seed/art18/800/450',
 2, 0, 0, 1678, 112, 20, 45, 456.7, '2026-04-18 14:00:00', '2026-04-18 00:00:00', '2026-04-18 14:00:00'),
(19, 15, 23, '当代艺术市场观察：从天价拍卖到数字艺术',
 '当代艺术市场正在经历前所未有的变革。NFT的兴起与退潮、中国当代艺术的国际化、年轻藏家的入场，都在重塑这个市场。',
 '<h2>天价背后的逻辑</h2><p>当代艺术的天价并非纯粹的审美价值，而是品牌效应、稀缺性和金融属性的叠加。顶级艺术家的作品已经成为资产配置的一部分。</p><h2>NFT艺术：泡沫之后</h2><p>NFT艺术经历了从狂热到冷静的完整周期。泡沫退去后，真正有价值的数字艺术项目开始显现。生成艺术和AI艺术正在成为新的收藏方向。</p><h2>中国当代艺术的国际化</h2><p>越来越多的中国当代艺术家进入国际顶级画廊和美术馆，作品在苏富比和佳士得频繁亮相。文化自信与全球视野并存。</p><h2>年轻藏家的入场</h2><p>千禧一代和Z世代藏家正在改变收藏市场的规则。他们更关注作品的社会意义和数字原生属性，购买决策更受社交媒体影响。</p>',
 'https://picsum.photos/seed/art19/800/450',
 2, 0, 0, 1567, 98, 16, 38, 423.5, '2026-05-02 10:00:00', '2026-05-02 00:00:00', '2026-05-02 10:00:00'),
(20, 7, 25, '京都深秋：红叶与古寺的七天慢旅',
 '避开人潮，用脚步丈量京都的深秋。从岚山到哲学之道，每一片红叶都是时间的注脚。',
 '<h2>Day 1-2：岚山与嵯峨野</h2><p>清晨六点的岚山竹林，只有风声和竹叶的沙沙声。渡月桥上远眺，红叶与青山交织成画。嵯峨野小火车穿越红叶隧道，仿佛驶入另一个时空。</p><h2>Day 3-4：东山与清水寺</h2><p>清水寺的清水舞台悬于山崖之上，红叶如海在脚下铺展。二年坂三年坂的石板路，每一步都踩在千年历史之上。</p><h2>Day 5：哲学之道与银阁寺</h2><p>沿着琵琶湖疏水漫步，红叶落在水面上随波逐流。银阁寺的银沙滩与红叶形成强烈对比，枯山水的意境在这里达到极致。</p><h2>Day 6：宇治与平等院</h2><p>一杯宇治抹茶，配上红叶窗景。平等院凤凰堂倒映在阿字池中，红叶环绕如极乐净土。</p><h2>Day 7：伏见稻荷大社</h2><p>千本鸟居在晨光中延伸，朱红色与红叶色交相辉映。走到山顶俯瞰京都，整座城市被红叶环抱。</p>',
 'https://picsum.photos/seed/art20/800/450',
 2, 0, 1, 3234, 245, 38, 98, 912.3, '2026-05-10 08:00:00', '2026-05-10 00:00:00', '2026-05-10 08:00:00'),
(21, 14, 25, '居家健身指南：没有健身房也能练出好身材',
 '不去健身房不代表不能健身。本文提供一套完整的居家健身方案，只需一张瑜伽垫，每天30分钟，8周见效。',
 '<h2>为什么选择居家健身</h2><p>省时、省钱、不受天气影响。最重要的是，居家健身更容易坚持——零通勤成本，随时开始。</p><h2>训练计划</h2><h3>第1-2周：基础适应期</h3><p>每周3次，每次20分钟。以自重训练为主：深蹲、俯卧撑、平板支撑、弓步蹲。</p><h3>第3-4周：强度提升期</h3><p>每周4次，每次30分钟。加入HIIT元素，提升心肺功能。</p><h3>第5-6周：塑形强化期</h3><p>每周4-5次，每次30-40分钟。加入弹力带和哑铃（可选），增加阻力训练。</p><h3>第7-8周：综合挑战期</h3><p>每周5次，混合力量和有氧训练，加入核心训练和柔韧性练习。</p><h2>饮食建议</h2><p>训练占30%，饮食占70%。控制热量摄入，保证蛋白质充足，多吃蔬果，少油少糖。</p>',
 'https://picsum.photos/seed/art21/800/450',
 2, 0, 0, 1234, 78, 14, 23, 334.5, '2026-05-18 08:00:00', '2026-05-18 00:00:00', '2026-05-18 08:00:00'),
(22, 6, 26, '认知偏差图鉴：我们为什么会做出不理性的决策',
 '人类的大脑并不像我们以为的那样理性。本文梳理了15种常见的认知偏差，帮你在决策时避开思维陷阱。',
 '<h2>确认偏差</h2><p>我们倾向于寻找和记住支持自己已有观点的信息，而忽略相反的证据。这是社交媒体信息茧房的心理学基础。</p><h2>锚定效应</h2><p>第一个接收到的信息会成为后续判断的"锚"。商家利用这一点，先标高价再打折，让你觉得"赚到了"。</p><h2>沉没成本谬误</h2><p>已经投入的时间、金钱和精力不应影响未来的决策。但现实中，我们很难对已经投入的事情"及时止损"。</p><h2>幸存者偏差</h2><p>我们只看到了成功者的故事，却忽略了沉默的失败者。创业成功学的流行，很大程度上是幸存者偏差的产物。</p><h2>达克效应</h2><p>能力越低的人，越容易高估自己的能力。而真正的高手反而容易低估自己。保持谦逊和持续学习，是对抗达克效应的最好方式。</p>',
 'https://picsum.photos/seed/art22/800/450',
 2, 0, 1, 2789, 189, 32, 78, 756.8, '2026-05-25 14:00:00', '2026-05-25 00:00:00', '2026-05-25 14:00:00'),
(23, 4, 27, '黎曼猜想：数学界最伟大的未解之谜',
 '黎曼猜想被誉为"数学界的圣杯"，困扰了数学家160多年。本文用通俗的语言，带你理解这个深刻而美丽的数学问题。',
 '<h2>从素数说起</h2><p>素数是数论的基石，但素数的分布似乎没有规律。欧拉发现了素数分布与黎曼ζ函数之间的深刻联系。</p><h2>黎曼ζ函数</h2><p>黎曼将欧拉研究的实数域ζ函数扩展到复数域，发现了ζ函数的解析延拓。他猜想：ζ函数所有非平凡零点的实部都等于1/2。</p><h2>为什么重要</h2><p>如果黎曼猜想成立，我们将获得素数分布的精确估计。这不仅对纯数学意义重大，对密码学、量子物理等领域也有深远影响。</p><h2>研究进展</h2><p>目前已验证的前10万亿个零点都符合猜想，但数学需要的是严格的证明。2026年，AI辅助证明系统在数学研究中的应用，为黎曼猜想的攻克带来了新的希望。</p>',
 'https://picsum.photos/seed/art23/800/450',
 2, 0, 1, 1567, 112, 18, 45, 434.5, '2026-01-30 10:00:00', '2026-01-30 00:00:00', '2026-01-30 10:00:00'),
(24, 4, 28, '量子计算入门：从叠加态到量子优势',
 '量子计算不再是科幻概念。本文从基础原理讲起，带你理解量子比特、量子纠缠和量子优势，以及量子计算的实际应用。',
 '<h2>为什么需要量子计算</h2><p>某些问题在经典计算机上需要天文数字的时间才能解决，但量子计算机可以在可接受的时间内给出答案。这就是量子优势。</p><h2>量子比特：0和1的叠加</h2><p>经典比特只能是0或1，而量子比特可以同时处于0和1的叠加态。n个量子比特可以同时表示2^n个状态，这就是量子并行性的来源。</p><h2>量子纠缠：超越距离的关联</h2><p>两个纠缠的量子比特，无论相距多远，对其中一个的测量会瞬间影响另一个。爱因斯坦称之为"鬼魅般的超距作用"。</p><h2>量子计算的应用</h2><p>药物分子模拟、金融风险分析、物流优化、密码破解……量子计算有望在这些领域带来革命性突破。</p><h2>当前挑战</h2><p>量子退相干、错误率、可扩展性是三大技术挑战。2026年，超导和离子阱两条技术路线都在快速进步。</p>',
 'https://picsum.photos/seed/art24/800/450',
 2, 0, 1, 2345, 167, 28, 67, 645.3, '2026-02-15 09:00:00', '2026-02-15 00:00:00', '2026-02-15 09:00:00'),
(25, 13, 30, '基因编辑技术CRISPR：改写生命密码',
 'CRISPR-Cas9技术的发明让基因编辑变得前所未有的精准和便捷。本文介绍CRISPR的原理、应用和伦理争议。',
 '<h2>CRISPR的发现</h2><p>CRISPR最初是在细菌的免疫系统中发现的。细菌用这段重复序列来"记住"入侵的病毒DNA，以便下次快速识别和切割。</p><h2>基因剪刀的工作原理</h2><p>向导RNA将Cas9蛋白引导到目标DNA序列，Cas9像分子剪刀一样在精确位置切割DNA。细胞的修复机制随后修复切口，在此过程中可以删除、替换或插入基因。</p><h2>医疗应用</h2><p>镰刀型细胞贫血症和β-地中海贫血的基因治疗已获批准上市。遗传性失明、某些类型的癌症等疾病的基因治疗临床试验正在进行中。</p><h2>农业应用</h2><p>抗旱作物、抗病水稻、高产量小麦……CRISPR正在加速农作物的改良进程，为全球粮食安全提供新的解决方案。</p><h2>伦理争议</h2><p>基因编辑的伦理边界在哪里？治疗遗传疾病与"设计婴儿"之间的界限如何划定？这是全人类需要共同面对的问题。</p>',
 'https://picsum.photos/seed/art25/800/450',
 2, 0, 1, 2678, 189, 32, 78, 734.5, '2026-03-01 10:00:00', '2026-03-01 00:00:00', '2026-03-01 10:00:00'),
(26, 13, 31, '韦伯望远镜：打开宇宙的新窗口',
 '詹姆斯·韦伯太空望远镜自2022年投入使用以来，不断刷新人类对宇宙的认知。本文精选韦伯望远镜最重要的十大发现。',
 '<h2>最遥远的星系</h2><p>韦伯望远镜观测到了宇宙大爆炸后仅3亿年形成的星系，比此前已知最远星系还要遥远。这些早期星系的发现挑战了现有的星系形成理论。</p><h2>系外行星大气分析</h2><p>韦伯首次在系外行星大气中检测到二氧化碳、水蒸气和二甲基硫醚。后者在地球上只由生命产生，引发了关于外星生命的广泛讨论。</p><h2>恒星诞生地</h2><p>韦伯穿透了恒星摇篮中的尘埃云，揭示了恒星形成的壮观过程。猎户座星云中的原行星盘清晰可见。</p><h2>对宇宙学的冲击</h2><p>韦伯的观测数据表明，早期宇宙中的星系比理论预测的更大、更成熟。这可能意味着我们需要修改宇宙学标准模型。</p>',
 'https://picsum.photos/seed/art26/800/450',
 2, 0, 0, 1890, 134, 22, 56, 523.4, '2026-03-18 14:00:00', '2026-03-18 00:00:00', '2026-03-18 14:00:00'),
(27, 4, 29, '绿色化学：让化学工业更清洁',
 '传统化学工业带来了严重的环境污染。绿色化学通过设计更安全的化学品和工艺，从源头减少污染。',
 '<h2>绿色化学的12条原则</h2><p>保罗·阿纳斯塔斯和约翰·华纳提出的12条原则，是绿色化学的理论基石。核心思想：预防污染优于治理污染。</p><h2>原子经济性</h2><p>传统化学反应的原子利用率往往不到50%，大量原子成为废弃物。绿色化学追求100%的原子经济性，让所有原子都进入目标产物。</p><h2>绿色溶剂</h2><p>超临界二氧化碳、离子液体、水相反应……新型绿色溶剂正在替代有毒有害的传统有机溶剂。</p><h2>生物催化</h2><p>酶催化反应条件温和、选择性高、废弃物少。生物催化正在制药、食品、材料等领域获得越来越广泛的应用。</p>',
 'https://picsum.photos/seed/art27/800/450',
 2, 0, 0, 987, 67, 12, 25, 278.9, '2026-04-02 10:00:00', '2026-04-02 00:00:00', '2026-04-02 10:00:00'),
(28, 4, 34, '智慧城市2.0：从数字化到智能化',
 '第一代智慧城市重在基础设施数字化，第二代重在AI驱动的智能化决策。本文探讨智慧城市2.0的核心特征和关键技术。',
 '<h2>从数字城市到智慧城市</h2><p>数字城市解决了"看得见"的问题——摄像头、传感器、数据大屏。智慧城市2.0要解决"想得明白"的问题——AI决策、预测性治理、自适应优化。</p><h2>城市大脑</h2><p>城市大脑是智慧城市的核心中枢。通过融合多源城市数据，实现交通优化、应急响应、资源调配的智能决策。杭州城市大脑已将主城区通行时间缩短15%。</p><h2>数字孪生城市</h2><p>在虚拟空间构建城市的精确副本，模拟和预测城市运行状态。政策效果预演、灾害模拟、规划评估都可以在数字孪生中先试先行。</p><h2>隐私与安全的平衡</h2><p>智慧城市需要大量数据，但数据收集与公民隐私之间的张力日益突出。联邦学习、差分隐私等技术正在寻找效率与隐私的平衡点。</p>',
 'https://picsum.photos/seed/art28/800/450',
 2, 0, 1, 2123, 156, 26, 65, 589.7, '2026-04-25 10:00:00', '2026-04-25 00:00:00', '2026-04-25 10:00:00'),
(29, 9, 32, '碳中和路线图：中国如何实现3060目标',
 '中国承诺2030年前碳达峰、2060年前碳中和。这是人类历史上最大规模的绿色转型，挑战与机遇并存。',
 '<h2>碳排放现状</h2><p>中国是全球最大的碳排放国，年排放量约120亿吨。能源结构以煤炭为主，清洁能源占比虽在快速提升，但转型仍需时间。</p><h2>碳达峰路径</h2><p>通过提升能效、发展可再生能源、推广电动汽车等措施，中国有望在2030年前实现碳达峰。关键在于控制煤电新增产能。</p><h2>碳中和路径</h2><p>碳中和意味着净零排放。除了深度脱碳，还需要碳捕集与封存（CCS）、碳汇等负碳技术来抵消难以消除的排放。</p><h2>经济影响</h2><p>绿色转型将创造数百万新就业岗位，同时淘汰部分传统产业岗位。公正转型是政策设计的关键考量。</p><h2>国际合作</h2><p>气候变化是全球性问题，需要全球合作。中国在全球气候治理中的角色越来越重要。</p>',
 'https://picsum.photos/seed/art29/800/450',
 2, 0, 1, 2567, 178, 30, 72, 698.4, '2026-05-05 10:00:00', '2026-05-05 00:00:00', '2026-05-05 10:00:00'),
(30, 4, 33, '脑机接口：当思想可以直接与机器对话',
 '脑机接口技术正在从实验室走向临床。从帮助瘫痪患者重新行走到增强人类认知能力，脑机接口的潜力令人兴奋。',
 '<h2>脑机接口的工作原理</h2><p>脑机接口通过采集和解读大脑神经信号，建立大脑与外部设备的直接通信通道。侵入式接口精度高但需手术，非侵入式安全性好但信号质量有限。</p><h2>医疗应用</h2><p>Neuralink等公司的侵入式脑机接口已让瘫痪患者能够用意念控制电脑光标。更令人振奋的是，脑机接口配合外骨骼，帮助截瘫患者重新站立行走。</p><h2>增强应用</h2><p>未来脑机接口可能用于增强记忆、加速学习、直接脑对脑通信。但这些应用还面临巨大的技术和伦理挑战。</p><h2>伦理争议</h2><p>思维隐私、身份认同、社会公平……脑机接口带来的伦理问题比任何技术都更加深刻。我们需要在技术发展之前建立伦理框架。</p>',
 'https://picsum.photos/seed/art30/800/450',
 2, 0, 1, 2890, 198, 34, 89, 789.6, '2026-05-12 10:00:00', '2026-05-12 00:00:00', '2026-05-12 10:00:00'),
(31, 3, 35, '商业航天新纪元：太空不再是政府的专属领地',
 'SpaceX的可回收火箭降低了发射成本，中国民营航天快速崛起。商业航天正在开启太空经济的新纪元。',
 '<h2>发射成本革命</h2><p>SpaceX猎鹰9号的可回收技术将发射成本降低了90%。星舰的成功试飞更是将目标瞄准了完全可回收的超重型运载器。</p><h2>中国民营航天崛起</h2><p>蓝箭、星际荣耀、天兵科技等中国民营航天企业快速成长。朱雀二号成为全球首款入轨的液氧甲烷火箭。</p><h2>卫星互联网</h2><p>星链已部署超过6000颗卫星，为全球偏远地区提供互联网接入。中国星网和G60星链也在加速部署。</p><h2>太空旅游</h2><p>亚轨道太空旅游已实现商业运营，票价从25万美元起步。轨道旅游和月球旅游正在开发中。</p><h2>太空经济的未来</h2><p>太空制造、太空采矿、太空太阳能……太空经济的潜在规模达万亿美元级。人类正在从"探索太空"迈向"开发太空"。</p>',
 'https://picsum.photos/seed/art31/800/450',
 2, 0, 1, 2345, 167, 28, 78, 654.3, '2026-05-20 10:00:00', '2026-05-20 00:00:00', '2026-05-20 10:00:00'),
(32, 10, 10, '未来城市：建筑与自然的共生之道',
 '当城市用地日益紧张，建筑师们开始重新思考人与自然的关系。垂直森林、生态建筑、绿色屋顶，未来的城市将是什么模样？',
 '<h2>垂直森林：城市中的绿洲</h2><p>米兰的垂直森林双塔开创了高层建筑与大量植被共存的先例。每栋楼种植了900棵树和20000株植物，相当于2万平方米的森林。</p><h2>被动式建筑</h2><p>通过优化建筑朝向、保温性能和自然通风，被动式建筑几乎不需要主动供暖和制冷，能耗降低90%。</p><h2>3D打印建筑</h2><p>3D打印技术让建筑从工厂走向现场，大幅缩短工期、减少浪费。中国已建成多座3D打印建筑，从住宅到桥梁。</p><h2>智慧建筑</h2><p>传感器网络和AI控制系统让建筑能够自适应调节光照、温度和通风，在保证舒适度的同时最大限度节约能源。</p>',
 'https://picsum.photos/seed/art32/800/450',
 2, 0, 0, 1456, 89, 16, 38, 398.7, '2026-06-01 10:00:00', '2026-06-01 00:00:00', '2026-06-01 10:00:00'),
(33, 3, 12, '新材料革命：从石墨烯到超材料',
 '材料是文明的基石。从石器时代到信息时代，每一次文明的飞跃都伴随着材料的革命。本文带你了解正在改变世界的新材料。',
 '<h2>石墨烯：最薄最强的材料</h2><p>单层碳原子构成的石墨烯，厚度仅0.3纳米，强度却是钢的200倍。在电子器件、复合材料、储能等领域有广泛应用前景。</p><h2>超材料：打破自然法则</h2><p>超材料通过人工设计的微观结构，实现自然界中不存在的物理性质。光学超材料可以实现"隐身衣"，声学超材料可以隔音降噪。</p><h2>自修复材料</h2><p>含有微胶囊的自修复材料，在出现裂纹时能自动释放修复剂，实现自我修复。在航空航天和基础设施领域有重要应用价值。</p><h2>智能材料</h2><p>形状记忆合金、压电材料、磁致伸缩材料等智能材料，能感知环境变化并做出响应。它们正在改变从医疗器械到航空航天的设计理念。</p>',
 'https://picsum.photos/seed/art33/800/450',
 2, 0, 0, 1123, 76, 14, 32, 312.4, '2026-06-05 14:00:00', '2026-06-05 00:00:00', '2026-06-05 14:00:00'),
(34, 9, 18, '数据隐私保护：在便利与安全之间寻找平衡',
 '大数据时代，个人隐私面临前所未有的挑战。如何在享受数据红利的同时保护个人隐私？这是全社会的共同课题。',
 '<h2>数据收集的现状</h2><p>平均每个智能手机用户每天被追踪的数据点超过5000个。位置信息、浏览记录、消费习惯……数字画像比你自己更了解你。</p><h2>隐私保护技术</h2><p>差分隐私通过添加噪声保护个体数据；联邦学习让数据不出本地即可训练模型；同态加密允许在加密数据上直接计算。技术正在为隐私保护提供新的工具。</p><h2>法律与监管</h2><p>GDPR、个人信息保护法等法规为数据隐私提供了法律保障。但法律的执行和跨境数据流动的监管仍是挑战。</p><h2>个人防护建议</h2><p>最小化数据授权、使用隐私保护工具、定期审查权限设置、关注隐私政策变更。每个人都是自己隐私的第一责任人。</p>',
 'https://picsum.photos/seed/art34/800/450',
 2, 0, 0, 1678, 112, 20, 45, 456.7, '2026-06-08 10:00:00', '2026-06-08 00:00:00', '2026-06-08 10:00:00'),
(35, 8, 20, '数字医疗革命：AI如何改变看病方式',
 'AI正在从辅助诊断走向全流程医疗。从影像识别到药物研发，从远程问诊到健康管理，数字医疗正在重新定义医患关系。',
 '<h2>AI辅助诊断</h2><p>AI在医学影像诊断中的准确率已超过资深放射科医生。肺结节、糖尿病视网膜病变、皮肤癌等疾病的AI诊断系统已获FDA批准。</p><h2>AI药物研发</h2><p>AI将药物发现周期从4-5年缩短到1-2年。AlphaFold预测的蛋白质结构覆盖了几乎所有已知蛋白质，为药物设计提供了强大工具。</p><h2>远程医疗</h2><p>5G网络让远程手术成为现实。北京专家可以实时指导边疆地区的手术操作，优质医疗资源正在突破地理限制。</p><h2>健康管理</h2><p>可穿戴设备持续监测心率、血氧、睡眠等健康指标，AI系统实时分析数据并预警。从"治已病"到"治未病"，健康管理正在前移。</p>',
 'https://picsum.photos/seed/art35/800/450',
 2, 0, 1, 2345, 167, 28, 67, 645.3, '2026-06-10 10:00:00', '2026-06-10 00:00:00', '2026-06-10 10:00:00'),
(36, 10, 17, '设计思维：用创新方法论解决复杂问题',
 '设计思维不是设计师的专利，而是一套人人可用的创新方法论。本文介绍设计思维的五个阶段和实际应用案例。',
 '<h2>什么是设计思维</h2><p>设计思维是一种以人为中心的创新方法论，强调同理心、协作和快速迭代。它不是线性的流程，而是一个不断循环的探索过程。</p><h2>五个阶段</h2><h3>1. 同理心</h3><p>深入理解用户的真实需求和情感。放下假设，走进用户的世界。</p><h3>2. 定义</h3><p>将观察到的信息整合为清晰的问题陈述。好的问题定义是解决方案的一半。</p><h3>3. 构思</h3><p>发散思维，产生尽可能多的创意。不评判、不否定，数量先于质量。</p><h3>4. 原型</h3><p>将创意快速转化为可触摸的原型。低保真原型胜过高保真幻灯片。</p><h3>5. 测试</h3><p>让真实用户使用原型，收集反馈，持续迭代。</p>',
 'https://picsum.photos/seed/art36/800/450',
 2, 0, 0, 1345, 89, 16, 34, 378.9, '2026-06-12 14:00:00', '2026-06-12 00:00:00', '2026-06-12 14:00:00'),
(37, 7, 25, '冰岛环岛自驾：极光、冰川与火山的14天奇幻之旅',
 '在冰与火之国，大自然展示了最原始的力量。14天环岛自驾，追逐极光，穿越冰川，探索火山，这是一生必去一次的旅程。',
 '<h2>行程概览</h2><p>逆时针环岛，从雷克雅未克出发，沿1号公路全程约1300公里。建议至少14天，才能不赶路地享受每一处风景。</p><h2>黄金圈与南岸（Day 1-4）</h2><p>辛格韦德利国家公园、间歇泉、黄金瀑布组成经典黄金圈。南岸的塞里雅兰瀑布可以走到水帘之后，黑沙滩的玄武岩柱如管风琴般排列。</p><h2>冰川与冰河湖（Day 5-7）</h2><p>瓦特纳冰川的蓝冰洞如梦似幻，杰古沙龙冰河湖上漂浮的冰块在阳光下闪烁。钻石沙滩上的冰块如同散落的宝石。</p><h2>斯奈山半岛（Day 13-14）</h2><p>被称为"冰岛缩影"，草帽山是摄影师的天堂。阿尔纳斯塔皮的海蚀柱群震撼人心。</p>',
 'https://picsum.photos/seed/art37/800/450',
 2, 0, 0, 2567, 198, 31, 87, 734.5, '2026-06-15 10:00:00', '2026-06-15 00:00:00', '2026-06-15 10:00:00'),
(38, 15, 22, '创意写作入门：如何讲好一个故事',
 '好的故事不是天赋的产物，而是可以学习的技术。本文分享创意写作的核心技巧，帮你从零开始讲好一个故事。',
 '<h2>故事的核心要素</h2><p>每个好故事都包含三个核心要素：渴望、障碍和行动。主角渴望某样东西，但面临障碍，必须采取行动来克服。</p><h2>开头的艺术</h2><p>好的开头要在第一段就抓住读者。可以用悬念、冲突或强烈的画面感来开场。避免冗长的背景介绍。</p><h2>人物塑造</h2><p>立体的人物不是完美的，而是有缺陷的。给人物一个核心矛盾，让读者在认同中看到自己的影子。</p><h2>对话的力量</h2><p>好的对话推动情节、揭示性格、制造张力。避免"说明性对话"，让角色说人话，而非念台词。</p><h2>修改的艺术</h2><p>好作品是改出来的。第一稿只管写，第二稿砍掉多余的，第三稿打磨每一个句子。</p>',
 'https://picsum.photos/seed/art38/800/450',
 2, 0, 0, 1123, 76, 14, 28, 312.4, '2026-06-18 10:00:00', '2026-06-18 00:00:00', '2026-06-18 10:00:00'),
(39, 8, 20, '后疫情时代的公共卫生体系重建',
 '新冠疫情暴露了全球公共卫生体系的脆弱性。如何构建更具韧性的公共卫生体系，是后疫情时代最重要的课题。',
 '<h2>疫情暴露的问题</h2><p>早期预警不足、应急响应迟缓、医疗资源挤兑、信息传递不畅……新冠疫情暴露的问题远比想象的更多。</p><h2>疾病监测体系升级</h2><p>基于AI的传染病早期预警系统正在多国部署。通过分析社交媒体、搜索数据和医疗数据，实现疫情的早期发现和快速响应。</p><h2>分级诊疗体系</h2><p>建立基层首诊、双向转诊、急慢分治的分级诊疗体系，避免大医院挤兑，提升整体医疗系统效率。</p><h2>全球卫生治理</h2><p>传染病不分国界，全球卫生治理需要更紧密的合作。WHO改革、疫苗公平分配、信息共享机制都是重要议题。</p>',
 'https://picsum.photos/seed/art39/800/450',
 2, 0, 0, 1456, 98, 16, 38, 398.7, '2026-06-20 10:00:00', '2026-06-20 00:00:00', '2026-06-20 10:00:00'),
(40, 1, 14, '欢迎来到知讯：一个为优质内容而生的平台',
 '知讯正式上线了！在这里，每一篇好作品都值得被发现，每一个创作者都值得被看见。了解知讯的初心与愿景。',
 '<h2>知讯的初心</h2><p>在信息爆炸的时代，优质内容反而越来越难被发现。算法推荐让信息茧房越来越厚，标题党让深度阅读越来越稀缺。知讯的诞生，就是为了解决这些问题。</p><h2>我们的愿景</h2><p>打造一个让创作者安心创作、让读者高效获取优质内容的内容社区。不追热点、不贩卖焦虑，只做有价值的内容连接。</p><h2>核心特性</h2><p><strong>个性化推荐</strong>：基于你的兴趣和行为，智能推荐你可能感兴趣的内容，而不是最博眼球的内容。</p><p><strong>内容审核</strong>：严格的内容审核机制，确保平台内容质量，拒绝标题党和低质内容。</p><p><strong>创作者友好</strong>：简洁高效的编辑器、完善的数据统计、公平的推荐机制，让创作者专注于创作本身。</p><p><strong>社区互动</strong>：关注、评论、私信，建立真实的人际连接，让知识分享更有温度。</p><h2>加入我们</h2><p>无论你是技术大牛、文艺青年、还是生活达人，知讯都欢迎你来分享。注册成为用户，开始你的创作之旅吧！</p>',
 'https://picsum.photos/seed/art40/800/450',
 2, 1, 1, 5678, 345, 67, 156, 1567.8, '2026-06-23 00:00:00', '2026-06-23 00:00:00', '2026-06-23 00:00:00'),
(41, 5, 14, 'CSS 容器查询实战：真正的组件级响应式设计',
 '容器查询让组件能根据自身容器大小而非视口大小来调整样式，这是响应式设计的一次范式转变。',
 '<h2>从媒体查询到容器查询</h2><p>传统媒体查询基于视口宽度，无法处理组件在不同容器中的适配问题。容器查询让组件能感知自身所在容器的大小，实现真正的组件级响应式。</p><h2>基础语法</h2><p>使用 container-type 定义容器，使用 @container 规则编写条件样式。支持 inline-size 和 size 两种容器类型。</p><h2>实战案例</h2><h3>案例1：自适应卡片组件</h3><p>同一卡片组件在侧边栏和主内容区自动切换布局，无需父组件传递任何 props。</p><h3>案例2：响应式数据表格</h3><p>表格根据容器宽度自动切换完整表格和卡片视图。</p>',
 'https://picsum.photos/seed/art41/800/450',
 2, 0, 0, 1567, 98, 15, 34, 412.8, '2026-01-28 16:00:00', '2026-01-28 00:00:00', '2026-01-28 16:00:00'),
(42, 3, 14, 'Docker Compose 生产环境最佳实践',
 'Docker Compose 不只是开发工具，合理配置后完全可以用于中小规模生产环境。本文分享经过实战验证的配置方案和运维经验。',
 '<h2>开发与生产的差异</h2><p>开发环境追求便捷，生产环境追求稳定和安全。理解这个差异是正确使用 Docker Compose 的前提。</p><h2>核心配置优化</h2><p>合理设置 restart 策略、资源限制、健康检查、日志驱动。使用 docker-compose.override.yml 分离开发和生产配置。</p><h2>多阶段构建优化镜像</h2><p>通过多阶段构建将构建环境和运行环境分离，大幅减小最终镜像体积。</p><h2>网络与安全</h2><p>使用自定义网络隔离服务，只暴露必要端口。配合 Traefik/Nginx 实现自动 HTTPS 和负载均衡。</p>',
 'https://picsum.photos/seed/art42/800/450',
 2, 0, 0, 1234, 76, 12, 28, 345.6, '2026-02-05 11:00:00', '2026-02-05 00:00:00', '2026-02-05 11:00:00'),
(43, 4, 14, 'AI Agent 开发框架对比：LangChain vs CrewAI vs AutoGen',
 'AI Agent 是2026年最热门的技术方向之一。本文对比三大主流 Agent 框架的架构设计、使用场景和性能表现。',
 '<h2>AI Agent 的崛起</h2><p>从简单的对话机器人到能够自主完成复杂任务的智能体，AI Agent 代表了大语言模型应用的下一个阶段。</p><h2>LangChain：生态最完善</h2><p>LangChain 提供了最丰富的工具集成和链式调用能力，适合需要灵活组合多种工具的场景。</p><h2>CrewAI：多智能体协作</h2><p>CrewAI 专注于多 Agent 协作，通过角色定义和任务分配实现团队式工作。</p><h2>AutoGen：微软出品</h2><p>AutoGen 的对话式编程模型让 Agent 开发更加直观。与 Azure 生态深度集成，适合企业级场景。</p>',
 'https://picsum.photos/seed/art43/800/450',
 2, 0, 1, 1890, 134, 22, 56, 534.6, '2026-02-25 15:00:00', '2026-02-25 00:00:00', '2026-02-25 15:00:00'),
(44, 10, 23, '2026年UI设计趋势：从极简主义到情感化设计',
 '设计趋势在循环中演进。2026年，纯粹的极简主义正在让位于更有温度的情感化设计。本文解析7大设计趋势及其背后的用户心理。',
 '<h2>趋势一：情感化插画</h2><p>定制化插画回归，但不再是装饰性的，而是承载品牌故事和情感连接的载体。3D 插画与2D 混搭成为新宠。</p><h2>趋势二：微交互的精细化</h2><p>每一个按钮点击、页面切换、状态变化都配有精心设计的微动画。细节决定体验的品质感。</p><h2>趋势三：大面积色彩与渐变</h2><p>大胆的色彩运用回归，但更加克制和有目的性。渐变不再是炫技，而是引导视线和营造氛围的工具。</p><h2>趋势四：玻璃拟态2.0</h2><p>Glassmorphism 进化版，更加克制和实用。配合暗色模式，营造层次感和空间感。</p>',
 'https://picsum.photos/seed/art44/800/450',
 2, 0, 1, 2678, 189, 34, 72, 756.8, '2026-03-12 13:00:00', '2026-03-12 00:00:00', '2026-03-12 13:00:00'),
(45, 9, 17, '从0到1的创业复盘：三次失败教会我的事',
 '创业不是童话，失败才是常态。三次创业失败后，我总结了这些血泪教训，希望能帮你少走弯路。',
 '<h2>第一次：技术驱动的陷阱</h2><p>2019年，我带着一个"完美"的技术方案创业。花6个月开发产品，上线后发现没人用。教训：技术不是目的，解决用户问题才是。</p><h2>第二次：盲目扩张的代价</h2><p>2022年，产品终于有了起色，我迫不及待地扩张团队、增加功能。结果核心体验被稀释，用户反而流失。</p><h2>第三次：忽视现金流的致命错误</h2><p>2024年，一切看起来都在正轨上，但我忽视了现金流管理。一笔大客户回款延迟，差点让公司倒闭。</p><h2>我现在坚信的原则</h2><p>1. 先卖后做，验证需求再投入开发；2. 保持精简，2-3人的团队效率最高；3. 现金流第一，增长第二；4. 创业是一场马拉松，不是百米冲刺。</p>',
 'https://picsum.photos/seed/art45/800/450',
 2, 0, 1, 2345, 167, 42, 78, 678.9, '2026-03-28 15:00:00', '2026-03-28 00:00:00', '2026-03-28 15:00:00'),
(46, 15, 26, '正念冥想入门：每天10分钟改变你的大脑',
 '冥想不是玄学，而是有科学支撑的大脑训练方法。本文介绍正念冥想的基本方法和科学证据，帮你开启冥想之旅。',
 '<h2>什么是正念冥想</h2><p>正念冥想是将注意力集中在当下，不带评判地观察自己的思维和感受。它不是让大脑"放空"，而是训练注意力的聚焦。</p><h2>科学证据</h2><p>哈佛大学研究发现，8周的正念冥想训练可以改变大脑结构：杏仁核（负责焦虑和恐惧）缩小，海马体（负责学习和记忆）增厚。</p><h2>入门方法</h2><p>找一个安静的地方坐下，闭上眼睛，将注意力集中在呼吸上。当思维飘走时（这是必然的），温柔地把注意力拉回呼吸。每天10分钟，坚持8周。</p>',
 'https://picsum.photos/seed/art46/800/450',
 2, 0, 0, 1567, 112, 18, 45, 423.5, '2026-04-08 10:00:00', '2026-04-08 00:00:00', '2026-04-08 10:00:00'),
(47, 13, 16, '金融科技如何重塑银行业',
 '从移动支付到数字信贷，金融科技正在颠覆传统银行业的商业模式。银行如何在这场变革中生存和发展？',
 '<h2>移动支付的普及</h2><p>中国移动支付的渗透率已超过90%，现金使用率持续下降。支付入口成为金融科技争夺的第一战场。</p><h2>数字信贷的崛起</h2><p>基于大数据风控的数字信贷，让小微企业和个人消费者获得了更便捷的融资服务。审批时间从数天缩短至数秒。</p><h2>开放银行</h2><p>开放银行通过API将银行服务嵌入到各种生活场景中。银行不再是客户必须去的地方，而是无处不在的服务。</p><h2>传统银行的转型</h2><p>面对金融科技的冲击，传统银行正在加速数字化转型。但转型的关键不是技术，而是思维方式和组织架构的变革。</p>',
 'https://picsum.photos/seed/art47/800/450',
 2, 0, 0, 1890, 123, 20, 48, 512.3, '2026-04-15 10:00:00', '2026-04-15 00:00:00', '2026-04-15 10:00:00'),
(48, 5, 13, '半导体产业格局：中国芯片的突围之路',
 '半导体是现代工业的"粮食"。面对技术封锁和市场壁垒，中国芯片产业如何突围？',
 '<h2>全球半导体格局</h2><p>美国在芯片设计领域占据主导，韩国和台湾在制造领域领先，日本和欧洲在材料和设备方面有优势。中国是全球最大的芯片消费市场，但自给率不足30%。</p><h2>技术封锁的影响</h2><p>美国对华芯片出口管制不断升级，从7nm制程限制到AI芯片禁售。短期来看，这给中国半导体产业带来了巨大压力。</p><h2>中国芯片的突围路径</h2><p>1. 成熟制程先行：28nm及以上制程实现全面国产化；2. 先进封装：通过Chiplet等技术弥补制程差距；3. 新架构探索：RISC-V开源架构为中国提供了绕过ARM生态的可能。</p>',
 'https://picsum.photos/seed/art48/800/450',
 2, 0, 1, 2345, 167, 26, 67, 645.3, '2026-04-28 10:00:00', '2026-04-28 00:00:00', '2026-04-28 10:00:00'),
(49, 6, 24, '《人类简史》再读：从认知革命到人工智能',
 '尤瓦尔·赫拉利的《人类简史》出版十年后再读，在AI时代有了新的感悟。人类的故事，正在被AI改写。',
 '<h2>认知革命：虚构的力量</h2><p>赫拉利认为，智人之所以能统治地球，是因为我们拥有"虚构"的能力——国家、宗教、货币，都是人类共同想象的产物。</p><h2>农业革命：历史的陷阱</h2><p>赫拉利将农业革命称为"史上最大的骗局"。人类驯化了小麦，但小麦也驯化了人类——更长的劳动时间、更差的营养、更多的疾病。</p><h2>科学革命：无知的发现</h2><p>现代科学与之前的知识体系最大的不同，在于承认自己的无知。这种谦逊的态度，反而催生了人类历史上最强大的知识体系。</p><h2>AI时代的新思考</h2><p>当AI拥有了"虚构"的能力——生成文本、图像、视频——人类的独特性是否还在？AI会不会成为下一个"农业革命"，看似进步实则陷阱？</p>',
 'https://picsum.photos/seed/art49/800/450',
 2, 0, 0, 1789, 134, 22, 52, 489.6, '2026-05-28 14:00:00', '2026-05-28 00:00:00', '2026-05-28 14:00:00'),
(50, 9, 17, '互联网人转型指南：从大厂到创业公司的适应手册',
 '离开大厂的温室，进入创业公司的丛林。身份转变带来的不只是工作方式的变化，更是思维模式的彻底重构。',
 '<h2>大厂思维 vs 创业思维</h2><p>大厂追求流程和规范，创业公司追求速度和灵活。在大厂，做对一件事很重要；在创业公司，做够多的事更重要。</p><h2>最不适应的五件事</h2><p>1. 没有完善的基建，一切从零搭建；2. 决策链条极短，但也意味着没有安全网；3. 角色模糊，一个人要干三个人的活；4. 反馈周期短，好坏很快见分晓；5. 不确定性是常态，计划赶不上变化。</p><h2>转型建议</h2><p>1. 放下"大厂光环"，用结果说话；2. 培养全栈能力，不要只做螺丝钉；3. 学会拥抱不确定性，把它视为机会；4. 建立自己的决策框架，快速试错；5. 保持学习，创业公司需要的是通才。</p>',
 'https://picsum.photos/seed/art50/800/450',
 2, 0, 0, 1567, 98, 19, 34, 423.5, '2026-06-02 10:00:00', '2026-06-02 00:00:00', '2026-06-02 10:00:00'),
(51, 14, 25, '马拉松训练计划：从5公里到全马的进阶之路',
 '完成一场马拉松是很多人的梦想。本文提供一套科学的训练计划，帮助零基础跑者在6个月内完成首个全程马拉松。',
 '<h2>第一阶段：建立跑步习惯（第1-4周）</h2><p>从走跑结合开始，每周3次，每次20-30分钟。目标：能连续慢跑30分钟。</p><h2>第二阶段：提升耐力（第5-12周）</h2><p>每周4次训练，加入长距离慢跑（LSD）。目标：完成10公里。</p><h2>第三阶段：半马准备（第13-18周）</h2><p>每周5次训练，长距离提升到15-18公里。加入间歇训练和节奏跑。目标：完成半程马拉松。</p><h2>第四阶段：全马冲刺（第19-24周）</h2><p>长距离逐步提升到30-35公里。注意减量期安排，赛前2-3周逐步减少训练量。</p>',
 'https://picsum.photos/seed/art51/800/450',
 2, 0, 0, 987, 67, 10, 22, 267.8, '2026-06-08 08:00:00', '2026-06-08 00:00:00', '2026-06-08 08:00:00'),
(52, 15, 25, '极简生活实践：300件物品的轻盈人生',
 '从囤积到极简，我用了两年时间将物品减少到300件。物质越少，内心越丰盈。',
 '<h2>极简不是苦行僧</h2><p>极简生活的本质不是拥有更少，而是只拥有真正需要的。每一件物品都应该有其存在的理由。</p><h2>我的减物过程</h2><h3>第一阶段：断舍离</h3><p>从衣柜开始，一年没穿过的衣服全部处理。然后是书架、厨房、储物间。每一件物品都问自己：它让我开心吗？我最近用过吗？</p><h3>第二阶段：一进一出</h3><p>买一件新的，就必须处理一件旧的。这个规则让我在购物前多了一层思考。</p><h3>第三阶段：品质优先</h3><p>物品少了，但每一件都是精心挑选的。一件好大衣胜过十件快时尚。</p>',
 'https://picsum.photos/seed/art52/800/450',
 2, 0, 0, 1456, 89, 16, 34, 389.2, '2026-06-14 11:00:00', '2026-06-14 00:00:00', '2026-06-14 11:00:00'),
(53, 8, 7, '成都72小时美食地图：从苍蝇馆子到私房菜',
 '成都的美食不在米其林指南里，而在街巷深处。72小时，20家店，带你吃遍最地道的成都味道。',
 '<h2>Day 1：老城区的市井味</h2><p>早餐从一碗甘食记肥肠粉开始，配上军屯锅盔，酥脆与麻辣在口中碰撞。午餐去陈麻婆豆腐，百年老字号的麻婆豆腐依然保持着最正宗的味道。晚餐选在奎星楼街的冒椒火辣，冷锅串串配冰粉，成都人的快乐就是这么简单。</p><h2>Day 2：隐藏的私房味</h2><p>玉林路的小酒馆不只是赵雷歌里的浪漫，更是成都美食的宝藏之地。午餐在玉林综合市场解决，王妈手撕烤兔和黄娘甜不辣是必点。</p><h2>Day 3：周边古镇的乡土味</h2><p>驱车前往黄龙溪古镇，沿江的豆花饭馆是最朴实的味道。回到市区，最后一顿选在建设路的夜市，各种小吃让你吃到扶墙出。</p>',
 'https://picsum.photos/seed/art53/800/450',
 2, 0, 0, 1987, 145, 25, 56, 567.8, '2026-06-17 12:00:00', '2026-06-17 00:00:00', '2026-06-17 12:00:00'),
(54, 13, 28, '暗物质之谜：宇宙中85%的物质我们看不见',
 '暗物质占宇宙物质总量的85%，但我们至今无法直接观测到它。本文介绍暗物质的发现、探测方法和最新研究进展。',
 '<h2>暗物质的发现</h2><p>1933年，天文学家茨威基发现后发座星系团中星系的运动速度远超可见物质引力所能解释的范围。这意味着存在大量看不见的物质——暗物质。</p><h2>暗物质的证据</h2><p>星系旋转曲线、引力透镜、宇宙微波背景辐射……多种独立观测都指向同一个结论：宇宙中存在大量暗物质。</p><h2>探测方法</h2><p>直接探测：在地下实验室寻找暗物质与普通物质的碰撞；间接探测：通过暗物质湮灭产生的射线寻找踪迹；对撞机：在高能碰撞中产生暗物质粒子。</p>',
 'https://picsum.photos/seed/art54/800/450',
 2, 0, 0, 1345, 89, 14, 35, 378.9, '2026-06-19 10:00:00', '2026-06-19 00:00:00', '2026-06-19 10:00:00'),
(55, 10, 21, '自媒体运营指南：从0到10万粉丝的方法论',
 '在内容过剩的时代，如何让你的声音被听到？本文分享一套经过验证的自媒体运营方法论，帮你从0开始构建影响力。',
 '<h2>定位：找到你的差异化</h2><p>不要试图讨好所有人。找到你最擅长、最热爱、市场最需要的交集，这就是你的定位。差异化是自媒体生存的根基。</p><h2>内容：质量与频率的平衡</h2><p>初期追求频率，保持日更或隔日更，积累内容资产。中期追求质量，打造几篇"爆款"内容。长期追求体系，构建自己的知识框架。</p><h2>分发：多平台策略</h2><p>不要把鸡蛋放在一个篮子里。主平台深耕，辅平台同步。不同平台的内容形式需要适配。</p><h2>变现：从流量到价值</h2><p>广告、知识付费、电商、咨询……变现方式取决于你的内容类型和受众画像。不要为了变现而变现，先提供价值，变现是水到渠成的。</p>',
 'https://picsum.photos/seed/art55/800/450',
 2, 0, 0, 1678, 112, 18, 42, 456.7, '2026-06-21 10:00:00', '2026-06-21 00:00:00', '2026-06-21 10:00:00');

ALTER TABLE cms_article AUTO_INCREMENT = 56;


-- ============================================================
-- 5. 作品标签关联数据
-- ============================================================

INSERT INTO cms_article_tag (id, article_id, tag_id) VALUES
(1, 1, 1),
(2, 1, 4),
(3, 1, 8),
(4, 1, 9),
(5, 1, 21),
(6, 2, 1),
(7, 2, 4),
(8, 2, 8),
(9, 2, 21),
(10, 2, 12),
(11, 3, 3),
(12, 3, 10),
(13, 3, 23),
(14, 3, 22),
(15, 3, 25),
(16, 4, 43),
(17, 4, 44),
(18, 4, 45),
(19, 4, 46),
(20, 5, 47),
(21, 5, 45),
(22, 5, 42),
(23, 6, 104),
(24, 6, 13),
(25, 6, 16),
(26, 6, 29),
(27, 7, 15),
(28, 7, 13),
(29, 7, 14),
(30, 7, 17),
(31, 7, 11),
(32, 8, 14),
(33, 8, 13),
(34, 8, 32),
(35, 8, 19),
(36, 9, 105),
(37, 9, 80),
(38, 9, 81),
(39, 9, 89),
(40, 10, 30),
(41, 10, 29),
(42, 10, 84),
(43, 11, 76),
(44, 11, 55),
(45, 11, 77),
(46, 12, 48),
(47, 12, 49),
(48, 12, 44),
(49, 12, 54),
(50, 13, 50),
(51, 13, 94),
(52, 13, 52),
(53, 13, 91),
(54, 14, 68),
(55, 14, 107),
(56, 14, 13),
(57, 15, 71),
(58, 15, 70),
(59, 15, 37),
(60, 15, 106),
(61, 16, 66),
(62, 16, 108),
(63, 16, 62),
(64, 16, 95),
(65, 17, 96),
(66, 17, 54),
(67, 17, 97),
(68, 17, 50),
(69, 18, 91),
(70, 18, 96),
(71, 18, 115),
(72, 19, 59),
(73, 19, 56),
(74, 19, 109),
(75, 19, 60),
(76, 20, 99),
(77, 20, 60),
(78, 20, 42),
(79, 21, 74),
(80, 21, 101),
(81, 21, 73),
(82, 21, 97),
(83, 22, 62),
(84, 22, 114),
(85, 22, 95),
(86, 22, 91),
(87, 23, 36),
(88, 23, 35),
(89, 23, 119),
(90, 23, 34),
(91, 24, 34),
(92, 24, 35),
(93, 24, 119),
(94, 24, 13),
(95, 25, 41),
(96, 25, 37),
(97, 25, 88),
(98, 25, 119),
(99, 26, 39),
(100, 26, 119),
(101, 26, 35),
(102, 27, 38),
(103, 27, 47),
(104, 27, 45),
(105, 28, 84),
(106, 28, 89),
(107, 28, 13),
(108, 28, 29),
(109, 29, 44),
(110, 29, 90),
(111, 29, 45),
(112, 29, 43),
(113, 30, 87),
(114, 30, 40),
(115, 30, 114),
(116, 30, 13),
(117, 31, 86),
(118, 31, 112),
(119, 31, 77),
(120, 32, 78),
(121, 32, 45),
(122, 32, 84),
(123, 32, 47),
(124, 33, 82),
(125, 33, 116),
(126, 33, 119),
(127, 33, 6),
(128, 34, 27),
(129, 34, 118),
(130, 34, 49),
(131, 35, 106),
(132, 35, 13),
(133, 35, 70),
(134, 35, 72),
(135, 36, 92),
(136, 36, 56),
(137, 36, 57),
(138, 36, 91),
(139, 37, 99),
(140, 37, 60),
(141, 37, 47),
(142, 38, 66),
(143, 38, 119),
(144, 38, 97),
(145, 39, 72),
(146, 39, 70),
(147, 39, 47),
(148, 40, 108),
(149, 40, 120),
(150, 40, 21),
(151, 41, 21),
(152, 41, 1),
(153, 41, 8),
(154, 41, 4),
(155, 42, 25),
(156, 42, 24),
(157, 42, 26),
(158, 42, 23),
(159, 43, 13),
(160, 43, 15),
(161, 43, 11),
(162, 43, 22),
(163, 44, 56),
(164, 44, 57),
(165, 44, 58),
(166, 44, 59),
(167, 45, 50),
(168, 45, 94),
(169, 45, 98),
(170, 45, 97),
(171, 46, 62),
(172, 46, 103),
(173, 46, 97),
(174, 46, 114),
(175, 47, 49),
(176, 47, 48),
(177, 47, 96),
(178, 48, 31),
(179, 48, 82),
(180, 48, 119),
(181, 48, 13),
(182, 49, 64),
(183, 49, 63),
(184, 49, 96),
(185, 49, 13),
(186, 50, 98),
(187, 50, 50),
(188, 50, 97),
(189, 50, 52),
(190, 51, 74),
(191, 51, 101),
(192, 51, 73),
(193, 52, 102),
(194, 52, 97),
(195, 52, 62),
(196, 53, 100),
(197, 53, 99),
(198, 54, 39),
(199, 54, 35),
(200, 54, 119),
(201, 55, 108),
(202, 55, 51),
(203, 55, 56),
(204, 55, 21);

ALTER TABLE cms_article_tag AUTO_INCREMENT = 205;


-- ============================================================
-- 6. 作品图片数据
-- ============================================================

INSERT INTO cms_article_image (id, article_id, url, type, width, height, sort_order, created_at) VALUES
(1, 1, 'https://picsum.photos/seed/img1/800/450', 1, 1200, 675, 0, '2026-01-15 10:00:00'),
(2, 1, 'https://picsum.photos/seed/img2/800/450', 1, 1200, 675, 1, '2026-01-15 10:00:00'),
(3, 1, 'https://picsum.photos/seed/img3/800/450', 1, 1200, 675, 2, '2026-01-15 10:00:00'),
(4, 2, 'https://picsum.photos/seed/img4/800/450', 1, 1200, 675, 0, '2026-01-15 10:00:00'),
(5, 2, 'https://picsum.photos/seed/img5/800/450', 1, 1200, 675, 1, '2026-01-15 10:00:00'),
(6, 2, 'https://picsum.photos/seed/img6/800/450', 1, 1200, 675, 2, '2026-01-15 10:00:00'),
(7, 3, 'https://picsum.photos/seed/img7/800/450', 1, 1200, 675, 0, '2026-01-15 10:00:00'),
(8, 3, 'https://picsum.photos/seed/img8/800/450', 1, 1200, 675, 1, '2026-01-15 10:00:00'),
(9, 3, 'https://picsum.photos/seed/img9/800/450', 1, 1200, 675, 2, '2026-01-15 10:00:00'),
(10, 4, 'https://picsum.photos/seed/img10/800/450', 1, 1200, 675, 0, '2026-01-15 10:00:00'),
(11, 4, 'https://picsum.photos/seed/img11/800/450', 1, 1200, 675, 1, '2026-01-15 10:00:00'),
(12, 4, 'https://picsum.photos/seed/img12/800/450', 1, 1200, 675, 2, '2026-01-15 10:00:00'),
(13, 5, 'https://picsum.photos/seed/img13/800/450', 1, 1200, 675, 0, '2026-01-15 10:00:00'),
(14, 5, 'https://picsum.photos/seed/img14/800/450', 1, 1200, 675, 1, '2026-01-15 10:00:00'),
(15, 5, 'https://picsum.photos/seed/img15/800/450', 1, 1200, 675, 2, '2026-01-15 10:00:00'),
(16, 6, 'https://picsum.photos/seed/img16/800/450', 1, 1200, 675, 0, '2026-01-15 10:00:00'),
(17, 6, 'https://picsum.photos/seed/img17/800/450', 1, 1200, 675, 1, '2026-01-15 10:00:00'),
(18, 6, 'https://picsum.photos/seed/img18/800/450', 1, 1200, 675, 2, '2026-01-15 10:00:00'),
(19, 7, 'https://picsum.photos/seed/img19/800/450', 1, 1200, 675, 0, '2026-01-15 10:00:00'),
(20, 7, 'https://picsum.photos/seed/img20/800/450', 1, 1200, 675, 1, '2026-01-15 10:00:00'),
(21, 7, 'https://picsum.photos/seed/img21/800/450', 1, 1200, 675, 2, '2026-01-15 10:00:00'),
(22, 8, 'https://picsum.photos/seed/img22/800/450', 1, 1200, 675, 0, '2026-01-15 10:00:00'),
(23, 8, 'https://picsum.photos/seed/img23/800/450', 1, 1200, 675, 1, '2026-01-15 10:00:00'),
(24, 8, 'https://picsum.photos/seed/img24/800/450', 1, 1200, 675, 2, '2026-01-15 10:00:00'),
(25, 9, 'https://picsum.photos/seed/img25/800/450', 1, 1200, 675, 0, '2026-01-15 10:00:00'),
(26, 9, 'https://picsum.photos/seed/img26/800/450', 1, 1200, 675, 1, '2026-01-15 10:00:00'),
(27, 9, 'https://picsum.photos/seed/img27/800/450', 1, 1200, 675, 2, '2026-01-15 10:00:00'),
(28, 10, 'https://picsum.photos/seed/img28/800/450', 1, 1200, 675, 0, '2026-01-15 10:00:00'),
(29, 10, 'https://picsum.photos/seed/img29/800/450', 1, 1200, 675, 1, '2026-01-15 10:00:00'),
(30, 10, 'https://picsum.photos/seed/img30/800/450', 1, 1200, 675, 2, '2026-01-15 10:00:00'),
(31, 11, 'https://picsum.photos/seed/img31/800/450', 1, 1200, 675, 0, '2026-01-15 10:00:00'),
(32, 11, 'https://picsum.photos/seed/img32/800/450', 1, 1200, 675, 1, '2026-01-15 10:00:00'),
(33, 12, 'https://picsum.photos/seed/img33/800/450', 1, 1200, 675, 0, '2026-01-15 10:00:00'),
(34, 12, 'https://picsum.photos/seed/img34/800/450', 1, 1200, 675, 1, '2026-01-15 10:00:00'),
(35, 13, 'https://picsum.photos/seed/img35/800/450', 1, 1200, 675, 0, '2026-01-15 10:00:00'),
(36, 13, 'https://picsum.photos/seed/img36/800/450', 1, 1200, 675, 1, '2026-01-15 10:00:00'),
(37, 14, 'https://picsum.photos/seed/img37/800/450', 1, 1200, 675, 0, '2026-01-15 10:00:00'),
(38, 14, 'https://picsum.photos/seed/img38/800/450', 1, 1200, 675, 1, '2026-01-15 10:00:00'),
(39, 15, 'https://picsum.photos/seed/img39/800/450', 1, 1200, 675, 0, '2026-01-15 10:00:00'),
(40, 15, 'https://picsum.photos/seed/img40/800/450', 1, 1200, 675, 1, '2026-01-15 10:00:00'),
(41, 16, 'https://picsum.photos/seed/img41/800/450', 1, 1200, 675, 0, '2026-01-15 10:00:00'),
(42, 16, 'https://picsum.photos/seed/img42/800/450', 1, 1200, 675, 1, '2026-01-15 10:00:00'),
(43, 17, 'https://picsum.photos/seed/img43/800/450', 1, 1200, 675, 0, '2026-01-15 10:00:00'),
(44, 17, 'https://picsum.photos/seed/img44/800/450', 1, 1200, 675, 1, '2026-01-15 10:00:00'),
(45, 18, 'https://picsum.photos/seed/img45/800/450', 1, 1200, 675, 0, '2026-01-15 10:00:00'),
(46, 18, 'https://picsum.photos/seed/img46/800/450', 1, 1200, 675, 1, '2026-01-15 10:00:00'),
(47, 19, 'https://picsum.photos/seed/img47/800/450', 1, 1200, 675, 0, '2026-01-15 10:00:00'),
(48, 19, 'https://picsum.photos/seed/img48/800/450', 1, 1200, 675, 1, '2026-01-15 10:00:00'),
(49, 20, 'https://picsum.photos/seed/img49/800/450', 1, 1200, 675, 0, '2026-01-15 10:00:00'),
(50, 20, 'https://picsum.photos/seed/img50/800/450', 1, 1200, 675, 1, '2026-01-15 10:00:00'),
(51, 21, 'https://picsum.photos/seed/img51/800/450', 1, 1200, 675, 0, '2026-01-15 10:00:00'),
(52, 21, 'https://picsum.photos/seed/img52/800/450', 1, 1200, 675, 1, '2026-01-15 10:00:00'),
(53, 22, 'https://picsum.photos/seed/img53/800/450', 1, 1200, 675, 0, '2026-01-15 10:00:00'),
(54, 22, 'https://picsum.photos/seed/img54/800/450', 1, 1200, 675, 1, '2026-01-15 10:00:00'),
(55, 23, 'https://picsum.photos/seed/img55/800/450', 1, 1200, 675, 0, '2026-01-15 10:00:00'),
(56, 23, 'https://picsum.photos/seed/img56/800/450', 1, 1200, 675, 1, '2026-01-15 10:00:00'),
(57, 24, 'https://picsum.photos/seed/img57/800/450', 1, 1200, 675, 0, '2026-01-15 10:00:00'),
(58, 24, 'https://picsum.photos/seed/img58/800/450', 1, 1200, 675, 1, '2026-01-15 10:00:00'),
(59, 25, 'https://picsum.photos/seed/img59/800/450', 1, 1200, 675, 0, '2026-01-15 10:00:00'),
(60, 25, 'https://picsum.photos/seed/img60/800/450', 1, 1200, 675, 1, '2026-01-15 10:00:00'),
(61, 26, 'https://picsum.photos/seed/img61/800/450', 1, 1200, 675, 0, '2026-01-15 10:00:00'),
(62, 26, 'https://picsum.photos/seed/img62/800/450', 1, 1200, 675, 1, '2026-01-15 10:00:00'),
(63, 27, 'https://picsum.photos/seed/img63/800/450', 1, 1200, 675, 0, '2026-01-15 10:00:00'),
(64, 27, 'https://picsum.photos/seed/img64/800/450', 1, 1200, 675, 1, '2026-01-15 10:00:00'),
(65, 28, 'https://picsum.photos/seed/img65/800/450', 1, 1200, 675, 0, '2026-01-15 10:00:00'),
(66, 28, 'https://picsum.photos/seed/img66/800/450', 1, 1200, 675, 1, '2026-01-15 10:00:00'),
(67, 29, 'https://picsum.photos/seed/img67/800/450', 1, 1200, 675, 0, '2026-01-15 10:00:00'),
(68, 29, 'https://picsum.photos/seed/img68/800/450', 1, 1200, 675, 1, '2026-01-15 10:00:00'),
(69, 30, 'https://picsum.photos/seed/img69/800/450', 1, 1200, 675, 0, '2026-01-15 10:00:00'),
(70, 30, 'https://picsum.photos/seed/img70/800/450', 1, 1200, 675, 1, '2026-01-15 10:00:00'),
(71, 31, 'https://picsum.photos/seed/img71/800/450', 1, 1200, 675, 0, '2026-01-15 10:00:00'),
(72, 32, 'https://picsum.photos/seed/img72/800/450', 1, 1200, 675, 0, '2026-01-15 10:00:00'),
(73, 33, 'https://picsum.photos/seed/img73/800/450', 1, 1200, 675, 0, '2026-01-15 10:00:00'),
(74, 34, 'https://picsum.photos/seed/img74/800/450', 1, 1200, 675, 0, '2026-01-15 10:00:00'),
(75, 35, 'https://picsum.photos/seed/img75/800/450', 1, 1200, 675, 0, '2026-01-15 10:00:00'),
(76, 36, 'https://picsum.photos/seed/img76/800/450', 1, 1200, 675, 0, '2026-01-15 10:00:00'),
(77, 37, 'https://picsum.photos/seed/img77/800/450', 1, 1200, 675, 0, '2026-01-15 10:00:00'),
(78, 38, 'https://picsum.photos/seed/img78/800/450', 1, 1200, 675, 0, '2026-01-15 10:00:00'),
(79, 39, 'https://picsum.photos/seed/img79/800/450', 1, 1200, 675, 0, '2026-01-15 10:00:00'),
(80, 40, 'https://picsum.photos/seed/img80/800/450', 1, 1200, 675, 0, '2026-01-15 10:00:00'),
(81, 41, 'https://picsum.photos/seed/img81/800/450', 1, 1200, 675, 0, '2026-01-15 10:00:00'),
(82, 42, 'https://picsum.photos/seed/img82/800/450', 1, 1200, 675, 0, '2026-01-15 10:00:00'),
(83, 43, 'https://picsum.photos/seed/img83/800/450', 1, 1200, 675, 0, '2026-01-15 10:00:00'),
(84, 44, 'https://picsum.photos/seed/img84/800/450', 1, 1200, 675, 0, '2026-01-15 10:00:00'),
(85, 45, 'https://picsum.photos/seed/img85/800/450', 1, 1200, 675, 0, '2026-01-15 10:00:00'),
(86, 46, 'https://picsum.photos/seed/img86/800/450', 1, 1200, 675, 0, '2026-01-15 10:00:00'),
(87, 47, 'https://picsum.photos/seed/img87/800/450', 1, 1200, 675, 0, '2026-01-15 10:00:00'),
(88, 48, 'https://picsum.photos/seed/img88/800/450', 1, 1200, 675, 0, '2026-01-15 10:00:00'),
(89, 49, 'https://picsum.photos/seed/img89/800/450', 1, 1200, 675, 0, '2026-01-15 10:00:00'),
(90, 50, 'https://picsum.photos/seed/img90/800/450', 1, 1200, 675, 0, '2026-01-15 10:00:00'),
(91, 51, 'https://picsum.photos/seed/img91/800/450', 1, 1200, 675, 0, '2026-01-15 10:00:00'),
(92, 52, 'https://picsum.photos/seed/img92/800/450', 1, 1200, 675, 0, '2026-01-15 10:00:00'),
(93, 53, 'https://picsum.photos/seed/img93/800/450', 1, 1200, 675, 0, '2026-01-15 10:00:00'),
(94, 54, 'https://picsum.photos/seed/img94/800/450', 1, 1200, 675, 0, '2026-01-15 10:00:00'),
(95, 55, 'https://picsum.photos/seed/img95/800/450', 1, 1200, 675, 0, '2026-01-15 10:00:00');

ALTER TABLE cms_article_image AUTO_INCREMENT = 96;


-- ============================================================
-- 7. 评论数据
-- ============================================================

INSERT INTO cms_comment (id, article_id, user_id, parent_id, reply_to_id, content, status, like_count, created_at) VALUES
(1, 1, 11, 0, 0, '写得很好！2026年前端确实变化很大，AI辅助开发已经成了我日常的一部分了', 1, 12, '2026-01-16 08:30:00'),
(2, 1, 5, 0, 0, '作为前端开发者，深有感触。Vite确实改变了开发体验，现在回不去Webpack了', 1, 8, '2026-01-16 10:15:00'),
(3, 1, 12, 2, 2, '同意！而且Nuxt 3的Server Routes让全栈开发变得特别自然', 1, 5, '2026-01-16 14:20:00'),
(4, 1, 3, 0, 0, '补充一点：Bun作为运行时也值得关注，启动速度比Node快很多', 1, 15, '2026-01-17 09:00:00'),
(5, 7, 3, 0, 0, 'RAG架构讲得很清晰！我们团队正在用这个方案做企业知识库，效果不错', 1, 18, '2026-04-06 10:00:00'),
(6, 7, 4, 0, 0, '向量数据库选型那部分很实用，我们最终选了Milvus，支持大规模场景', 1, 9, '2026-04-06 11:30:00'),
(7, 7, 11, 5, 5, '请问你们用的什么embedding模型？效果怎么样？', 1, 3, '2026-04-06 14:00:00'),
(8, 7, 3, 5, 7, '推荐bge-large-zh，中文效果很好，而且开源', 1, 7, '2026-04-06 15:20:00'),
(9, 7, 13, 0, 0, 'Prompt Engineering部分可以再深入一些，推荐看看CoT的最新变体', 1, 6, '2026-04-07 09:00:00'),
(10, 2, 11, 0, 0, '组合式API确实比选项式API好组织代码，特别是复杂组件', 1, 10, '2026-01-21 08:00:00'),
(11, 2, 5, 0, 0, 'Composable函数设计原则那部分总结得很好，收藏了！', 1, 7, '2026-01-21 09:30:00'),
(12, 2, 3, 0, 0, '建议补充一下Pinia在组合式API中的最佳实践，很多人还在用Vuex', 1, 12, '2026-01-21 14:00:00'),
(13, 3, 3, 0, 0, '微服务拆分的粒度很重要，太细反而增加复杂度', 1, 9, '2026-02-11 08:00:00'),
(14, 3, 9, 0, 0, '我们公司正在从单体迁移到微服务，Outbox Pattern确实解决了不少问题', 1, 6, '2026-02-11 10:00:00'),
(15, 3, 13, 14, 14, 'Outbox Pattern的实现有没有推荐的开源框架？', 1, 4, '2026-02-11 12:00:00'),
(16, 3, 3, 15, 15, '可以看看Debezium，做CDC很好用', 1, 8, '2026-02-11 14:00:00'),
(17, 4, 6, 0, 0, '钙钛矿电池的突破确实令人振奋，希望成本能继续下降', 1, 5, '2026-02-19 08:00:00'),
(18, 4, 8, 0, 0, '储能技术是新能源的关键，钠离子电池的发展值得关注', 1, 4, '2026-02-19 10:00:00'),
(19, 5, 7, 0, 0, '都江堰真的是人类工程的奇迹，两千年了还在用！', 1, 11, '2026-03-06 09:00:00'),
(20, 5, 6, 0, 0, '南水北调改变了北方很多城市的用水格局，我家就在受益区', 1, 7, '2026-03-06 14:00:00'),
(21, 6, 8, 0, 0, '无人机植保效率太惊人了，我爸种地的现在也用上了', 1, 6, '2026-03-16 08:00:00'),
(22, 6, 11, 0, 0, 'AI病虫害识别的准确率95%以上，比很多老农的经验还准', 1, 4, '2026-03-16 10:00:00'),
(23, 8, 4, 0, 0, '量化那部分讲得很清楚，PTQ和QAT的取舍确实要看场景', 1, 8, '2026-04-13 08:00:00'),
(24, 8, 3, 0, 0, 'TensorRT在NVIDIA上确实快，但跨平台还是ONNX Runtime更方便', 1, 6, '2026-04-13 10:00:00'),
(25, 9, 3, 0, 0, '数字孪生在制造业的应用越来越广泛了，我们工厂也在用', 1, 5, '2026-04-21 08:00:00'),
(26, 9, 9, 0, 0, '柔性生产是趋势，消费者越来越追求个性化', 1, 4, '2026-04-21 10:00:00'),
(27, 10, 5, 0, 0, '6G的太赫兹通信听起来很科幻，但技术路线已经在推进了', 1, 7, '2026-05-09 08:00:00'),
(28, 10, 3, 0, 0, '全息视频通话如果实现了，远程办公体验会完全不同', 1, 5, '2026-05-09 10:00:00'),
(29, 11, 3, 0, 0, '中国高铁的发展速度确实令世界瞩目，复兴号乘坐体验很棒', 1, 9, '2026-05-16 08:00:00'),
(30, 11, 7, 0, 0, '雅万高铁是中国高铁走出去的标杆项目，意义重大', 1, 6, '2026-05-16 10:00:00'),
(31, 12, 9, 0, 0, '全球经济确实面临很多不确定性，但中国的新能源产业是亮点', 1, 8, '2026-01-26 08:00:00'),
(32, 12, 13, 0, 0, '碳定价机制推广对绿色经济转型很重要，期待更多国家加入', 1, 5, '2026-01-26 10:00:00'),
(33, 13, 9, 0, 0, 'PMF确实是创业最关键的里程碑，没有PMF一切增长都是虚假的', 1, 7, '2026-02-09 08:00:00'),
(34, 13, 11, 0, 0, '"从问题出发而非解决方案"这个观点太重要了，很多创业者搞反了', 1, 6, '2026-02-09 10:00:00'),
(35, 14, 6, 0, 0, 'AI个性化学习确实有潜力，但也不能完全替代老师的引导', 1, 5, '2026-02-23 08:00:00'),
(36, 14, 11, 0, 0, '混合式学习是未来的方向，线上线下的优势互补', 1, 4, '2026-02-23 10:00:00'),
(37, 15, 8, 0, 0, '中医现代化需要更多这样的理性讨论，而不是简单的否定或盲从', 1, 6, '2026-03-11 08:00:00'),
(38, 15, 6, 0, 0, '针灸的神经科学解释很有意思，传统和现代并不矛盾', 1, 4, '2026-03-11 10:00:00'),
(39, 16, 10, 0, 0, '深度阅读确实越来越稀缺了，我自己也很难静下心来看长文', 1, 9, '2026-03-23 08:00:00'),
(40, 16, 15, 0, 0, '"用短视频激发兴趣，用深度阅读构建体系"这个观点很好', 1, 7, '2026-03-23 10:00:00'),
(41, 17, 6, 0, 0, '纳瓦尔关于杠杆的观点改变了我对工作的认知，开始构建自己的媒体杠杆', 1, 14, '2026-04-11 08:00:00'),
(42, 17, 9, 0, 0, '"不要通过出租时间来赚钱"这句话太深刻了', 1, 11, '2026-04-11 10:00:00'),
(43, 17, 11, 0, 0, '读完也开始写博客了，三个月下来确实收获很大', 1, 8, '2026-04-11 14:00:00'),
(44, 18, 6, 0, 0, '系统思维确实是看问题的重要工具，推荐配合《第五项修炼》一起看', 1, 6, '2026-04-19 08:00:00'),
(45, 18, 15, 0, 0, '杠杆点那部分很有启发，最强大的杠杆点往往最不直观', 1, 5, '2026-04-19 10:00:00'),
(46, 20, 7, 0, 0, '京都的秋天太美了！清水寺的红叶让我至今难忘', 1, 13, '2026-05-11 08:00:00'),
(47, 20, 15, 0, 0, '千本鸟居配红叶，这个画面太美了，已加入旅行清单', 1, 9, '2026-05-11 10:00:00'),
(48, 20, 11, 0, 0, '请问签证好办吗？想去但是不太了解流程', 1, 3, '2026-05-11 14:00:00'),
(49, 20, 7, 48, 48, '日本旅游签证现在很方便，淘宝上找旅行社代办就行', 1, 5, '2026-05-11 16:00:00'),
(50, 22, 6, 0, 0, '确认偏差那部分太真实了，社交媒体的信息茧房问题确实严重', 1, 10, '2026-05-26 08:00:00'),
(51, 22, 15, 0, 0, '达克效应在职场中经常看到，越是新手越自信', 1, 8, '2026-05-26 10:00:00'),
(52, 22, 11, 0, 0, '沉没成本谬误让我想起了之前坚持用了三年的烂项目……', 1, 6, '2026-05-26 14:00:00'),
(53, 23, 4, 0, 0, '黎曼猜想的科普写得很好，非数学专业也能看懂', 1, 7, '2026-01-31 08:00:00'),
(54, 23, 13, 0, 0, 'AI辅助证明在数学研究中的应用确实越来越多了', 1, 5, '2026-01-31 10:00:00'),
(55, 24, 4, 0, 0, '量子计算的科普很到位，终于理解了叠加态的概念', 1, 8, '2026-02-16 08:00:00'),
(56, 24, 3, 0, 0, '量子退相干确实是最大的挑战，期待技术突破', 1, 5, '2026-02-16 10:00:00'),
(57, 25, 13, 0, 0, 'CRISPR在医疗领域的应用前景太广阔了，遗传病治疗是最大的希望', 1, 9, '2026-03-02 08:00:00'),
(58, 25, 6, 0, 0, '基因编辑的伦理边界确实需要全社会讨论，不能只由科学家决定', 1, 7, '2026-03-02 10:00:00'),
(59, 28, 4, 0, 0, '城市大脑的概念很好，但隐私保护也需要重视', 1, 6, '2026-04-26 08:00:00'),
(60, 28, 9, 0, 0, '数字孪生城市如果实现了，城市规划会变得更加科学', 1, 4, '2026-04-26 10:00:00'),
(61, 29, 9, 0, 0, '3060目标挑战很大，但中国的新能源发展速度超出预期', 1, 7, '2026-05-06 08:00:00'),
(62, 29, 8, 0, 0, '碳捕集技术的成本还需要大幅下降才能大规模应用', 1, 5, '2026-05-06 10:00:00'),
(63, 30, 4, 0, 0, '脑机接口在医疗领域的应用令人振奋，帮助瘫痪患者重新行走', 1, 8, '2026-05-13 08:00:00'),
(64, 30, 6, 0, 0, '思维隐私的问题确实很深刻，需要在技术发展之前建立伦理框架', 1, 6, '2026-05-13 10:00:00'),
(65, 31, 3, 0, 0, '商业航天的发展速度超出想象，SpaceX的可回收技术改变了游戏规则', 1, 7, '2026-05-21 08:00:00'),
(66, 31, 9, 0, 0, '中国民营航天的崛起速度也很快，朱雀二号是个里程碑', 1, 5, '2026-05-21 10:00:00'),
(67, 40, 11, 0, 0, '终于有一个注重内容质量的平台了！期待知讯的发展', 1, 15, '2026-06-23 08:00:00'),
(68, 40, 6, 0, 0, '个性化推荐不追热点这个理念很好，支持！', 1, 12, '2026-06-23 09:00:00'),
(69, 40, 3, 0, 0, '创作者友好的平台太少了，知讯的编辑器体验确实不错', 1, 9, '2026-06-23 10:00:00'),
(70, 40, 5, 0, 0, '已注册！准备开始写前端方面的作品', 1, 7, '2026-06-23 11:00:00'),
(71, 44, 10, 0, 0, '情感化设计确实是2026年的大趋势，纯极简已经审美疲劳了', 1, 8, '2026-03-13 08:00:00'),
(72, 44, 5, 0, 0, '微交互的精细化太重要了，细节决定体验的品质感', 1, 6, '2026-03-13 10:00:00'),
(73, 45, 9, 0, 0, '三次失败的经验比成功学有用多了，感谢分享', 1, 10, '2026-03-29 08:00:00'),
(74, 45, 11, 0, 0, '"先卖后做"这个原则太重要了，我之前就是先做后卖，浪费了很多时间', 1, 7, '2026-03-29 10:00:00'),
(75, 46, 15, 0, 0, '冥想确实改变了我的焦虑状态，坚持了三个月效果很明显', 1, 6, '2026-04-09 08:00:00'),
(76, 46, 6, 0, 0, '哈佛的研究很有说服力，8周就能改变大脑结构', 1, 5, '2026-04-09 10:00:00'),
(77, 48, 5, 0, 0, 'RISC-V确实是中国芯片突围的重要方向，开源架构绕过了ARM的限制', 1, 7, '2026-04-29 08:00:00'),
(78, 48, 3, 0, 0, 'Chiplet先进封装是短期内弥补制程差距的有效方案', 1, 5, '2026-04-29 10:00:00'),
(79, 49, 6, 0, 0, '在AI时代重读人类简史确实有新的感悟，"虚构"的能力不再人类独有', 1, 8, '2026-05-29 08:00:00'),
(80, 49, 15, 0, 0, 'AI会不会成为下一个"农业革命"这个角度很有意思', 1, 6, '2026-05-29 10:00:00'),
(81, 53, 8, 0, 0, '成都美食太棒了！冒椒火辣的冷锅串串是我的最爱', 1, 9, '2026-06-18 08:00:00'),
(82, 53, 14, 0, 0, '陈麻婆豆腐确实正宗，上次去成都吃了三回', 1, 6, '2026-06-18 10:00:00'),
(83, 37, 7, 0, 0, '冰岛一直是我的梦想目的地，蓝冰洞太震撼了', 1, 8, '2026-06-16 08:00:00'),
(84, 37, 15, 0, 0, '极光配冰川，这画面太美了！请问自驾有什么需要注意的？', 1, 5, '2026-06-16 10:00:00'),
(85, 37, 7, 84, 84, '冬季自驾一定租4WD，注意路况和天气预警', 1, 4, '2026-06-16 12:00:00'),
(86, 21, 14, 0, 0, '居家健身8周确实有效，我现在已经坚持到第6周了', 1, 5, '2026-05-19 08:00:00'),
(87, 26, 13, 0, 0, '韦伯望远镜的发现不断刷新认知，早期星系比理论预测的更成熟', 1, 6, '2026-03-19 08:00:00'),
(88, 35, 8, 0, 0, 'AI辅助诊断的准确率超过资深医生，这在几年前还不敢想', 1, 7, '2026-06-11 08:00:00'),
(89, 43, 4, 0, 0, 'LangChain生态确实最完善，但学习曲线也比较陡', 1, 5, '2026-02-26 08:00:00'),
(90, 43, 3, 0, 0, 'CrewAI的多Agent协作模式很有意思，适合复杂任务拆解', 1, 4, '2026-02-26 10:00:00'),
(91, 19, 15, 0, 0, 'NFT泡沫退去后，真正有价值的数字艺术项目开始显现', 1, 5, '2026-05-03 08:00:00'),
(92, 32, 10, 0, 0, '垂直森林的概念太棒了，城市和自然可以共存', 1, 6, '2026-06-02 08:00:00'),
(93, 33, 3, 0, 0, '石墨烯的应用前景太广阔了，就是量产还是个问题', 1, 4, '2026-06-06 08:00:00'),
(94, 34, 9, 0, 0, '数据隐私和便利之间的平衡确实很难，联邦学习是个好方向', 1, 5, '2026-06-09 08:00:00'),
(95, 36, 10, 0, 0, '设计思维不仅适用于设计，在产品和管理中也很实用', 1, 4, '2026-06-13 08:00:00'),
(96, 38, 15, 0, 0, '"好作品是改出来的"这句话太对了，第一稿永远不够好', 1, 3, '2026-06-19 08:00:00'),
(97, 39, 8, 0, 0, '后疫情时代的公共卫生体系确实需要重建，AI早期预警系统很有必要', 1, 4, '2026-06-21 08:00:00'),
(98, 50, 9, 0, 0, '从大厂到创业公司的转型确实需要思维模式的转变', 1, 5, '2026-06-03 08:00:00'),
(99, 51, 14, 0, 0, '6个月从零到全马太厉害了，我跑个5公里都喘', 1, 3, '2026-06-09 08:00:00'),
(100, 52, 15, 0, 0, '极简生活确实让人更轻松，我也在尝试断舍离', 1, 4, '2026-06-15 08:00:00'),
(101, 54, 13, 0, 0, '暗物质占了宇宙85%的物质，但我们居然看不见它，太神秘了', 1, 5, '2026-06-20 08:00:00'),
(102, 55, 10, 0, 0, '自媒体运营的方法论很实用，定位确实是第一步', 1, 3, '2026-06-22 08:00:00'),
(103, 7, 5, 0, 0, 'RAG架构的向量检索部分，建议补充一下hybrid search的方案', 1, 4, '2026-04-08 09:00:00'),
(104, 1, 4, 0, 0, 'Bun确实值得关注，但生态还不够成熟，生产环境还是要谨慎', 1, 6, '2026-01-18 08:00:00'),
(105, 17, 12, 0, 0, '读完这本书最大的收获是开始思考"杠杆"这个概念', 1, 5, '2026-04-12 08:00:00'),
(106, 22, 9, 0, 0, '认知偏差的图鉴很实用，建议做成卡片分享', 1, 4, '2026-05-27 08:00:00'),
(107, 40, 7, 0, 0, '知讯的内容审核机制做得不错，希望能保持高质量', 1, 6, '2026-06-23 14:00:00'),
(108, 40, 9, 0, 0, '作为创业者，很需要一个专注深度内容的平台', 1, 4, '2026-06-23 15:00:00'),
(109, 12, 8, 0, 0, '中国经济的转型方向是对的，新能源和AI是新的增长引擎', 1, 5, '2026-01-27 08:00:00'),
(110, 25, 11, 0, 0, '基因编辑在农业上的应用可能比医疗更快落地', 1, 3, '2026-03-03 08:00:00'),
(111, 30, 3, 0, 0, '脑机接口的伦理问题比技术问题更难解决', 1, 4, '2026-05-14 08:00:00'),
(112, 31, 7, 0, 0, '太空旅游什么时候能降到普通人能承受的价格？', 1, 3, '2026-05-22 08:00:00'),
(113, 44, 15, 0, 0, '玻璃拟态2.0比1.0克制多了，配合暗色模式效果很好', 1, 4, '2026-03-14 08:00:00'),
(114, 45, 12, 0, 0, '现金流管理确实是创业公司的生命线，深有体会', 1, 5, '2026-03-30 08:00:00'),
(115, 48, 4, 0, 0, '半导体产业链太长了，中国需要全链条突破', 1, 3, '2026-04-30 08:00:00'),
(116, 8, 11, 0, 0, '模型优化那部分讲得很好，我们也在做类似的工作', 1, 4, '2026-04-14 08:00:00'),
(117, 9, 9, 0, 0, '工业互联网和5G的结合确实能大幅提升生产效率', 1, 3, '2026-04-22 08:00:00'),
(118, 10, 3, 0, 0, '6G的通信感知一体化是个很有意思的方向', 1, 2, '2026-05-10 08:00:00'),
(119, 11, 7, 0, 0, '中国高铁走出去的意义不仅是经济上的，更是外交上的', 1, 4, '2026-05-17 08:00:00'),
(120, 14, 11, 0, 0, 'AI辅导系统在K12教育中的应用前景很广阔', 1, 3, '2026-02-24 08:00:00');

ALTER TABLE cms_comment AUTO_INCREMENT = 121;


-- ============================================================
-- 8. 点赞数据 (target_type: 1=作品, 2=评论)
-- ============================================================

INSERT INTO cms_like (id, user_id, target_id, target_type, created_at) VALUES
(1, 1, 1, 1, '2026-03-07 00:00:00'),
(2, 2, 1, 1, '2026-05-06 04:00:00'),
(3, 3, 1, 1, '2026-01-24 13:00:00'),
(4, 4, 1, 1, '2026-03-21 21:00:00'),
(5, 5, 1, 1, '2026-04-08 04:00:00'),
(6, 6, 1, 1, '2026-01-08 02:00:00'),
(7, 7, 1, 1, '2026-06-24 22:00:00'),
(8, 8, 1, 1, '2026-06-27 14:00:00'),
(9, 9, 1, 1, '2026-06-02 00:00:00'),
(10, 10, 1, 1, '2026-06-08 03:00:00'),
(11, 11, 1, 1, '2026-05-17 01:00:00'),
(12, 12, 1, 1, '2026-02-05 19:00:00'),
(13, 13, 1, 1, '2026-02-13 16:00:00'),
(14, 14, 1, 1, '2026-02-18 23:00:00'),
(15, 15, 1, 1, '2026-02-21 02:00:00'),
(16, 3, 2, 1, '2026-01-05 08:00:00'),
(17, 5, 2, 1, '2026-03-22 14:00:00'),
(18, 11, 2, 1, '2026-06-16 05:00:00'),
(19, 6, 3, 1, '2026-03-16 08:00:00'),
(20, 4, 3, 1, '2026-03-19 10:00:00'),
(21, 3, 7, 1, '2026-04-26 16:00:00'),
(22, 4, 7, 1, '2026-05-24 14:00:00'),
(23, 5, 7, 1, '2026-03-08 18:00:00'),
(24, 6, 7, 1, '2026-02-24 21:00:00'),
(25, 11, 7, 1, '2026-04-02 01:00:00'),
(26, 12, 7, 1, '2026-06-05 00:00:00'),
(27, 13, 7, 1, '2026-05-27 04:00:00'),
(28, 14, 7, 1, '2026-05-10 21:00:00'),
(29, 15, 7, 1, '2026-05-23 13:00:00'),
(30, 9, 7, 1, '2026-02-19 18:00:00'),
(31, 3, 8, 1, '2026-02-20 15:00:00'),
(32, 4, 8, 1, '2026-02-12 05:00:00'),
(33, 5, 8, 1, '2026-04-18 19:00:00'),
(34, 11, 8, 1, '2026-03-26 09:00:00'),
(35, 13, 8, 1, '2026-04-02 20:00:00'),
(36, 6, 17, 1, '2026-06-27 12:00:00'),
(37, 7, 17, 1, '2026-06-18 17:00:00'),
(38, 9, 17, 1, '2026-06-03 12:00:00'),
(39, 11, 17, 1, '2026-02-26 19:00:00'),
(40, 12, 17, 1, '2026-02-22 22:00:00'),
(41, 3, 22, 1, '2026-02-25 08:00:00'),
(42, 4, 22, 1, '2026-03-01 02:00:00'),
(43, 5, 22, 1, '2026-04-28 17:00:00'),
(44, 6, 22, 1, '2026-04-10 23:00:00'),
(45, 9, 22, 1, '2026-02-26 17:00:00'),
(46, 11, 22, 1, '2026-01-05 15:00:00'),
(47, 12, 22, 1, '2026-05-23 21:00:00'),
(48, 13, 22, 1, '2026-06-18 23:00:00'),
(49, 3, 24, 1, '2026-06-05 09:00:00'),
(50, 4, 24, 1, '2026-03-26 15:00:00'),
(51, 5, 24, 1, '2026-06-14 15:00:00'),
(52, 11, 24, 1, '2026-01-02 03:00:00'),
(53, 13, 24, 1, '2026-03-21 15:00:00'),
(54, 6, 25, 1, '2026-01-02 12:00:00'),
(55, 7, 25, 1, '2026-03-10 23:00:00'),
(56, 8, 25, 1, '2026-05-14 05:00:00'),
(57, 11, 25, 1, '2026-04-23 05:00:00'),
(58, 3, 30, 1, '2026-01-11 05:00:00'),
(59, 4, 30, 1, '2026-02-27 18:00:00'),
(60, 5, 30, 1, '2026-01-23 19:00:00'),
(61, 6, 30, 1, '2026-06-11 03:00:00'),
(62, 11, 30, 1, '2026-06-25 15:00:00'),
(63, 13, 30, 1, '2026-02-10 16:00:00'),
(64, 9, 31, 1, '2026-01-22 00:00:00'),
(65, 11, 31, 1, '2026-06-08 06:00:00'),
(66, 3, 31, 1, '2026-05-18 12:00:00'),
(67, 6, 40, 1, '2026-04-11 15:00:00'),
(68, 7, 40, 1, '2026-04-24 10:00:00'),
(69, 9, 40, 1, '2026-04-09 09:00:00'),
(70, 11, 40, 1, '2026-06-09 12:00:00'),
(71, 12, 40, 1, '2026-03-28 07:00:00'),
(72, 13, 40, 1, '2026-06-22 11:00:00'),
(73, 14, 40, 1, '2026-03-18 19:00:00'),
(74, 15, 40, 1, '2026-02-18 18:00:00'),
(75, 5, 44, 1, '2026-05-06 21:00:00'),
(76, 10, 44, 1, '2026-01-25 02:00:00'),
(77, 11, 44, 1, '2026-05-27 22:00:00'),
(78, 15, 44, 1, '2026-06-07 10:00:00'),
(79, 3, 45, 1, '2026-06-17 04:00:00'),
(80, 9, 45, 1, '2026-01-01 07:00:00'),
(81, 11, 45, 1, '2026-02-03 09:00:00'),
(82, 12, 45, 1, '2026-01-14 02:00:00'),
(83, 4, 2, 1, '2026-03-15 06:00:00'),
(84, 6, 2, 1, '2026-01-24 06:00:00'),
(85, 7, 2, 1, '2026-03-28 02:00:00'),
(86, 8, 2, 1, '2026-02-06 11:00:00'),
(87, 9, 2, 1, '2026-03-20 03:00:00'),
(88, 10, 2, 1, '2026-02-18 02:00:00'),
(89, 12, 2, 1, '2026-01-15 01:00:00'),
(90, 13, 2, 1, '2026-05-06 13:00:00'),
(91, 14, 2, 1, '2026-01-17 02:00:00'),
(92, 3, 12, 1, '2026-03-13 20:00:00'),
(93, 4, 12, 1, '2026-05-01 16:00:00'),
(94, 6, 12, 1, '2026-02-12 08:00:00'),
(95, 8, 12, 1, '2026-02-16 11:00:00'),
(96, 9, 12, 1, '2026-02-27 03:00:00'),
(97, 11, 12, 1, '2026-05-23 02:00:00'),
(98, 13, 12, 1, '2026-03-25 14:00:00'),
(99, 5, 20, 1, '2026-05-22 00:00:00'),
(100, 6, 20, 1, '2026-06-15 14:00:00'),
(101, 7, 20, 1, '2026-05-02 18:00:00'),
(102, 11, 20, 1, '2026-04-15 07:00:00'),
(103, 12, 20, 1, '2026-02-05 12:00:00'),
(104, 14, 20, 1, '2026-06-18 06:00:00'),
(105, 15, 20, 1, '2026-03-17 21:00:00'),
(106, 3, 23, 1, '2026-01-18 08:00:00'),
(107, 4, 23, 1, '2026-03-21 23:00:00'),
(108, 6, 23, 1, '2026-06-11 22:00:00'),
(109, 11, 23, 1, '2026-01-26 15:00:00'),
(110, 13, 23, 1, '2026-06-24 22:00:00'),
(111, 5, 28, 1, '2026-01-09 13:00:00'),
(112, 6, 28, 1, '2026-03-28 17:00:00'),
(113, 11, 28, 1, '2026-02-15 08:00:00'),
(114, 3, 29, 1, '2026-01-26 08:00:00'),
(115, 4, 29, 1, '2026-02-16 05:00:00'),
(116, 6, 29, 1, '2026-03-03 06:00:00'),
(117, 9, 29, 1, '2026-04-17 16:00:00'),
(118, 11, 29, 1, '2026-04-13 19:00:00'),
(119, 5, 35, 1, '2026-06-25 11:00:00'),
(120, 6, 35, 1, '2026-06-14 20:00:00'),
(121, 8, 35, 1, '2026-03-25 16:00:00'),
(122, 3, 1, 2, '2026-01-28 07:00:00'),
(123, 5, 1, 2, '2026-02-19 04:00:00'),
(124, 6, 1, 2, '2026-02-18 02:00:00'),
(125, 11, 1, 2, '2026-05-19 02:00:00'),
(126, 4, 4, 2, '2026-06-09 14:00:00'),
(127, 5, 4, 2, '2026-05-16 11:00:00'),
(128, 3, 5, 2, '2026-05-20 02:00:00'),
(129, 4, 5, 2, '2026-01-23 10:00:00'),
(130, 6, 41, 2, '2026-03-21 06:00:00'),
(131, 7, 41, 2, '2026-02-20 06:00:00'),
(132, 5, 42, 2, '2026-06-28 16:00:00'),
(133, 6, 42, 2, '2026-05-15 06:00:00'),
(134, 3, 46, 2, '2026-06-27 00:00:00'),
(135, 5, 46, 2, '2026-06-14 16:00:00'),
(136, 4, 50, 2, '2026-04-13 00:00:00'),
(137, 6, 50, 2, '2026-03-26 01:00:00'),
(138, 5, 53, 2, '2026-02-27 13:00:00'),
(139, 3, 57, 2, '2026-05-18 14:00:00'),
(140, 4, 57, 2, '2026-01-21 10:00:00'),
(141, 6, 67, 2, '2026-02-11 18:00:00'),
(142, 7, 67, 2, '2026-05-06 17:00:00'),
(143, 3, 73, 2, '2026-04-25 10:00:00'),
(144, 4, 73, 2, '2026-02-11 11:00:00'),
(145, 5, 79, 2, '2026-01-25 10:00:00'),
(146, 6, 79, 2, '2026-04-01 14:00:00'),
(147, 3, 81, 2, '2026-06-07 17:00:00'),
(148, 4, 81, 2, '2026-04-09 05:00:00'),
(149, 5, 86, 2, '2026-02-14 22:00:00'),
(150, 6, 88, 2, '2026-04-25 10:00:00'),
(151, 3, 103, 2, '2026-05-05 13:00:00'),
(152, 4, 104, 2, '2026-01-22 18:00:00');

ALTER TABLE cms_like AUTO_INCREMENT = 153;


-- ============================================================
-- 9. 收藏数据
-- ============================================================

INSERT INTO cms_collect (id, user_id, article_id, group_name, created_at) VALUES
(1, 11, 1, '技术', '2026-01-07 22:00:00'),
(2, 11, 2, '技术', '2026-02-09 12:00:00'),
(3, 11, 3, '技术', '2026-04-16 11:00:00'),
(4, 11, 7, '技术', '2026-03-28 10:00:00'),
(5, 11, 8, '技术', '2026-06-16 22:00:00'),
(6, 11, 41, '技术', '2026-01-20 04:00:00'),
(7, 11, 42, '技术', '2026-05-27 19:00:00'),
(8, 11, 43, '技术', '2026-04-22 16:00:00'),
(9, 12, 1, '学习', '2026-05-23 21:00:00'),
(10, 12, 2, '学习', '2026-01-16 18:00:00'),
(11, 12, 7, '学习', '2026-05-12 23:00:00'),
(12, 12, 13, '学习', '2026-05-01 15:00:00'),
(13, 12, 14, '学习', '2026-04-14 08:00:00'),
(14, 13, 3, '工作', '2026-06-11 09:00:00'),
(15, 13, 7, '工作', '2026-02-25 23:00:00'),
(16, 13, 24, '工作', '2026-01-26 18:00:00'),
(17, 13, 25, '工作', '2026-01-15 18:00:00'),
(18, 13, 30, '工作', '2026-05-17 13:00:00'),
(19, 6, 17, '读书', '2026-04-21 15:00:00'),
(20, 6, 18, '读书', '2026-02-28 00:00:00'),
(21, 6, 22, '读书', '2026-02-17 19:00:00'),
(22, 6, 49, '读书', '2026-04-14 22:00:00'),
(23, 6, 46, '读书', '2026-04-02 03:00:00'),
(24, 7, 20, '旅行', '2026-05-21 21:00:00'),
(25, 7, 37, '旅行', '2026-05-20 10:00:00'),
(26, 7, 53, '旅行', '2026-04-16 09:00:00'),
(27, 8, 53, '美食', '2026-03-19 13:00:00'),
(28, 8, 6, '美食', '2026-06-13 10:00:00'),
(29, 8, 15, '健康', '2026-04-25 23:00:00'),
(30, 8, 35, '健康', '2026-05-06 04:00:00'),
(31, 8, 39, '健康', '2026-06-23 22:00:00'),
(32, 14, 21, '健身', '2026-05-17 09:00:00'),
(33, 14, 51, '健身', '2026-01-12 02:00:00'),
(34, 14, 22, '心理', '2026-02-08 07:00:00'),
(35, 15, 19, '艺术', '2026-03-23 17:00:00'),
(36, 15, 38, '艺术', '2026-01-11 15:00:00'),
(37, 15, 52, '生活', '2026-03-01 22:00:00'),
(38, 15, 46, '心理', '2026-06-09 00:00:00'),
(39, 9, 12, '商业', '2026-02-06 12:00:00'),
(40, 9, 13, '商业', '2026-02-08 08:00:00'),
(41, 9, 45, '商业', '2026-06-17 10:00:00'),
(42, 9, 50, '商业', '2026-06-13 17:00:00'),
(43, 9, 29, '商业', '2026-05-06 00:00:00'),
(44, 10, 44, '设计', '2026-04-02 11:00:00'),
(45, 10, 36, '设计', '2026-01-24 23:00:00'),
(46, 10, 32, '设计', '2026-01-20 22:00:00'),
(47, 5, 1, '前端', '2026-02-11 21:00:00'),
(48, 5, 2, '前端', '2026-01-04 07:00:00'),
(49, 5, 41, '前端', '2026-02-01 05:00:00'),
(50, 5, 10, '技术', '2026-01-10 20:00:00'),
(51, 3, 3, '后端', '2026-05-16 00:00:00'),
(52, 3, 42, '后端', '2026-01-22 18:00:00'),
(53, 3, 9, '技术', '2026-03-28 20:00:00'),
(54, 3, 31, '技术', '2026-04-25 06:00:00'),
(55, 4, 7, 'AI', '2026-02-26 18:00:00'),
(56, 4, 8, 'AI', '2026-03-05 11:00:00'),
(57, 4, 43, 'AI', '2026-04-25 05:00:00'),
(58, 4, 24, 'AI', '2026-06-06 09:00:00'),
(59, 4, 30, 'AI', '2026-02-04 00:00:00'),
(60, 11, 40, '收藏', '2026-01-05 04:00:00'),
(61, 12, 40, '收藏', '2026-06-16 00:00:00'),
(62, 6, 40, '收藏', '2026-03-19 02:00:00'),
(63, 14, 40, '收藏', '2026-03-04 14:00:00');

ALTER TABLE cms_collect AUTO_INCREMENT = 64;


-- ============================================================
-- 10. 关注关系数据
-- ============================================================

INSERT INTO user_follow (id, follower_id, following_id, created_at) VALUES
(1, 11, 3, '2026-05-22 10:00:00'),
(2, 11, 4, '2026-02-27 10:00:00'),
(3, 11, 5, '2026-03-27 10:00:00'),
(4, 11, 6, '2026-03-08 10:00:00'),
(5, 11, 7, '2026-04-20 10:00:00'),
(6, 11, 8, '2026-04-21 10:00:00'),
(7, 11, 9, '2026-03-03 10:00:00'),
(8, 11, 10, '2026-03-18 10:00:00'),
(9, 12, 3, '2026-03-05 10:00:00'),
(10, 12, 5, '2026-05-23 10:00:00'),
(11, 12, 6, '2026-04-26 10:00:00'),
(12, 12, 9, '2026-03-23 10:00:00'),
(13, 12, 10, '2026-05-16 10:00:00'),
(14, 13, 3, '2026-05-07 10:00:00'),
(15, 13, 4, '2026-04-20 10:00:00'),
(16, 13, 8, '2026-05-13 10:00:00'),
(17, 13, 9, '2026-03-25 10:00:00'),
(18, 14, 5, '2026-05-08 10:00:00'),
(19, 14, 7, '2026-03-02 10:00:00'),
(20, 14, 8, '2026-02-05 10:00:00'),
(21, 14, 10, '2026-03-20 10:00:00'),
(22, 15, 6, '2026-04-18 10:00:00'),
(23, 15, 7, '2026-03-25 10:00:00'),
(24, 15, 10, '2026-02-04 10:00:00'),
(25, 15, 4, '2026-03-12 10:00:00'),
(26, 3, 4, '2026-04-25 10:00:00'),
(27, 3, 5, '2026-05-08 10:00:00'),
(28, 3, 9, '2026-03-20 10:00:00'),
(29, 4, 3, '2026-02-23 10:00:00'),
(30, 4, 5, '2026-03-10 10:00:00'),
(31, 5, 3, '2026-04-08 10:00:00'),
(32, 5, 10, '2026-03-04 10:00:00'),
(33, 6, 7, '2026-05-06 10:00:00'),
(34, 6, 8, '2026-02-18 10:00:00'),
(35, 6, 9, '2026-04-06 10:00:00'),
(36, 7, 6, '2026-02-04 10:00:00'),
(37, 7, 8, '2026-04-11 10:00:00'),
(38, 8, 6, '2026-03-11 10:00:00'),
(39, 8, 7, '2026-02-06 10:00:00'),
(40, 9, 3, '2026-02-15 10:00:00'),
(41, 9, 6, '2026-04-22 10:00:00'),
(42, 10, 5, '2026-04-13 10:00:00'),
(43, 10, 4, '2026-02-01 10:00:00'),
(44, 1, 3, '2026-04-13 10:00:00'),
(45, 1, 4, '2026-03-07 10:00:00'),
(46, 1, 6, '2026-03-20 10:00:00'),
(47, 1, 7, '2026-05-09 10:00:00'),
(48, 2, 3, '2026-05-24 10:00:00'),
(49, 2, 5, '2026-02-09 10:00:00'),
(50, 2, 6, '2026-02-08 10:00:00');

ALTER TABLE user_follow AUTO_INCREMENT = 51;


-- ============================================================
-- 11. 轮播图数据
-- ============================================================

INSERT INTO cms_banner (id, title, image_url, link_url, link_type, sort_order, start_time, end_time, status, created_at, updated_at) VALUES
(1, '知讯平台正式上线', 'https://picsum.photos/seed/ban1/800/450', '/articles/40', 1, 1, '2026-06-20 00:00:00', '2026-07-20 23:59:59', 1, '2026-06-20 00:00:00', '2026-06-20 00:00:00'),
(2, 'AI前沿：大语言模型应用开发指南', 'https://picsum.photos/seed/ban2/800/450', '/articles/7', 1, 2, '2026-06-01 00:00:00', '2026-07-01 23:59:59', 1, '2026-06-01 00:00:00', '2026-06-01 00:00:00'),
(3, '深度阅读：认知偏差图鉴', 'https://picsum.photos/seed/ban3/800/450', '/articles/22', 1, 3, '2026-05-25 00:00:00', '2026-06-30 23:59:59', 1, '2026-05-25 00:00:00', '2026-05-25 00:00:00'),
(4, '商业航天新纪元', 'https://picsum.photos/seed/ban4/800/450', '/articles/31', 1, 4, '2026-05-20 00:00:00', '2026-06-30 23:59:59', 1, '2026-05-20 00:00:00', '2026-05-20 00:00:00'),
(5, '读书月特别推荐：《纳瓦尔宝典》', 'https://picsum.photos/seed/ban5/800/450', '/articles/17', 1, 5, '2026-04-01 00:00:00', '2026-06-30 23:59:59', 1, '2026-04-01 00:00:00', '2026-04-01 00:00:00');

ALTER TABLE cms_banner AUTO_INCREMENT = 6;


-- ============================================================
-- 12. 公告数据
-- ============================================================

INSERT INTO sys_announcement (id, title, content, type, is_top, start_time, end_time, status, created_at, updated_at) VALUES
(1, '知讯平台正式上线公告', '亲爱的用户，知讯平台于2026年6月23日正式上线！我们致力于打造一个优质的内容社区，让每一篇好作品都被发现，让每一个创作者都被看见。欢迎大家注册体验，分享你的知识和见解！', 1, 1, '2026-06-23 00:00:00', '2026-12-31 23:59:59', 1, '2026-06-23 00:00:00', '2026-06-23 00:00:00'),
(2, '内容创作者招募计划', '知讯现面向全网招募优质内容创作者！无论你是技术大牛、行业专家、还是生活达人，只要你有优质内容，我们都欢迎你加入。优质创作者可享受流量扶持、专属推荐位等权益。详情请联系运营小编。', 2, 0, '2026-06-23 00:00:00', '2026-09-30 23:59:59', 1, '2026-06-23 00:00:00', '2026-06-23 00:00:00'),
(3, '社区规范公告', '为维护知讯社区的良好氛围，请各位用户遵守以下规范：1. 尊重他人，文明交流；2. 不发布违法违规内容；3. 不恶意刷屏或灌水；4. 不抄袭他人作品；5. 积极举报不良内容。让我们共同维护一个健康、友善的内容社区。', 1, 0, '2026-06-23 00:00:00', '2027-06-23 23:59:59', 1, '2026-06-23 00:00:00', '2026-06-23 00:00:00');

ALTER TABLE sys_announcement AUTO_INCREMENT = 4;


-- ============================================================
-- 13. 通知消息数据
-- ============================================================

INSERT INTO sys_notification (id, user_id, type, title, content, is_read, related_id, group_key, created_at) VALUES
(1, 3, 1, '作品审核通过', '您的作品《2026年前端开发趋势》已通过审核并发布', 1, 1, 'article:1', '2026-01-15 10:00:00'),
(2, 5, 1, '作品审核通过', '您的作品《Vue 3 组合式API最佳实践》已通过审核并发布', 1, 2, 'article:2', '2026-01-20 14:00:00'),
(3, 3, 1, '作品审核通过', '您的作品《Spring Boot 3 微服务架构实战》已通过审核并发布', 1, 3, 'article:3', '2026-02-10 09:00:00'),
(4, 4, 1, '作品审核通过', '您的作品《大语言模型应用开发指南》已通过审核并发布', 1, 7, 'article:7', '2026-04-05 08:00:00'),
(5, 4, 1, '作品审核通过', '您的作品《深度学习模型优化》已通过审核并发布', 1, 8, 'article:8', '2026-04-12 10:00:00'),
(6, 1, 1, '作品审核通过', '您的作品《欢迎来到知讯》已通过审核并发布', 1, 40, 'article:40', '2026-06-23 00:00:00'),
(7, 3, 2, '收到新的点赞', '用户 前端小仙女 点赞了你的作品《2026年前端开发趋势》', 1, 1, 'like:article:1', '2026-01-16 08:00:00'),
(8, 3, 2, '收到新的点赞', '用户 代码匠人 点赞了你的作品《Spring Boot 3 微服务架构实战》', 1, 3, 'like:article:3', '2026-02-11 08:00:00'),
(9, 4, 2, '收到新的点赞', '用户 代码匠人 点赞了你的作品《大语言模型应用开发指南》', 0, 7, 'like:article:7', '2026-04-06 08:00:00'),
(10, 3, 3, '收到新的评论', '小明同学 评论了你的作品《2026年前端开发趋势》', 1, 1, 'comment:1', '2026-01-16 08:30:00'),
(11, 5, 3, '收到新的评论', '小明同学 评论了你的作品《Vue 3 组合式API最佳实践》', 1, 10, 'comment:10', '2026-01-21 08:00:00'),
(12, 4, 3, '收到新的评论', '代码匠人 评论了你的作品《大语言模型应用开发指南》', 1, 5, 'comment:5', '2026-04-06 10:00:00'),
(13, 3, 4, '有新的粉丝', '小明同学 关注了你', 1, 11, 'follow:11', '2026-04-02 08:00:00'),
(14, 4, 4, '有新的粉丝', '小明同学 关注了你', 1, 11, 'follow:11', '2026-04-02 08:00:00'),
(15, 6, 4, '有新的粉丝', '小明同学 关注了你', 1, 11, 'follow:11', '2026-04-02 08:00:00'),
(16, 7, 4, '有新的粉丝', '小明同学 关注了你', 1, 11, 'follow:11', '2026-04-02 08:00:00'),
(17, 6, 1, '作品审核通过', '您的作品《纳瓦尔宝典读书笔记》已通过审核并发布', 1, 17, 'article:17', '2026-04-10 08:00:00'),
(18, 7, 1, '作品审核通过', '您的作品《京都深秋》已通过审核并发布', 1, 20, 'article:20', '2026-05-10 08:00:00'),
(19, 9, 1, '作品审核通过', '您的作品《创业公司如何找到PMF》已通过审核并发布', 1, 13, 'article:13', '2026-02-08 09:00:00'),
(20, 10, 1, '作品审核通过', '您的作品《2026年UI设计趋势》已通过审核并发布', 1, 44, 'article:44', '2026-03-12 13:00:00'),
(21, 3, 2, '收到新的点赞', '用户 AI前沿实验室 点赞了你的作品《2026年前端开发趋势》', 0, 1, 'like:article:1', '2026-01-17 09:00:00'),
(22, 6, 3, '收到新的评论', '职场新人Amy 评论了你的作品《纳瓦尔宝典读书笔记》', 0, 105, 'comment:105', '2026-04-12 08:00:00'),
(23, 7, 3, '收到新的评论', '文艺青年小雪 评论了你的作品《京都深秋》', 0, 47, 'comment:47', '2026-05-11 10:00:00'),
(24, 1, 1, '系统通知', '知讯平台已正式上线，感谢您的支持！', 0, NULL, 'system:launch', '2026-06-23 00:00:00'),
(25, 2, 1, '系统通知', '知讯平台已正式上线，感谢您的支持！', 0, NULL, 'system:launch', '2026-06-23 00:00:00');

ALTER TABLE sys_notification AUTO_INCREMENT = 26;


-- ============================================================
-- 14. 用户偏好设置数据
-- ============================================================

INSERT INTO user_settings (id, user_id, notify_system, notify_interact, notify_message, notify_follow, show_online_status, message_permission, save_view_history, font_size, theme, language, created_at, updated_at) VALUES
(1, 1, 1, 1, 1, 1, 1, 0, 1, 1, 'light', 'zh-CN', '2026-01-01 00:00:00', '2026-06-23 00:00:00'),
(2, 2, 1, 1, 1, 1, 1, 0, 1, 1, 'light', 'zh-CN', '2026-01-01 00:00:00', '2026-06-23 00:00:00'),
(3, 3, 1, 1, 1, 1, 1, 0, 1, 1, 'light', 'zh-CN', '2026-01-01 00:00:00', '2026-06-23 00:00:00'),
(4, 4, 1, 1, 1, 1, 1, 0, 1, 1, 'light', 'zh-CN', '2026-01-01 00:00:00', '2026-06-23 00:00:00'),
(5, 5, 1, 1, 1, 1, 1, 0, 1, 1, 'light', 'zh-CN', '2026-01-01 00:00:00', '2026-06-23 00:00:00'),
(6, 6, 1, 1, 1, 1, 1, 1, 1, 1, 'light', 'zh-CN', '2026-01-01 00:00:00', '2026-06-23 00:00:00'),
(7, 7, 1, 1, 1, 1, 1, 1, 1, 1, 'light', 'zh-CN', '2026-01-01 00:00:00', '2026-06-23 00:00:00'),
(8, 8, 1, 1, 1, 1, 1, 1, 1, 1, 'light', 'zh-CN', '2026-01-01 00:00:00', '2026-06-23 00:00:00'),
(9, 9, 1, 1, 1, 1, 1, 1, 1, 1, 'light', 'zh-CN', '2026-01-01 00:00:00', '2026-06-23 00:00:00'),
(10, 10, 1, 1, 1, 1, 1, 1, 1, 1, 'light', 'zh-CN', '2026-01-01 00:00:00', '2026-06-23 00:00:00'),
(11, 11, 1, 1, 1, 1, 0, 1, 1, 2, 'light', 'zh-CN', '2026-01-01 00:00:00', '2026-06-23 00:00:00'),
(12, 12, 1, 1, 1, 1, 0, 1, 1, 1, 'light', 'zh-CN', '2026-01-01 00:00:00', '2026-06-23 00:00:00'),
(13, 13, 1, 1, 1, 1, 0, 1, 1, 1, 'light', 'zh-CN', '2026-01-01 00:00:00', '2026-06-23 00:00:00'),
(14, 14, 1, 1, 1, 1, 0, 1, 1, 1, 'light', 'zh-CN', '2026-01-01 00:00:00', '2026-06-23 00:00:00'),
(15, 15, 1, 1, 1, 1, 0, 1, 1, 1, 'dark', 'zh-CN', '2026-01-01 00:00:00', '2026-06-23 00:00:00');

ALTER TABLE user_settings AUTO_INCREMENT = 16;


-- ============================================================
-- 15. 用户偏好分类数据 (type: 1=感兴趣, 2=不感兴趣)
-- ============================================================

INSERT INTO user_preferred_category (id, user_id, category_id, type) VALUES
(1, 3, 14, 1),
(2, 3, 11, 1),
(3, 3, 15, 1),
(4, 3, 12, 1),
(5, 4, 14, 1),
(6, 4, 5, 1),
(7, 4, 6, 1),
(8, 5, 14, 1),
(9, 5, 13, 1),
(10, 5, 4, 1),
(11, 6, 4, 1),
(12, 6, 3, 1),
(13, 6, 5, 1),
(14, 7, 4, 1),
(15, 7, 25, 1),
(16, 7, 1, 1),
(17, 8, 20, 1),
(18, 8, 7, 1),
(19, 8, 1, 1),
(20, 9, 3, 1),
(21, 9, 16, 1),
(22, 9, 17, 1),
(23, 10, 4, 1),
(24, 10, 13, 1),
(25, 10, 21, 1),
(26, 11, 14, 1),
(27, 11, 5, 1),
(28, 11, 4, 1),
(29, 11, 3, 1),
(30, 12, 3, 1),
(31, 12, 16, 1),
(32, 12, 17, 1),
(33, 13, 5, 1),
(34, 13, 14, 1),
(35, 13, 16, 1),
(36, 14, 25, 1),
(37, 14, 20, 1),
(38, 14, 4, 1),
(39, 15, 4, 1),
(40, 15, 23, 1),
(41, 15, 22, 1);

ALTER TABLE user_preferred_category AUTO_INCREMENT = 42;


-- ============================================================
-- 16. 用户偏好标签数据 (type: 1=感兴趣, 2=不感兴趣)
-- ============================================================

INSERT INTO user_preferred_tag (id, user_id, tag_id, type) VALUES
(1, 3, 3, 1),
(2, 3, 10, 1),
(3, 3, 23, 1),
(4, 3, 22, 1),
(5, 3, 25, 1),
(6, 3, 5, 1),
(7, 4, 13, 1),
(8, 4, 14, 1),
(9, 4, 15, 1),
(10, 4, 16, 1),
(11, 4, 17, 1),
(12, 4, 34, 1),
(13, 5, 1, 1),
(14, 5, 4, 1),
(15, 5, 8, 1),
(16, 5, 9, 1),
(17, 5, 21, 1),
(18, 5, 12, 1),
(19, 6, 96, 1),
(20, 6, 97, 1),
(21, 6, 62, 1),
(22, 6, 63, 1),
(23, 6, 64, 1),
(24, 6, 66, 1),
(25, 7, 99, 1),
(26, 7, 60, 1),
(27, 7, 42, 1),
(28, 7, 47, 1),
(29, 8, 100, 1),
(30, 8, 71, 1),
(31, 8, 70, 1),
(32, 8, 73, 1),
(33, 8, 106, 1),
(34, 9, 50, 1),
(35, 9, 94, 1),
(36, 9, 52, 1),
(37, 9, 48, 1),
(38, 9, 49, 1),
(39, 9, 54, 1),
(40, 10, 56, 1),
(41, 10, 57, 1),
(42, 10, 58, 1),
(43, 10, 59, 1),
(44, 10, 92, 1),
(45, 11, 1, 1),
(46, 11, 13, 1),
(47, 11, 21, 1),
(48, 11, 36, 1),
(49, 11, 119, 1),
(50, 12, 48, 1),
(51, 12, 49, 1),
(52, 12, 50, 1),
(53, 12, 98, 1),
(54, 13, 19, 1),
(55, 13, 20, 1),
(56, 13, 82, 1),
(57, 13, 34, 1),
(58, 14, 74, 1),
(59, 14, 101, 1),
(60, 14, 73, 1),
(61, 14, 97, 1),
(62, 15, 66, 1),
(63, 15, 60, 1),
(64, 15, 59, 1),
(65, 15, 62, 1),
(66, 15, 103, 1);

ALTER TABLE user_preferred_tag AUTO_INCREMENT = 67;


-- ============================================================
-- 17. 用户关注标签数据
-- ============================================================

INSERT INTO user_tag_follow (id, user_id, tag_id, created_at) VALUES
(1, 3, 3, '2026-05-15 10:00:00'),
(2, 3, 10, '2026-05-15 10:00:00'),
(3, 3, 23, '2026-02-15 10:00:00'),
(4, 3, 22, '2026-03-15 10:00:00'),
(5, 3, 25, '2026-04-15 10:00:00'),
(6, 3, 5, '2026-02-15 10:00:00'),
(7, 3, 6, '2026-02-15 10:00:00'),
(8, 3, 11, '2026-03-15 10:00:00'),
(9, 4, 13, '2026-04-15 10:00:00'),
(10, 4, 14, '2026-03-15 10:00:00'),
(11, 4, 15, '2026-03-15 10:00:00'),
(12, 4, 16, '2026-05-15 10:00:00'),
(13, 4, 17, '2026-03-15 10:00:00'),
(14, 4, 34, '2026-03-15 10:00:00'),
(15, 4, 40, '2026-02-15 10:00:00'),
(16, 4, 87, '2026-02-15 10:00:00'),
(17, 5, 1, '2026-05-15 10:00:00'),
(18, 5, 4, '2026-03-15 10:00:00'),
(19, 5, 8, '2026-05-15 10:00:00'),
(20, 5, 9, '2026-02-15 10:00:00'),
(21, 5, 21, '2026-02-15 10:00:00'),
(22, 5, 12, '2026-05-15 10:00:00'),
(23, 5, 113, '2026-02-15 10:00:00'),
(24, 6, 96, '2026-04-15 10:00:00'),
(25, 6, 97, '2026-02-15 10:00:00'),
(26, 6, 62, '2026-02-15 10:00:00'),
(27, 6, 63, '2026-05-15 10:00:00'),
(28, 6, 64, '2026-03-15 10:00:00'),
(29, 6, 66, '2026-02-15 10:00:00'),
(30, 6, 91, '2026-02-15 10:00:00'),
(31, 6, 95, '2026-05-15 10:00:00'),
(32, 7, 99, '2026-03-15 10:00:00'),
(33, 7, 60, '2026-03-15 10:00:00'),
(34, 7, 42, '2026-03-15 10:00:00'),
(35, 7, 47, '2026-03-15 10:00:00'),
(36, 7, 109, '2026-04-15 10:00:00'),
(37, 8, 100, '2026-05-15 10:00:00'),
(38, 8, 71, '2026-04-15 10:00:00'),
(39, 8, 70, '2026-02-15 10:00:00'),
(40, 8, 73, '2026-04-15 10:00:00'),
(41, 8, 106, '2026-03-15 10:00:00'),
(42, 8, 104, '2026-04-15 10:00:00'),
(43, 9, 50, '2026-05-15 10:00:00'),
(44, 9, 94, '2026-04-15 10:00:00'),
(45, 9, 52, '2026-05-15 10:00:00'),
(46, 9, 48, '2026-04-15 10:00:00'),
(47, 9, 49, '2026-03-15 10:00:00'),
(48, 9, 54, '2026-04-15 10:00:00'),
(49, 9, 55, '2026-04-15 10:00:00'),
(50, 10, 56, '2026-02-15 10:00:00'),
(51, 10, 57, '2026-04-15 10:00:00'),
(52, 10, 58, '2026-02-15 10:00:00'),
(53, 10, 59, '2026-03-15 10:00:00'),
(54, 10, 92, '2026-05-15 10:00:00'),
(55, 10, 113, '2026-02-15 10:00:00'),
(56, 11, 1, '2026-05-15 10:00:00'),
(57, 11, 13, '2026-05-15 10:00:00'),
(58, 11, 21, '2026-05-15 10:00:00'),
(59, 11, 36, '2026-03-15 10:00:00'),
(60, 11, 119, '2026-03-15 10:00:00'),
(61, 11, 4, '2026-02-15 10:00:00'),
(62, 11, 8, '2026-04-15 10:00:00'),
(63, 12, 48, '2026-04-15 10:00:00'),
(64, 12, 49, '2026-03-15 10:00:00'),
(65, 12, 50, '2026-04-15 10:00:00'),
(66, 12, 98, '2026-02-15 10:00:00'),
(67, 12, 53, '2026-04-15 10:00:00'),
(68, 13, 19, '2026-03-15 10:00:00'),
(69, 13, 20, '2026-03-15 10:00:00'),
(70, 13, 82, '2026-02-15 10:00:00'),
(71, 13, 34, '2026-02-15 10:00:00'),
(72, 13, 31, '2026-02-15 10:00:00'),
(73, 14, 74, '2026-02-15 10:00:00'),
(74, 14, 101, '2026-04-15 10:00:00'),
(75, 14, 73, '2026-05-15 10:00:00'),
(76, 14, 97, '2026-04-15 10:00:00'),
(77, 15, 66, '2026-05-15 10:00:00'),
(78, 15, 60, '2026-05-15 10:00:00'),
(79, 15, 59, '2026-05-15 10:00:00'),
(80, 15, 62, '2026-04-15 10:00:00'),
(81, 15, 103, '2026-02-15 10:00:00'),
(82, 15, 102, '2026-05-15 10:00:00');

ALTER TABLE user_tag_follow AUTO_INCREMENT = 83;


-- ============================================================
-- 18. 私信数据
-- ============================================================

INSERT INTO user_message (id, sender_id, receiver_id, content, is_read, created_at) VALUES
(1, 11, 3, '代码匠人你好，你的Spring Boot微服务作品写得太好了，请问有推荐的入门书籍吗？', 1, '2026-02-12 09:00:00'),
(2, 3, 11, '谢谢！推荐《Spring微服务实战》和《领域驱动设计》，先从概念理解开始', 1, '2026-02-12 10:30:00'),
(3, 11, 4, 'AI前沿实验室，你们团队在用哪个LLM做RAG？想交流一下', 1, '2026-04-07 14:00:00'),
(4, 4, 11, '我们用的是Qwen2.5-72B做基座，配合bge-large-zh做embedding，效果不错', 1, '2026-04-07 15:00:00'),
(5, 12, 9, '创业笔记，看了你的PMF作品很受启发，能聊聊你们第一次失败的具体经历吗？', 1, '2026-02-10 08:00:00'),
(6, 9, 12, '当然可以，简单说就是花了6个月做了一个"完美"的产品，但没人用。核心教训是先验证需求再开发', 1, '2026-02-10 09:30:00'),
(7, 15, 7, '行走的镜头，京都的攻略太详细了！请问住宿有什么推荐吗？', 1, '2026-05-12 08:00:00'),
(8, 7, 15, '推荐住在四条河原町附近，交通方便，去哪里都近。预算够的话可以选京都站附近的酒店', 1, '2026-05-12 10:00:00'),
(9, 14, 8, '味蕾探险家，成都美食地图太实用了，冒椒火辣我也去过，确实好吃！', 1, '2026-06-18 14:00:00'),
(10, 8, 14, '哈哈对吧！下次去可以试试建设路的夜市，更多小吃', 1, '2026-06-18 15:00:00'),
(11, 11, 5, '前端小仙女，请问Nuxt 3和Next.js 15怎么选？我们团队在纠结', 1, '2026-01-22 08:00:00'),
(12, 5, 11, '看团队技术栈，如果熟悉Vue就Nuxt，熟悉React就Next。两者功能上差别不大了', 1, '2026-01-22 09:00:00'),
(13, 13, 4, '关于量子计算的作品写得很好，请问量子退相干目前有什么解决方案吗？', 0, '2026-02-17 08:00:00'),
(14, 6, 10, '设计达人，最近在学设计思维，有什么推荐的课程吗？', 1, '2026-06-14 08:00:00'),
(15, 10, 6, '推荐IDEO的在线课程和《设计思维》这本书，理论和实践结合得很好', 1, '2026-06-14 10:00:00');

ALTER TABLE user_message AUTO_INCREMENT = 16;


-- ============================================================
-- 19. 敏感词数据 (level: 1=替换, 2=审核, 3=拦截)
-- ============================================================

INSERT INTO sys_sensitive_word (id, word, level, created_at) VALUES
(1, '赌博', 3, '2026-01-01 00:00:00'),
(2, '色情', 3, '2026-01-01 00:00:00'),
(3, '毒品', 3, '2026-01-01 00:00:00'),
(4, '枪支', 3, '2026-01-01 00:00:00'),
(5, '假证', 3, '2026-01-01 00:00:00'),
(6, '代开发票', 2, '2026-01-01 00:00:00'),
(7, '刷单', 2, '2026-01-01 00:00:00'),
(8, '传销', 3, '2026-01-01 00:00:00'),
(9, '诈骗', 3, '2026-01-01 00:00:00'),
(10, '洗钱', 3, '2026-01-01 00:00:00'),
(11, '暴力', 2, '2026-01-01 00:00:00'),
(12, '恐怖', 2, '2026-01-01 00:00:00'),
(13, '自杀', 2, '2026-01-01 00:00:00'),
(14, '自残', 2, '2026-01-01 00:00:00'),
(15, '割腕', 2, '2026-01-01 00:00:00'),
(16, '廉价代写', 1, '2026-01-01 00:00:00'),
(17, '论文代写', 1, '2026-01-01 00:00:00'),
(18, '考试作弊', 1, '2026-01-01 00:00:00'),
(19, '黑客攻击', 2, '2026-01-01 00:00:00'),
(20, '数据泄露', 2, '2026-01-01 00:00:00');

ALTER TABLE sys_sensitive_word AUTO_INCREMENT = 21;


-- ============================================================
-- 20. 操作日志数据
-- ============================================================

INSERT INTO sys_operation_log (id, operator_id, module, action, target_type, target_id, detail, ip, created_at) VALUES
(1, 1, '用户管理', '登录', 'user', 1, '管理员登录系统', '192.168.1.1', '2026-01-01 08:00:00'),
(2, 1, '作品管理', '审核通过', 'article', 1, '审核通过作品《2026年前端开发趋势》', '192.168.1.1', '2026-01-15 10:00:00'),
(3, 1, '作品管理', '审核通过', 'article', 2, '审核通过作品《Vue 3 组合式API最佳实践》', '192.168.1.1', '2026-01-20 14:00:00'),
(4, 2, '作品管理', '审核通过', 'article', 3, '审核通过作品《Spring Boot 3 微服务架构实战》', '192.168.1.2', '2026-02-10 09:00:00'),
(5, 2, '作品管理', '审核通过', 'article', 7, '审核通过作品《大语言模型应用开发指南》', '192.168.1.2', '2026-04-05 08:00:00'),
(6, 1, '作品管理', '置顶', 'article', 7, '置顶作品《大语言模型应用开发指南》', '192.168.1.1', '2026-04-05 08:05:00'),
(7, 1, '作品管理', '审核通过', 'article', 40, '审核通过作品《欢迎来到知讯》', '192.168.1.1', '2026-06-23 00:00:00'),
(8, 1, '作品管理', '置顶', 'article', 40, '置顶作品《欢迎来到知讯》', '192.168.1.1', '2026-06-23 00:05:00'),
(9, 2, '轮播图管理', '创建', 'banner', 1, '创建首页轮播图', '192.168.1.2', '2026-06-20 00:00:00'),
(10, 2, '公告管理', '创建', 'announcement', 1, '发布平台上线公告', '192.168.1.2', '2026-06-23 00:00:00'),
(11, 2, '公告管理', '创建', 'announcement', 2, '发布创作者招募计划', '192.168.1.2', '2026-06-23 00:10:00'),
(12, 1, '敏感词管理', '批量导入', 'sensitive_word', NULL, '批量导入20条敏感词', '192.168.1.1', '2026-01-01 08:30:00'),
(13, 2, '作品管理', '审核通过', 'article', 17, '审核通过作品《纳瓦尔宝典读书笔记》', '192.168.1.2', '2026-04-10 08:00:00'),
(14, 2, '作品管理', '审核通过', 'article', 20, '审核通过作品《京都深秋》', '192.168.1.2', '2026-05-10 08:00:00'),
(15, 1, '分类管理', '批量创建', 'category', NULL, '批量创建200个分类', '192.168.1.1', '2026-01-01 00:00:00');

ALTER TABLE sys_operation_log AUTO_INCREMENT = 16;


-- ============================================================
-- 21. 浏览记录数据
-- ============================================================

INSERT INTO cms_view_history (id, user_id, article_id, view_duration, created_at) VALUES
(1, 11, 1, 180, '2026-03-10 10:00:00'),
(2, 11, 2, 240, '2026-05-20 20:00:00'),
(3, 11, 3, 300, '2026-06-03 16:00:00'),
(4, 11, 7, 360, '2026-01-05 08:00:00'),
(5, 11, 8, 280, '2026-02-21 14:00:00'),
(6, 11, 17, 200, '2026-03-24 20:00:00'),
(7, 11, 22, 260, '2026-03-01 01:00:00'),
(8, 11, 40, 120, '2026-01-27 05:00:00'),
(9, 11, 41, 180, '2026-06-19 07:00:00'),
(10, 11, 42, 150, '2026-05-11 08:00:00'),
(11, 12, 1, 160, '2026-05-28 05:00:00'),
(12, 12, 2, 220, '2026-02-14 01:00:00'),
(13, 12, 7, 280, '2026-04-28 04:00:00'),
(14, 12, 13, 180, '2026-03-17 17:00:00'),
(15, 12, 14, 200, '2026-05-26 16:00:00'),
(16, 12, 40, 90, '2026-06-24 04:00:00'),
(17, 12, 45, 240, '2026-01-14 17:00:00'),
(18, 12, 50, 180, '2026-06-09 08:00:00'),
(19, 13, 3, 320, '2026-05-28 09:00:00'),
(20, 13, 7, 280, '2026-03-11 11:00:00'),
(21, 13, 24, 300, '2026-05-28 15:00:00'),
(22, 13, 25, 240, '2026-02-05 20:00:00'),
(23, 13, 30, 200, '2026-03-16 18:00:00'),
(24, 13, 31, 180, '2026-06-03 11:00:00'),
(25, 13, 40, 100, '2026-01-10 04:00:00'),
(26, 13, 47, 160, '2026-05-15 03:00:00'),
(27, 14, 20, 200, '2026-02-16 09:00:00'),
(28, 14, 21, 180, '2026-05-01 13:00:00'),
(29, 14, 37, 240, '2026-03-27 01:00:00'),
(30, 14, 40, 80, '2026-05-25 05:00:00'),
(31, 14, 51, 160, '2026-04-11 16:00:00'),
(32, 15, 17, 280, '2026-04-15 18:00:00'),
(33, 15, 19, 200, '2026-02-11 18:00:00'),
(34, 15, 22, 240, '2026-04-09 09:00:00'),
(35, 15, 38, 180, '2026-01-15 01:00:00'),
(36, 15, 40, 90, '2026-04-08 01:00:00'),
(37, 15, 46, 200, '2026-01-01 05:00:00'),
(38, 15, 52, 160, '2026-02-24 07:00:00'),
(39, 6, 17, 300, '2026-02-28 07:00:00'),
(40, 6, 18, 280, '2026-03-28 04:00:00'),
(41, 6, 22, 240, '2026-06-21 14:00:00'),
(42, 6, 49, 260, '2026-05-18 05:00:00'),
(43, 6, 40, 100, '2026-05-23 20:00:00'),
(44, 7, 20, 320, '2026-03-11 13:00:00'),
(45, 7, 37, 300, '2026-03-25 16:00:00'),
(46, 7, 53, 180, '2026-04-25 12:00:00'),
(47, 7, 40, 80, '2026-03-05 11:00:00'),
(48, 8, 6, 200, '2026-04-24 11:00:00'),
(49, 8, 15, 240, '2026-05-17 13:00:00'),
(50, 8, 35, 280, '2026-01-03 19:00:00'),
(51, 8, 39, 200, '2026-05-01 09:00:00'),
(52, 8, 40, 80, '2026-02-05 18:00:00'),
(53, 8, 53, 180, '2026-01-03 09:00:00'),
(54, 9, 12, 260, '2026-02-19 17:00:00'),
(55, 9, 13, 240, '2026-06-23 03:00:00'),
(56, 9, 45, 300, '2026-06-18 01:00:00'),
(57, 9, 29, 200, '2026-01-25 06:00:00'),
(58, 9, 40, 80, '2026-03-27 04:00:00'),
(59, 10, 44, 280, '2026-03-24 01:00:00'),
(60, 10, 36, 240, '2026-04-09 20:00:00'),
(61, 10, 32, 200, '2026-06-11 14:00:00'),
(62, 10, 55, 180, '2026-05-15 01:00:00'),
(63, 10, 40, 80, '2026-01-23 15:00:00');

ALTER TABLE cms_view_history AUTO_INCREMENT = 64;


-- ============================================================
-- 最终：同步计数与自增重置
-- ============================================================

-- 更新标签作品计数
UPDATE cms_tag SET article_count = 3 WHERE id = 1;
UPDATE cms_tag SET article_count = 1 WHERE id = 3;
UPDATE cms_tag SET article_count = 3 WHERE id = 4;
UPDATE cms_tag SET article_count = 1 WHERE id = 6;
UPDATE cms_tag SET article_count = 3 WHERE id = 8;
UPDATE cms_tag SET article_count = 1 WHERE id = 9;
UPDATE cms_tag SET article_count = 1 WHERE id = 10;
UPDATE cms_tag SET article_count = 2 WHERE id = 11;
UPDATE cms_tag SET article_count = 1 WHERE id = 12;
UPDATE cms_tag SET article_count = 11 WHERE id = 13;
UPDATE cms_tag SET article_count = 2 WHERE id = 14;
UPDATE cms_tag SET article_count = 2 WHERE id = 15;
UPDATE cms_tag SET article_count = 1 WHERE id = 16;
UPDATE cms_tag SET article_count = 1 WHERE id = 17;
UPDATE cms_tag SET article_count = 1 WHERE id = 19;
UPDATE cms_tag SET article_count = 5 WHERE id = 21;
UPDATE cms_tag SET article_count = 2 WHERE id = 22;
UPDATE cms_tag SET article_count = 2 WHERE id = 23;
UPDATE cms_tag SET article_count = 1 WHERE id = 24;
UPDATE cms_tag SET article_count = 2 WHERE id = 25;
UPDATE cms_tag SET article_count = 1 WHERE id = 26;
UPDATE cms_tag SET article_count = 1 WHERE id = 27;
UPDATE cms_tag SET article_count = 3 WHERE id = 29;
UPDATE cms_tag SET article_count = 1 WHERE id = 30;
UPDATE cms_tag SET article_count = 1 WHERE id = 31;
UPDATE cms_tag SET article_count = 1 WHERE id = 32;
UPDATE cms_tag SET article_count = 2 WHERE id = 34;
UPDATE cms_tag SET article_count = 4 WHERE id = 35;
UPDATE cms_tag SET article_count = 1 WHERE id = 36;
UPDATE cms_tag SET article_count = 2 WHERE id = 37;
UPDATE cms_tag SET article_count = 1 WHERE id = 38;
UPDATE cms_tag SET article_count = 2 WHERE id = 39;
UPDATE cms_tag SET article_count = 1 WHERE id = 40;
UPDATE cms_tag SET article_count = 1 WHERE id = 41;
UPDATE cms_tag SET article_count = 2 WHERE id = 42;
UPDATE cms_tag SET article_count = 2 WHERE id = 43;
UPDATE cms_tag SET article_count = 3 WHERE id = 44;
UPDATE cms_tag SET article_count = 5 WHERE id = 45;
UPDATE cms_tag SET article_count = 1 WHERE id = 46;
UPDATE cms_tag SET article_count = 5 WHERE id = 47;
UPDATE cms_tag SET article_count = 2 WHERE id = 48;
UPDATE cms_tag SET article_count = 3 WHERE id = 49;
UPDATE cms_tag SET article_count = 4 WHERE id = 50;
UPDATE cms_tag SET article_count = 1 WHERE id = 51;
UPDATE cms_tag SET article_count = 2 WHERE id = 52;
UPDATE cms_tag SET article_count = 2 WHERE id = 54;
UPDATE cms_tag SET article_count = 1 WHERE id = 55;
UPDATE cms_tag SET article_count = 4 WHERE id = 56;
UPDATE cms_tag SET article_count = 2 WHERE id = 57;
UPDATE cms_tag SET article_count = 1 WHERE id = 58;
UPDATE cms_tag SET article_count = 2 WHERE id = 59;
UPDATE cms_tag SET article_count = 3 WHERE id = 60;
UPDATE cms_tag SET article_count = 4 WHERE id = 62;
UPDATE cms_tag SET article_count = 1 WHERE id = 63;
UPDATE cms_tag SET article_count = 1 WHERE id = 64;
UPDATE cms_tag SET article_count = 2 WHERE id = 66;
UPDATE cms_tag SET article_count = 1 WHERE id = 68;
UPDATE cms_tag SET article_count = 3 WHERE id = 70;
UPDATE cms_tag SET article_count = 1 WHERE id = 71;
UPDATE cms_tag SET article_count = 2 WHERE id = 72;
UPDATE cms_tag SET article_count = 2 WHERE id = 73;
UPDATE cms_tag SET article_count = 2 WHERE id = 74;
UPDATE cms_tag SET article_count = 1 WHERE id = 76;
UPDATE cms_tag SET article_count = 2 WHERE id = 77;
UPDATE cms_tag SET article_count = 1 WHERE id = 78;
UPDATE cms_tag SET article_count = 1 WHERE id = 80;
UPDATE cms_tag SET article_count = 1 WHERE id = 81;
UPDATE cms_tag SET article_count = 2 WHERE id = 82;
UPDATE cms_tag SET article_count = 3 WHERE id = 84;
UPDATE cms_tag SET article_count = 1 WHERE id = 86;
UPDATE cms_tag SET article_count = 1 WHERE id = 87;
UPDATE cms_tag SET article_count = 1 WHERE id = 88;
UPDATE cms_tag SET article_count = 2 WHERE id = 89;
UPDATE cms_tag SET article_count = 1 WHERE id = 90;
UPDATE cms_tag SET article_count = 4 WHERE id = 91;
UPDATE cms_tag SET article_count = 1 WHERE id = 92;
UPDATE cms_tag SET article_count = 2 WHERE id = 94;
UPDATE cms_tag SET article_count = 2 WHERE id = 95;
UPDATE cms_tag SET article_count = 4 WHERE id = 96;
UPDATE cms_tag SET article_count = 7 WHERE id = 97;
UPDATE cms_tag SET article_count = 2 WHERE id = 98;
UPDATE cms_tag SET article_count = 3 WHERE id = 99;
UPDATE cms_tag SET article_count = 1 WHERE id = 100;
UPDATE cms_tag SET article_count = 2 WHERE id = 101;
UPDATE cms_tag SET article_count = 1 WHERE id = 102;
UPDATE cms_tag SET article_count = 1 WHERE id = 103;
UPDATE cms_tag SET article_count = 1 WHERE id = 104;
UPDATE cms_tag SET article_count = 1 WHERE id = 105;
UPDATE cms_tag SET article_count = 2 WHERE id = 106;
UPDATE cms_tag SET article_count = 1 WHERE id = 107;
UPDATE cms_tag SET article_count = 3 WHERE id = 108;
UPDATE cms_tag SET article_count = 1 WHERE id = 109;
UPDATE cms_tag SET article_count = 1 WHERE id = 112;
UPDATE cms_tag SET article_count = 3 WHERE id = 114;
UPDATE cms_tag SET article_count = 1 WHERE id = 115;
UPDATE cms_tag SET article_count = 1 WHERE id = 116;
UPDATE cms_tag SET article_count = 1 WHERE id = 118;
UPDATE cms_tag SET article_count = 8 WHERE id = 119;
UPDATE cms_tag SET article_count = 1 WHERE id = 120;

-- 重置所有表的自增ID
ALTER TABLE sys_user AUTO_INCREMENT = 16;
ALTER TABLE cms_category AUTO_INCREMENT = 201;
ALTER TABLE cms_tag AUTO_INCREMENT = 121;
ALTER TABLE cms_comment AUTO_INCREMENT = 121;
ALTER TABLE cms_view_history AUTO_INCREMENT = 64;
ALTER TABLE user_follow AUTO_INCREMENT = 51;
ALTER TABLE user_message AUTO_INCREMENT = 16;
ALTER TABLE user_settings AUTO_INCREMENT = 16;
ALTER TABLE sys_login_log AUTO_INCREMENT = 1;
ALTER TABLE sys_security_audit_log AUTO_INCREMENT = 1;
ALTER TABLE cms_comment_report AUTO_INCREMENT = 1;
ALTER TABLE sys_sensitive_whitelist AUTO_INCREMENT = 1;

-- ============================================================
-- 种子数据导入完成
-- ============================================================
