-- ============================================================
-- 知讯平台 - 扩展作品种子数据 (第一部分: 作品56-155)
-- 用途：覆盖三级分类，确保每个细分领域都有内容
-- 执行顺序：在 03-seed-data.sql 之后执行
-- ============================================================

-- ============================================================
-- 1. 作品数据 (IDs 56-155, 对应分类36-135)
-- ============================================================

INSERT INTO cms_article (id, author_id, category_id, title, summary, content, cover_image, status, is_top, is_recommend, view_count, like_count, comment_count, collect_count, hot_score, publish_at, created_at, updated_at) VALUES
(56, 6, 36, '现代种植业：从传统农耕到精准农业的跨越',
'种植业正经历从经验驱动到数据驱动的深刻变革。精准农业、智慧种植、生物育种等新技术正在重塑千年农耕文明。',
'<h2>精准农业的崛起</h2><p>随着物联网、大数据和人工智能技术的成熟，种植业正在从"靠天吃饭"走向"知天而作"。精准农业通过卫星遥感、无人机巡检和土壤传感器，实现对农田的厘米级管理。</p><h2>生物育种突破</h2><p>基因编辑技术CRISPR在作物育种领域取得重大进展。抗旱、抗病虫害、高产的新品种不断涌现，为粮食安全提供了有力保障。</p><h2>智慧种植系统</h2><p>智能温室结合环境控制系统，实现了温度、湿度、光照、CO2浓度的精准调控。水培和气培技术让城市农业成为可能。</p><h2>可持续种植理念</h2><p>减少化肥农药使用、推广有机种植、保护生物多样性，可持续种植理念正在被越来越多的农业生产者接受和实践。</p>',
'https://picsum.photos/seed/art56/800/450',
2, 0, 1, 2345, 156, 28, 67, 678.3, '2026-01-18 10:00:00', '2026-01-18 00:00:00', '2026-01-18 10:00:00'),
(57, 8, 37, '畜牧业数字化转型：智慧养殖如何提升效率与品质',
'从传统放牧到智能化养殖，畜牧业正在经历一场前所未有的技术革命。智能耳标、自动饲喂、疫病预警等技术让畜牧业焕发新生。',
'<h2>智能耳标与个体追踪</h2><p>每头牲畜佩戴智能耳标，实时监测体温、活动量、采食量等关键指标。异常数据自动预警，帮助牧场主在疫病扩散前采取干预措施。</p><h2>自动饲喂系统</h2><p>基于AI算法的自动饲喂系统，根据每头牲畜的生长阶段和健康状况，精准调配饲料配方和投喂量，显著提升了肉奶品质。</p><h2>疫病智能预警</h2><p>结合计算机视觉和声音识别技术，系统能在牲畜出现明显症状前48小时发出预警，疫病死亡率降低了60%以上。</p><h2>粪污资源化利用</h2><p>畜禽粪污通过厌氧发酵产生沼气发电，沼渣沼液作为有机肥还田，形成种养循环的绿色产业链。</p>',
'https://picsum.photos/seed/art57/800/450',
2, 0, 0, 1567, 98, 15, 34, 412.8, '2026-01-22 10:00:00', '2026-01-22 00:00:00', '2026-01-22 10:00:00'),
(58, 7, 38, '深远海养殖：中国渔业的新蓝海',
'近海资源日益枯竭，深远海养殖成为渔业发展的新方向。大型深水网箱、海洋牧场、工船养殖等模式正在开辟蓝色粮仓。',
'<h2>从近海到深远海</h2><p>我国近海渔业资源已过度开发，传统捕捞业面临转型压力。深远海养殖利用开阔海域的优质水质和充足空间，为渔业可持续发展提供了新路径。</p><h2>大型深水网箱技术</h2><p>抗风浪深水网箱可抵御12级台风，单箱养殖容积达数万立方米。自动投饵、远程监控、智能分拣等配套设备，让深远海养殖的运营成本不断降低。</p><h2>海洋牧场建设</h2><p>通过人工鱼礁投放、藻类种植和增殖放流，全国已建成国家级海洋牧场示范区超过150个。</p><h2>养殖工船：移动的海洋牧场</h2><p>全球首艘10万吨级智慧渔业工船"国信1号"已投入运营，年产高品质大黄鱼3700吨。</p>',
'https://picsum.photos/seed/art58/800/450',
2, 0, 1, 1890, 134, 22, 56, 534.6, '2026-02-05 10:00:00', '2026-02-05 00:00:00', '2026-02-05 10:00:00'),
(59, 6, 39, '中国林业的绿色使命：从退耕还林到碳中和',
'林业不仅是生态屏障，更是实现碳中和目标的关键力量。本文梳理中国林业发展的战略转型与技术创新。',
'<h2>退耕还林二十年的成就</h2><p>自1999年启动退耕还林工程以来，全国累计完成退耕还林还草超过5亿亩，森林覆盖率从16.55%提升至24.02%。</p><h2>碳汇林业的兴起</h2><p>森林作为陆地最大的碳库，每年吸收二氧化碳约20亿吨。碳汇交易市场的建立，让"种树也能赚钱"成为现实。</p><h2>智慧林业技术</h2><p>卫星遥感+无人机+AI识别，构建了森林资源动态监测体系。病虫害早期发现率提升至95%以上。</p><h2>林下经济新模式</h2><p>林药间作、林菌共生、林下养殖等模式，让生态效益与经济效益实现双赢。全国林下经济产值已突破1万亿元。</p>',
'https://picsum.photos/seed/art59/800/450',
2, 0, 0, 1234, 76, 12, 28, 345.6, '2026-02-12 10:00:00', '2026-02-12 00:00:00', '2026-02-12 10:00:00'),
(60, 3, 40, '农业科技前沿：当AI遇上传统农业',
'人工智能、机器人、区块链等前沿科技正在深刻改变农业的面貌。从播种到收获，每个环节都在被重新定义。',
'<h2>农业机器人的崛起</h2><p>采摘机器人利用计算机视觉识别成熟果实，机械臂精准采摘，损伤率低于2%。除草机器人替代化学除草剂，保护土壤健康。</p><h2>AI驱动的农事决策</h2><p>整合气象、土壤、市场等多源数据，AI系统为农户提供最优种植方案。何时播种、种什么品种、何时收获，都能得到科学建议。</p><h2>区块链溯源体系</h2><p>从田间到餐桌的全程可追溯，消费者扫码即可查看农产品的生产、加工、运输全过程。</p><h2>农业大模型的探索</h2><p>专门针对农业领域训练的大语言模型，能够回答农技问题、分析病虫害图片、提供市场行情分析。</p>',
'https://picsum.photos/seed/art60/800/450',
2, 0, 1, 3456, 234, 45, 89, 856.5, '2026-02-20 10:00:00', '2026-02-20 00:00:00', '2026-02-20 10:00:00'),
(61, 3, 41, '土壤健康：被忽视的农业根基',
'土壤是农业的根基，但全球三分之一的土壤已出现退化。如何保护和修复土壤健康，关乎人类的粮食安全与生态未来。',
'<h2>土壤退化的严峻现实</h2><p>过度耕作、化肥滥用、水土流失，导致全球每年流失约240亿吨表土。中国耕地中，中低产田占比超过70%。</p><h2>土壤微生物组的奥秘</h2><p>一克健康土壤中含有数十亿微生物，它们是养分循环的关键驱动力。土壤微生物组研究正在揭示地下生态系统的复杂网络。</p><h2>保护性耕作实践</h2><p>免耕或少耕、秸秆覆盖、轮作间作，保护性耕作技术能有效减少土壤侵蚀、提升有机质含量。</p><h2>土壤数字化地图</h2><p>高精度土壤数字地图的绘制，为精准施肥和土地利用规划提供基础数据。全国土壤三普正在全面摸清土壤家底。</p>',
'https://picsum.photos/seed/art61/800/450',
2, 0, 0, 987, 56, 8, 19, 278.4, '2026-03-01 10:00:00', '2026-03-01 00:00:00', '2026-03-01 10:00:00'),
(62, 9, 42, '全球石油天然气格局重塑：能源转型中的博弈',
'地缘冲突、能源转型、技术革命三重因素交织，全球石油天然气格局正在经历深刻重塑。',
'<h2>地缘政治重塑能源版图</h2><p>俄乌冲突彻底改变了全球能源贸易流向。欧洲加速摆脱对俄能源依赖，LNG贸易量激增。</p><h2>美国页岩油气的新角色</h2><p>美国已超越沙特成为全球最大石油生产国，页岩革命让美国从能源进口国转变为出口国。</p><h2>天然气：过渡能源的争议</h2><p>天然气作为最清洁的化石能源，在能源转型期扮演着重要角色。但甲烷泄漏问题使其气候效益大打折扣。</p><h2>碳捕集与封存技术</h2><p>CCUS技术被视为化石能源"续命"的关键。全球已有超过30个大型CCUS项目投入运营。</p>',
'https://picsum.photos/seed/art62/800/450',
2, 0, 1, 2678, 178, 32, 72, 756.2, '2026-03-08 10:00:00', '2026-03-08 00:00:00', '2026-03-08 10:00:00'),
(63, 9, 43, '煤炭清洁利用：从黑色能源到绿色转型',
'煤炭在能源结构中仍占重要地位，如何实现清洁高效利用，是能源转型的关键课题。',
'<h2>煤炭的全球地位</h2><p>尽管可再生能源快速发展，煤炭仍占全球一次能源消费的27%。在亚洲，煤炭在能源安全中扮演着不可替代的角色。</p><h2>超超临界发电技术</h2><p>超超临界燃煤发电机组的供电效率可达47%以上，接近天然气联合循环的效率水平。</p><h2>煤化工的转型升级</h2><p>现代煤化工将煤炭转化为烯烃、乙二醇等高附加值化学品，延伸了煤炭产业链。</p><h2>煤基新材料探索</h2><p>从煤基碳纤维到煤基石墨烯，煤炭正在从燃料向原料转变，为清洁利用开辟了新方向。</p>',
'https://picsum.photos/seed/art63/800/450',
2, 0, 0, 1345, 87, 14, 31, 378.9, '2026-03-15 10:00:00', '2026-03-15 00:00:00', '2026-03-15 10:00:00'),
(64, 4, 44, '新型电力系统：构建以新能源为主体的电网',
'随着新能源占比不断提升，电力系统正面临从"源随荷动"到"源荷互动"的根本性变革。',
'<h2>新能源并网的挑战</h2><p>风电和光伏的间歇性和波动性，给电网的安全稳定运行带来巨大挑战。当新能源渗透率超过50%时，系统面临严峻考验。</p><h2>虚拟电厂技术</h2><p>通过聚合分布式电源、储能、可调负荷等资源，虚拟电厂能够像传统电厂一样参与电网调度。</p><h2>新型储能规模化部署</h2><p>电化学储能装机量快速增长，2小时储能系统成本已降至0.5元/Wh以下。</p><h2>电力市场改革</h2><p>现货市场、辅助服务市场、容量市场的建设，为新型电力系统的经济运行提供了市场机制保障。</p>',
'https://picsum.photos/seed/art64/800/450',
2, 0, 1, 2890, 198, 35, 78, 812.4, '2026-03-22 10:00:00', '2026-03-22 00:00:00', '2026-03-22 10:00:00'),
(65, 4, 45, '新能源2026：光伏、风电与氢能的最新进展',
'2026年，新能源行业继续高歌猛进。光伏效率再创新高，海上风电走向深远海，绿氢产业链加速成型。',
'<h2>光伏：钙钛矿叠层电池突破</h2><p>钙钛矿/硅叠层电池实验室效率突破33.7%，量产效率稳步提升至28%以上，商业化量产在即。</p><h2>风电：深远海浮式平台</h2><p>浮式海上风电技术取得重大进展，单机容量16MW以上的浮式风机已完成示范运行。</p><h2>氢能：绿氢成本下降</h2><p>电解槽效率提升和规模化生产使绿氢成本持续下降，在风光资源丰富的地区已降至2美元/公斤以下。</p><h2>新能源+储能一体化</h2><p>光储一体化项目度电成本已低于火电，储能时长的增加让新能源从"补充电源"向"主力电源"转变。</p>',
'https://picsum.photos/seed/art65/800/450',
2, 1, 1, 4567, 298, 48, 112, 1289.3, '2026-04-01 10:00:00', '2026-04-01 00:00:00', '2026-04-01 10:00:00'),
(66, 3, 46, '储能技术全景：从锂电到新型长时储能',
'储能是新能源大规模并网的关键支撑。本文全面梳理电化学储能、机械储能、热储能等技术路线的最新进展。',
'<h2>锂电池储能：主流地位稳固</h2><p>磷酸铁锂电池凭借高安全性和低成本，占据储能市场80%以上份额。280Ah大容量电芯已成为行业标配。</p><h2>钠离子电池：新势力崛起</h2><p>钠离子电池凭借丰富的钠资源和优异的低温性能，在储能领域展现出独特优势。</p><h2>液流电池：长时储能之选</h2><p>全钒液流电池的循环寿命可达20000次以上，适合4小时以上的长时储能场景。</p><h2>压缩空气储能</h2><p>300MW级压缩空气储能电站已投入商业运营，系统效率提升至70%以上。</p>',
'https://picsum.photos/seed/art66/800/450',
2, 0, 1, 2345, 167, 29, 78, 678.3, '2026-04-08 10:00:00', '2026-04-08 00:00:00', '2026-04-08 10:00:00'),
(67, 3, 47, '热力学前沿：从基础研究到工程应用',
'热力学是能源转换的理论基石。新型热力循环、先进传热技术和热管理系统的创新，正在推动能源效率的持续提升。',
'<h2>超临界CO2动力循环</h2><p>超临界CO2布雷顿循环以其紧凑的设备尺寸和较高的循环效率，被视为下一代发电技术的重要方向。</p><h2>先进传热技术</h2><p>纳米流体、相变材料、热管技术等先进传热手段，使换热效率提升30%以上。</p><h2>热管理系统优化</h2><p>从数据中心到电动汽车，AI驱动的热管理策略能够实现动态优化，降低能耗20%以上。</p><h2>热力学与量子计算</h2><p>量子热力学研究正在拓展热力学的边界，量子热机、量子制冷等概念从理论走向实验。</p>',
'https://picsum.photos/seed/art67/800/450',
2, 0, 0, 876, 45, 7, 15, 245.7, '2026-04-15 10:00:00', '2026-04-15 00:00:00', '2026-04-15 10:00:00'),
(68, 7, 48, '中国水资源管理：挑战、创新与未来',
'水资源短缺已成为制约中国可持续发展的瓶颈。从南水北调到海水淡化，多措并举保障水安全。',
'<h2>水资源分布不均的困局</h2><p>中国水资源总量居世界第六，但人均占有量仅为世界平均水平的28%。水资源时空分布极不均衡。</p><h2>南水北调的成效与挑战</h2><p>南水北调东中线一期工程通水以来，累计调水超过600亿立方米，惠及1.76亿人。</p><h2>海水淡化技术进步</h2><p>反渗透膜技术的进步使海水淡化成本降至4-5元/吨，全国海水淡化产能已超过200万吨/日。</p><h2>智慧水务系统</h2><p>物联网+AI的智慧水务平台，实现了供水管网的实时监测和漏损精准定位。</p>',
'https://picsum.photos/seed/art68/800/450',
2, 0, 1, 1678, 112, 18, 41, 456.7, '2026-04-22 10:00:00', '2026-04-22 00:00:00', '2026-04-22 10:00:00'),
(69, 7, 49, '污水处理新技术：从末端治理到资源回收',
'污水处理正在从"去除污染物"向"资源回收"转型。厌氧消化产沼气、磷回收、再生水利用等技术让污水厂变身资源工厂。',
'<h2>污水处理的范式转变</h2><p>新一代污水处理厂将污水视为资源，在净化水质的同时回收能源和营养物质。</p><h2>厌氧膜生物反应器</h2><p>AnMBR技术实现了污水有机物的高效转化，甲烷产率比传统厌氧消化提高50%以上。</p><h2>磷回收技术</h2><p>从污水中回收磷，既解决了水体富营养化问题，又实现了磷资源的循环利用。</p><h2>再生水利用</h2><p>超滤+反渗透双膜工艺使再生水水质达到饮用水标准。新加坡NEWater项目为全球树立了标杆。</p>',
'https://picsum.photos/seed/art69/800/450',
2, 0, 0, 1123, 67, 10, 23, 312.5, '2026-05-01 10:00:00', '2026-05-01 00:00:00', '2026-05-01 10:00:00'),
(70, 6, 50, '气象学的新时代：超级计算与AI如何改变天气预报',
'从经验预报到数值预报再到AI预报，气象学正在经历第三次革命。AI气象大模型的预报精度已接近甚至超越传统数值模式。',
'<h2>数值天气预报的演进</h2><p>从最初的正压模式到如今的集合预报系统，数值天气预报在过去60年间取得了巨大进步。</p><h2>AI气象大模型</h2><p>Pangu-Weather、GraphCast等AI气象大模型，在10天预报中展现出超越传统数值模式的精度，且推理速度提升万倍。</p><h2>极端天气预警</h2><p>高分辨率区域模式结合AI后处理技术，使暴雨、冰雹等强对流天气的预警提前量延长至2小时以上。</p><h2>气候预测与适应</h2><p>从季节预测到年代际预测，气候预测为农业、能源、保险等行业提供了重要的决策支撑。</p>',
'https://picsum.photos/seed/art70/800/450',
2, 0, 1, 2123, 145, 25, 56, 598.2, '2026-05-08 10:00:00', '2026-05-08 00:00:00', '2026-05-08 10:00:00'),
(71, 7, 51, '深海探索：海洋学如何揭示蓝色星球的秘密',
'海洋覆盖地球表面的71%，但人类对深海的了解甚至不如月球表面。新一代深潜器和海洋观测网正在揭开深海的神秘面纱。',
'<h2>载人深潜的突破</h2><p>中国"奋斗者"号成功坐底马里亚纳海沟，下潜深度达10909米，标志着中国深海载人深潜技术达到世界领先水平。</p><h2>海底观测网</h2><p>海底观测网将传感器、摄像头和采样设备部署在海底，实现对海洋环境的长期连续监测。</p><h2>海洋酸化监测</h2><p>海洋吸收了人类排放的三分之一二氧化碳，导致海水pH值持续下降，对珊瑚礁和贝类构成严重威胁。</p><h2>深海矿产资源</h2><p>多金属结核、富钴结壳和热液硫化物等深海矿产资源，蕴含着丰富的关键金属。</p>',
'https://picsum.photos/seed/art71/800/450',
2, 0, 0, 1567, 98, 15, 34, 412.8, '2026-05-15 10:00:00', '2026-05-15 00:00:00', '2026-05-15 10:00:00'),
(72, 9, 52, '地质勘探新技术：透视地球内部的慧眼',
'从地表到深部，地质勘探技术正在经历一场革命。三维地震、航空重磁、深部钻探等技术让我们对地球内部结构的认识不断深化。',
'<h2>三维地震勘探技术</h2><p>三维地震勘探已成为油气勘探的标配技术。高密度采集和全波形反演的结合，使地下构造成像精度大幅提升。</p><h2>航空地球物理勘查</h2><p>航空重磁测量和航空电磁测量技术，能够在人迹罕至的山区和沙漠快速获取地质信息。</p><h2>深部钻探技术</h2><p>中国大陆科学钻探工程CCSD-1井钻深5158米，获取了珍贵的深部岩芯样品。</p><h2>数字地质建模</h2><p>基于多源数据融合的三维地质建模，实现了地质体的数字化表达。</p>',
'https://picsum.photos/seed/art72/800/450',
2, 0, 0, 987, 56, 8, 19, 278.4, '2026-05-22 10:00:00', '2026-05-22 00:00:00', '2026-05-22 10:00:00'),
(73, 3, 53, '智能采矿：让矿山更安全、更高效、更绿色',
'采矿行业正在加速数字化转型。5G+智慧矿山、无人驾驶矿卡、智能选矿等技术让传统矿山焕发新生。',
'<h2>5G智慧矿山</h2><p>5G网络覆盖井下巷道，实现了采掘设备的远程操控和高清视频监控。矿工从危险的一线作业转移到安全的地面控制中心。</p><h2>无人驾驶矿卡</h2><p>百吨级无人驾驶矿卡已在多个大型露天矿投入运营，运输效率提升15%，燃油消耗降低10%。</p><h2>智能选矿</h2><p>基于机器视觉和X射线荧光的智能分选系统，入磨品位提升20%以上，大幅降低选矿能耗。</p><h2>矿山生态修复</h2><p>采空区充填、边坡绿化、尾矿库复垦，绿色矿山建设标准已在全国推广。</p>',
'https://picsum.photos/seed/art73/800/450',
2, 0, 1, 1890, 134, 22, 56, 534.6, '2026-06-01 10:00:00', '2026-06-01 00:00:00', '2026-06-01 10:00:00'),
(74, 10, 54, '未来城市规划：以人为本的智慧城市设计',
'城市规划正在从蓝图式规划走向数据驱动的动态规划。数字孪生、公众参与和韧性设计成为新时代城市规划的关键词。',
'<h2>数据驱动的规划方法</h2><p>手机信令、POI数据、社交媒体等多源城市大数据，为城市规划提供了前所未有的精细化认知。</p><h2>数字孪生城市</h2><p>构建与物理城市1:1映射的数字孪生体，实现城市规划方案的虚拟仿真和推演评估。</p><h2>15分钟生活圈</h2><p>以步行15分钟为半径，配置居民日常所需的各类服务设施，重新定义了城市社区的尺度与内涵。</p><h2>韧性城市规划</h2><p>面对气候变化和公共卫生事件的挑战，海绵城市、应急避难场所等成为规划标配。</p>',
'https://picsum.photos/seed/art74/800/450',
2, 0, 1, 2567, 178, 32, 72, 723.4, '2026-01-10 10:00:00', '2026-01-10 00:00:00', '2026-01-10 10:00:00'),
(75, 10, 55, '建筑设计的未来：参数化、仿生与可持续',
'建筑设计正在突破传统边界，参数化设计、仿生建筑和可持续理念正在塑造未来建筑的面貌。',
'<h2>参数化设计的革命</h2><p>参数化设计工具让建筑师能够探索传统方法无法实现的复杂形态，算法正在成为设计的重要伙伴。</p><h2>仿生建筑学</h2><p>向自然学习，将生物体的结构原理应用于建筑设计。蜂窝结构实现轻质高强，白蚁巢穴启发自然冷却系统。</p><h2>可持续建筑实践</h2><p>被动式超低能耗建筑、零碳建筑、木结构复兴，可持续建筑理念从边缘走向主流。</p><h2>3D打印建筑</h2><p>3D打印技术在建筑领域的应用从概念走向实践，24小时内打印一栋住宅已不再是梦想。</p>',
'https://picsum.photos/seed/art75/800/450',
2, 0, 0, 1789, 123, 20, 45, 501.2, '2026-01-20 10:00:00', '2026-01-20 00:00:00', '2026-01-20 10:00:00'),
(76, 3, 56, '结构工程新突破：超高层与超大跨度结构创新',
'从600米超高层到2000米跨海大桥，结构工程不断挑战极限。新材料、新体系和新算法正在推动结构工程走向新高度。',
'<h2>超高层结构体系创新</h2><p>巨型框架-核心筒体系、筒中筒体系、束筒体系，超高层结构体系不断演进。阻尼器技术和主动控制系统确保了安全。</p><h2>超大跨度桥梁</h2><p>悬索桥、斜拉桥和拱桥的跨度纪录不断被刷新，深中通道等超级工程展示了中国桥梁建造的世界领先水平。</p><h2>高性能材料应用</h2><p>超高性能混凝土UHPC抗压强度超过150MPa，高强钢Q690已广泛应用于大跨度结构。</p><h2>数字孪生与结构健康监测</h2><p>光纤传感器、加速度计和GPS位移监测构成的结构健康监测系统，实现了全生命周期安全监控。</p>',
'https://picsum.photos/seed/art76/800/450',
2, 0, 1, 1456, 98, 16, 38, 412.8, '2026-02-01 10:00:00', '2026-02-01 00:00:00', '2026-02-01 10:00:00'),
(77, 3, 57, '中国桥梁建设：跨越山海的工程奇迹',
'从赵州桥到港珠澳大桥，中国桥梁建设跨越千年。本文聚焦当代中国桥梁技术的重大突破与标志性工程。',
'<h2>港珠澳大桥：世纪工程</h2><p>全长55公里的港珠澳大桥，集桥、岛、隧于一体，是世界上最长的跨海通道。海底沉管隧道的安装精度控制在厘米级。</p><h2>悬索桥跨度的飞跃</h2><p>从润扬长江大桥的1490米到张靖皋长江大桥的2300+米主跨，中国悬索桥跨度不断刷新世界纪录。</p><h2>山区桥梁技术创新</h2><p>矮寨大桥的塔梁分离式悬索桥结构、北盘江大桥的565米桥面高度，体现了因地制宜的工程智慧。</p><h2>智能建造技术</h2><p>BIM技术贯穿桥梁设计施工全过程，3D打印桥墩模板、机器人焊接、无人机巡检让桥梁建设更精准。</p>',
'https://picsum.photos/seed/art77/800/450',
2, 1, 1, 3234, 223, 40, 89, 912.3, '2026-02-10 10:00:00', '2026-02-10 00:00:00', '2026-02-10 10:00:00'),
(78, 9, 58, '房地产市场转型：从高速增长到高质量发展',
'中国房地产市场正在经历深度调整。从"房住不炒"到保障性住房建设，行业逻辑正在发生根本性转变。',
'<h2>市场调整的深层逻辑</h2><p>人口增长放缓、城镇化率趋稳、居民杠杆率见顶，标志着房地产高速增长时代的终结。</p><h2>保障性住房建设加速</h2><p>配售型保障房、配租型保障房和共有产权房构成的多层次保障体系正在完善。</p><h2>城市更新与存量改造</h2><p>老旧小区改造、城中村改造和城市更新项目，正在成为房地产企业新的业务增长点。</p><h2>REITs与资产证券化</h2><p>基础设施REITs的扩容为商业地产提供了退出渠道，租赁住房REITs推动"租购并举"落地。</p>',
'https://picsum.photos/seed/art78/800/450',
2, 0, 0, 2678, 178, 32, 72, 756.2, '2026-02-18 10:00:00', '2026-02-18 00:00:00', '2026-02-18 10:00:00'),
(79, 10, 59, '室内设计趋势2026：自然、科技与人文的融合',
'室内设计正在从单纯的美学追求走向对生活方式的深度思考。自然元素、智能科技和人文关怀的融合，定义了2026年的设计趋势。',
'<h2>自然主义设计</h2><p>亲生物设计将自然光、绿植、水景和天然材质引入室内，创造与自然连接的空间体验。</p><h2>智能家居无缝集成</h2><p>智能照明、智能窗帘、环境控制系统深度融入空间设计，隐藏式安装和语音控制让科技"隐形"于生活。</p><h2>多功能弹性空间</h2><p>可变隔断、隐藏式工作台、模块化家具，让同一空间在不同时段承担不同功能。</p><h2>可持续设计实践</h2><p>再生材料、低VOC涂料、节能照明，可持续设计从概念走向标配。</p>',
'https://picsum.photos/seed/art79/800/450',
2, 0, 1, 1890, 134, 22, 56, 534.6, '2026-02-25 10:00:00', '2026-02-25 00:00:00', '2026-02-25 10:00:00'),
(80, 3, 60, '机械工程前沿：数字孪生驱动的智能设计与制造',
'数字孪生技术正在重塑机械工程的全生命周期。从设计仿真到运维优化，数字孪生让机械系统更智能、更可靠。',
'<h2>数字孪生驱动的产品设计</h2><p>在数字空间中构建产品的虚拟原型，进行多物理场耦合仿真和性能优化。设计迭代周期缩短50%以上。</p><h2>增材制造与拓扑优化</h2><p>3D打印技术与拓扑优化算法的结合，实现了传统工艺无法制造的轻量化结构。</p><h2>预测性维护</h2><p>基于振动信号、温度场和油液分析的设备健康监测系统，能够在故障发生前数周发出预警。</p><h2>人机协作机器人</h2><p>协作机器人与人类在同一空间安全共事，力控技术和视觉引导让协作机器人能够执行精密装配任务。</p>',
'https://picsum.photos/seed/art80/800/450',
2, 0, 0, 1678, 112, 18, 41, 456.7, '2026-03-05 10:00:00', '2026-03-05 00:00:00', '2026-03-05 10:00:00'),
(81, 3, 61, '汽车工程新纪元：电动化、智能化与共享化',
'汽车产业正在经历百年未有之大变局。电动化、智能化和共享化三大趋势叠加，重新定义了汽车的产品属性和产业生态。',
'<h2>电动化进入深水区</h2><p>全球新能源汽车渗透率已突破30%，中国超过40%。固态电池、800V高压平台等技术创新正在解决续航焦虑和成本难题。</p><h2>智能驾驶技术路线</h2><p>从L2+到L3/L4的跨越，端到端大模型正在改变自动驾驶的技术范式。</p><h2>软件定义汽车</h2><p>汽车正在从机械产品转变为智能终端。OTA升级、应用生态、订阅服务，软件成为汽车差异化的核心。</p><h2>新出行生态</h2><p>Robotaxi商业化运营已在多个城市启动，共享出行与自动驾驶的结合将彻底改变城市交通形态。</p>',
'https://picsum.photos/seed/art81/800/450',
2, 0, 1, 3789, 267, 43, 98, 1067.8, '2026-03-12 10:00:00', '2026-03-12 00:00:00', '2026-03-12 10:00:00'),
(82, 4, 62, '航空航天制造：中国大飞机与商业航天的崛起',
'C919商业运营、可复用火箭突破、空间站建成，中国航空航天制造业正在迎来黄金时代。',
'<h2>C919的商业化之路</h2><p>C919大型客机已交付多家航空公司投入商业运营，累计订单超过1200架。国产化率持续提升。</p><h2>可复用运载火箭</h2><p>中国民营航天企业在可复用火箭领域取得重大进展，子级回收和垂直着陆技术将大幅降低发射成本。</p><h2>空间站运营与科学实验</h2><p>中国空间站进入常态化运营阶段，已开展数百项科学实验。</p><h2>航空发动机攻坚</h2><p>长江1000A发动机的研制进展顺利，国产大涵道比涡扇发动机的适航取证工作稳步推进。</p>',
'https://picsum.photos/seed/art82/800/450',
2, 1, 1, 4123, 289, 47, 108, 1178.9, '2026-03-20 10:00:00', '2026-03-20 00:00:00', '2026-03-20 10:00:00'),
(83, 3, 63, '船舶工程：绿色智能航运的未来',
'国际海事组织减排新规倒逼航运业绿色转型，LNG动力、氨燃料、风力辅助推进等绿色船舶技术加速落地。',
'<h2>绿色船舶技术路线</h2><p>LNG动力船是目前最成熟的替代方案，但氨燃料和甲醇燃料被视为终极解决方案。</p><h2>智能船舶发展</h2><p>从辅助驾驶到自主航行，智能船舶技术不断升级。我国自主研发的300TEU集装箱智能船已完成自主航行测试。</p><h2>风力辅助推进</h2><p>旋筒风帆、硬翼帆和风筝帆等风力辅助推进装置，可节省10%-30%的燃油消耗。</p><h2>船舶数字化转型</h2><p>数字孪生船舶实现了全生命周期的数字化管理，数据驱动的决策优化正在提升航运的安全性和经济性。</p>',
'https://picsum.photos/seed/art83/800/450',
2, 0, 0, 1234, 76, 12, 28, 345.6, '2026-03-28 10:00:00', '2026-03-28 00:00:00', '2026-03-28 10:00:00'),
(84, 3, 64, '精密仪器：测量世界的纳米之眼',
'精密仪器是科学研究和工业生产的眼睛。从光刻机到质谱仪，精密仪器的水平直接决定了一个国家的科技竞争力。',
'<h2>光刻机：芯片制造的核心</h2><p>极紫外光刻机是当今最复杂的精密仪器之一，国产光刻机正在从90nm向28nm节点迈进。</p><h2>高端质谱仪</h2><p>国产Orbitrap质谱仪的分辨率已达到100万以上，打破了国外垄断。</p><h2>量子精密测量</h2><p>基于量子效应的精密测量技术，灵敏度比传统方法提升数个量级，在资源勘探和医学检测领域展现出巨大潜力。</p><h2>超精密加工装备</h2><p>纳米级精度的超精密车床和磨床，国产超精密机床的面形精度已达到纳米级。</p>',
'https://picsum.photos/seed/art84/800/450',
2, 0, 1, 2123, 145, 25, 56, 598.2, '2026-04-05 10:00:00', '2026-04-05 00:00:00', '2026-04-05 10:00:00'),
(85, 4, 65, '自动化与机器人：从工业自动化到具身智能',
'机器人正在从"执行指令"走向"理解意图"。具身智能、人形机器人和协作机器人的发展，正在重新定义人机关系。',
'<h2>工业机器人智能化升级</h2><p>3D视觉引导、力控抓取和AI路径规划，让工业机器人能够处理非结构化环境中的复杂任务。</p><h2>人形机器人竞赛</h2><p>特斯拉Optimus、国内多家企业的人形机器人纷纷亮相，双足行走、灵巧操作、自然语言交互成为焦点。</p><h2>具身智能的突破</h2><p>大语言模型赋予机器人"理解"能力，视觉-语言-动作模型让机器人能够根据自然语言指令完成复杂操作。</p><h2>特种机器人应用</h2><p>核电巡检、深海探测、灾害救援，特种机器人在极端环境中替代人类执行危险任务。</p>',
'https://picsum.photos/seed/art85/800/450',
2, 0, 1, 3456, 234, 45, 89, 978.4, '2026-04-12 10:00:00', '2026-04-12 00:00:00', '2026-04-12 10:00:00'),
(86, 3, 66, '高分子材料创新：从塑料替代到功能化突破',
'高分子材料正在从传统塑料向功能性、可降解和智能响应方向演进，为各行业提供更优的材料解决方案。',
'<h2>生物可降解高分子</h2><p>PLA、PBAT和PHA等生物可降解塑料的产能快速扩张，在限塑令推动下应用不断拓展。</p><h2>高性能工程塑料</h2><p>PEEK、PI和PPS等高性能工程塑料在航空航天、电子电器和医疗器械领域的需求持续增长。</p><h2>智能响应高分子</h2><p>形状记忆聚合物、自修复高分子和刺激响应凝胶等智能材料，在柔性电子和生物医学领域展现出独特价值。</p><h2>高分子材料循环利用</h2><p>化学回收技术将废旧塑料转化为单体或裂解油，实现真正的闭环循环。</p>',
'https://picsum.photos/seed/art86/800/450',
2, 0, 0, 1345, 87, 14, 31, 378.9, '2026-04-20 10:00:00', '2026-04-20 00:00:00', '2026-04-20 10:00:00'),
(87, 3, 67, '绿色冶金：钢铁行业的低碳转型之路',
'钢铁行业碳排放占全球的7%-8%，绿色冶金是实现碳中和目标的关键战场。',
'<h2>氢冶金技术</h2><p>用氢气替代焦炭作为还原剂，反应产物为水而非二氧化碳。瑞典HYBRIT项目已成功生产出零碳铁。</p><h2>电炉短流程炼钢</h2><p>以废钢为原料的电弧炉炼钢，碳排放仅为高炉转炉流程的三分之一。</p><h2>近终形连铸技术</h2><p>薄板坯连铸连轧和带钢连铸技术，省去了传统热轧工序，能耗降低40%以上。</p><h2>碳捕集与利用</h2><p>钢铁烟气碳捕集技术正在从实验室走向工程示范，捕集的CO2可用于化工合成和微藻养殖。</p>',
'https://picsum.photos/seed/art87/800/450',
2, 0, 0, 1123, 67, 10, 23, 312.5, '2026-04-28 10:00:00', '2026-04-28 00:00:00', '2026-04-28 10:00:00'),
(88, 4, 68, '纳米技术前沿：从实验室到产业化的跨越',
'纳米技术正在从实验室研究走向大规模产业化。纳米材料、纳米器件和纳米医学等领域的突破，正在改变多个产业的面貌。',
'<h2>纳米材料规模化制备</h2><p>碳纳米管、石墨烯和量子点的规模化制备技术取得重大进展。碳纳米管纤维的强度已超过钢铁。</p><h2>纳米电子器件</h2><p>碳纳米管晶体管、二维材料晶体管等新型器件展现出超越硅基器件的潜力。</p><h2>纳米医学应用</h2><p>纳米药物递送系统能够将药物精准送达到病灶部位，纳米抗体药物和纳米疫苗已在临床中取得显著成效。</p><h2>纳米制造技术</h2><p>纳米压印、自组装和原子层沉积等纳米制造技术的成熟，为纳米器件的批量化生产提供了工艺基础。</p>',
'https://picsum.photos/seed/art88/800/450',
2, 0, 1, 1890, 134, 22, 56, 534.6, '2026-05-05 10:00:00', '2026-05-05 00:00:00', '2026-05-05 10:00:00'),
(89, 3, 69, '化学工程创新：绿色化工与过程强化',
'化学工程正在从"三高"行业向绿色低碳转型。过程强化、连续流化学和生物制造等新技术正在重塑化工产业。',
'<h2>过程强化技术</h2><p>微反应器、静态混合器和旋转填充床等过程强化设备，使化学反应在更温和的条件下进行，安全性大幅提升。</p><h2>连续流化学</h2><p>从间歇式釜式反应转向连续流动反应，是化学工程的范式变革。连续流化学在制药领域的应用快速增长。</p><h2>生物制造崛起</h2><p>合成生物学驱动的生物制造，用微生物细胞工厂替代传统化工路线。</p><h2>化工安全与环保</h2><p>化工园区的封闭化管理、在线监测预警和应急响应系统，使化工安全水平持续提升。</p>',
'https://picsum.photos/seed/art89/800/450',
2, 0, 0, 987, 56, 8, 19, 278.4, '2026-05-12 10:00:00', '2026-05-12 00:00:00', '2026-05-12 10:00:00'),
(90, 4, 70, '制药工程：从传统工艺到连续制造',
'制药行业正在经历从批次生产到连续制造的转型。AI药物发现、连续流合成和数字化工厂正在重塑制药工程。',
'<h2>AI加速药物发现</h2><p>AI大模型在药物靶点发现、分子生成和ADMET预测中展现出强大能力，药物发现周期从4-5年缩短至1-2年。</p><h2>连续制造技术</h2><p>FDA和EMA积极推动制药行业从批次生产转向连续制造，在线监测和质量控制确保了产品一致性。</p><h2>生物制药工程</h2><p>单抗、双抗和ADC药物的产能需求持续增长，一次性生物反应器和连续层析技术显著提升了生产效率。</p><h2>制药数字化转型</h2><p>数字孪生工厂、MES系统和AI过程控制，使制药生产从经验驱动转向数据驱动。</p>',
'https://picsum.photos/seed/art90/800/450',
2, 0, 1, 1678, 112, 18, 41, 456.7, '2026-05-20 10:00:00', '2026-05-20 00:00:00', '2026-05-20 10:00:00'),
(91, 8, 71, '纺织印染的绿色革命：从污染行业到可持续时尚',
'纺织印染行业长期被视为高污染产业，但绿色技术和循环经济正在改变这一形象。',
'<h2>数码印花技术</h2><p>数码印花无需制版，按需打印，用水量仅为传统印花的十分之一，完美契合快时尚和个性化定制的需求。</p><h2>生物酶处理工艺</h2><p>用生物酶替代传统化学助剂进行退浆、精练和漂白，废水COD降低60%以上。</p><h2>废旧纺织品循环利用</h2><p>化学法将废旧棉纺织品溶解再生为新的纤维，实现"衣物到衣物"的闭环循环。</p><h2>功能性纺织品</h2><p>调温纤维、抗菌纤维、防紫外线纤维等功能性纺织品的市场需求持续增长。</p>',
'https://picsum.photos/seed/art91/800/450',
2, 0, 0, 1234, 76, 12, 28, 345.6, '2026-05-28 10:00:00', '2026-05-28 00:00:00', '2026-05-28 10:00:00'),
(92, 4, 72, '半导体与芯片：全球竞争格局与中国的突围之路',
'半导体是数字时代的基石，也是大国博弈的焦点。本文深入分析全球半导体竞争格局和中国芯片产业的突围路径。',
'<h2>全球半导体格局</h2><p>美国在EDA工具和芯片设计领域占据主导，荷兰ASML垄断高端光刻机，韩国和台湾在先进制程制造领域领先。</p><h2>中国芯片产业的进展</h2><p>成熟制程的产能快速扩张，国产EDA工具和半导体材料取得突破。先进封装和Chiplet技术备受关注。</p><h2>Chiplet与先进封装</h2><p>Chiplet将大芯片拆分为多个小芯粒，2.5D和3D封装技术使系统性能接近单芯片方案。</p><h2>RISC-V生态崛起</h2><p>开源指令集RISC-V为中国芯片产业提供了绕开ARM生态的机会，国产RISC-V处理器快速渗透。</p>',
'https://picsum.photos/seed/art92/800/450',
2, 1, 1, 5678, 389, 52, 145, 1456.7, '2026-01-05 10:00:00', '2026-01-05 00:00:00', '2026-01-05 10:00:00'),
(93, 4, 73, '集成电路设计前沿：从摩尔定律到超越摩尔',
'集成电路设计正在从追求制程微缩走向架构创新和系统级优化。',
'<h2>先进制程的挑战</h2><p>3nm和2nm制程的晶体管结构从FinFET转向GAA，设计和制造难度指数级增长。</p><h2>存算一体架构</h2><p>存算一体将计算单元嵌入存储阵列，大幅减少数据搬运，AI推理能效提升10-100倍。</p><h2>光电集成技术</h2><p>硅光子技术将光通信和电子计算集成在同一芯片上，共封装光学CPO技术已进入数据中心应用阶段。</p><h2>三维集成技术</h2><p>3D IC通过垂直互连实现芯片堆叠，混合键合技术使互连密度提升100倍以上。</p>',
'https://picsum.photos/seed/art93/800/450',
2, 0, 1, 2345, 167, 29, 78, 678.3, '2026-01-15 10:00:00', '2026-01-15 00:00:00', '2026-01-15 10:00:00'),
(94, 5, 74, '5G到6G通信：技术演进与社会变革',
'5G商用五年，6G研发加速推进。通信技术的每一次代际跃迁，都深刻改变了人类社会的运行方式。',
'<h2>5G的成就与反思</h2><p>5G在工业互联网、远程医疗和车联网等领域发挥了重要作用，但消费者端的杀手级应用尚未出现。</p><h2>6G愿景与关键技术</h2><p>6G将实现太比特级速率、亚毫秒级延迟和全球无缝覆盖。太赫兹通信、智能超表面是关键技术方向。</p><h2>星地融合网络</h2><p>低轨卫星星座与地面5G/6G网络的融合，将实现全球无缝覆盖。手机直连卫星技术已取得突破。</p><h2>通信与AI的深度融合</h2><p>AI原生网络将实现网络的自优化、自修复和自演进。语义通信从"传输比特"升级为"传输含义"。</p>',
'https://picsum.photos/seed/art94/800/450',
2, 0, 0, 1890, 134, 22, 56, 534.6, '2026-01-25 10:00:00', '2026-01-25 00:00:00', '2026-01-25 10:00:00'),
(95, 5, 75, '光纤技术：从通信骨干到传感网络',
'光纤不仅是信息传输的命脉，还正在成为覆盖全国的传感网络。',
'<h2>空芯光子带隙光纤</h2><p>空芯光纤的光在空气中传播，时延比传统实芯光纤降低30%以上，在金融交易和数据中心互连领域具有重要价值。</p><h2>多芯光纤与空分复用</h2><p>单根光纤中集成多个纤芯，结合空分复用技术，使光纤传输容量突破Pb/s量级。</p><h2>分布式光纤传感</h2><p>利用光纤中的散射效应，将通信光纤转变为分布式传感器，在管道安全、周界防护和地震监测中广泛应用。</p><h2>光纤到房间（FTTR）</h2><p>从光纤到户到光纤到房间，FTTR技术为千兆/万兆家庭宽带提供了最优方案。</p>',
'https://picsum.photos/seed/art95/800/450',
2, 0, 0, 987, 56, 8, 19, 278.4, '2026-02-05 10:00:00', '2026-02-05 00:00:00', '2026-02-05 10:00:00'),
(96, 5, 76, '消费电子2026：AI终端与空间计算的交汇',
'AI大模型端侧部署和空间计算设备的成熟，正在重新定义消费电子的产品形态和用户体验。',
'<h2>AI手机元年</h2><p>2026年被视为AI手机元年，端侧7B参数大模型成为旗舰手机标配。手机从"工具"进化为"智能伙伴"。</p><h2>空间计算设备</h2><p>Apple Vision Pro引领的空间计算浪潮，正在催生全新的交互范式和应用生态。</p><h2>AI PC的崛起</h2><p>内置NPU的AI PC能够本地运行大模型推理，Copilot+ PC的推出标志着个人计算进入AI时代。</p><h2>可穿戴设备进化</h2><p>智能手表的健康监测功能持续扩展，血糖无创监测技术取得突破。</p>',
'https://picsum.photos/seed/art96/800/450',
2, 0, 1, 3234, 223, 40, 89, 912.3, '2026-02-15 10:00:00', '2026-02-15 00:00:00', '2026-02-15 10:00:00'),
(97, 4, 77, '物联网2.0：从连接万物到智能万物',
'物联网正在从"连接"走向"智能"。AIoT、边缘计算和数字孪生的融合，让物联网成为智能社会的基础设施。',
'<h2>AIoT：AI与IoT的深度融合</h2><p>端侧AI芯片的成熟让物联网设备具备了本地智能决策能力。智能摄像头不仅能"看到"，还能"理解"场景。</p><h2>边缘计算架构</h2><p>计算能力从云端下沉到边缘节点，5G MEC平台为工业物联网提供了高可靠、低延迟的计算服务。</p><h2>物联网安全挑战</h2><p>数百亿物联网设备的安全防护是严峻挑战，零信任架构和轻量级加密是关键技术方向。</p><h2>数字孪生与物联网</h2><p>物联网传感器数据驱动数字孪生体的实时更新，智慧工厂和智慧城市的数字孪生应用正在规模化落地。</p>',
'https://picsum.photos/seed/art97/800/450',
2, 0, 0, 1678, 112, 18, 41, 456.7, '2026-02-25 10:00:00', '2026-02-25 00:00:00', '2026-02-25 10:00:00'),
(98, 3, 78, '软件工程新范式：AI辅助开发与DevOps融合',
'AI正在深刻改变软件工程的全生命周期。从需求分析到代码生成、测试和运维，AI辅助开发已成为行业标配。',
'<h2>AI代码生成的实践</h2><p>AI编程助手的代码接受率已超过30%，在样板代码和单元测试生成方面效率提升5倍以上。</p><h2>AI驱动的测试自动化</h2><p>AI自动生成测试用例、识别覆盖率盲区、分析失败根因，测试自动化率从30%提升至70%。</p><h2>平台工程兴起</h2><p>平台工程为开发团队提供自服务的内部开发平台，让开发者专注于业务逻辑。</p><h2>安全左移与DevSecOps</h2><p>安全扫描集成到CI/CD流水线，SBOM管理和依赖安全审计成为软件供应链安全的标配实践。</p>',
'https://picsum.photos/seed/art98/800/450',
2, 0, 1, 2678, 178, 32, 72, 756.2, '2026-03-05 10:00:00', '2026-03-05 00:00:00', '2026-03-05 10:00:00'),
(99, 4, 79, '人工智能2026：从大模型到通用智能的探索',
'2026年，AI大模型技术持续突破，多模态、长上下文和Agent能力显著提升。',
'<h2>大模型技术演进</h2><p>GPT-5级别的模型在推理能力和知识广度上实现质的飞跃。MoE架构和稀疏注意力机制使推理成本大幅降低。</p><h2>AI Agent生态</h2><p>AI Agent从概念走向实用，能够自主规划、调用工具和执行复杂任务。企业级AI Agent平台支持多Agent协作。</p><h2>多模态融合</h2><p>文本、图像、视频、音频和3D的统一理解与生成，使AI能够处理更加复杂的任务。</p><h2>AI安全与治理</h2><p>AI对齐、可解释性和红队测试成为研究热点，各国AI监管框架正在加速制定中。</p>',
'https://picsum.photos/seed/art99/800/450',
2, 1, 1, 6789, 456, 58, 167, 1567.8, '2026-03-15 10:00:00', '2026-03-15 00:00:00', '2026-03-15 10:00:00'),
(100, 3, 80, '网络安全新战场：AI攻防与零信任架构',
'AI正在成为网络安全攻防双方的新武器。零信任架构、AI安全运营和供应链安全成为2026年网络安全的核心议题。',
'<h2>AI驱动的网络攻防</h2><p>攻击者利用AI生成钓鱼邮件、发现漏洞和自动化攻击，防御者则用AI进行威胁检测、事件响应和安全编排。</p><h2>零信任架构落地</h2><p>"永不信任，始终验证"的零信任理念从概念走向实践，微分段、身份代理和持续验证构建了以身份为中心的安全架构。</p><h2>供应链安全</h2><p>SBOM管理、依赖安全审计和签名验证成为供应链安全的关键措施。</p><h2>数据安全与隐私保护</h2><p>数据分类分级、隐私计算和同态加密技术，在数据流通与隐私保护之间寻求平衡。</p>',
'https://picsum.photos/seed/art100/800/450',
2, 0, 1, 2345, 167, 29, 78, 678.3, '2026-03-25 10:00:00', '2026-03-25 00:00:00', '2026-03-25 10:00:00'),
(101, 4, 81, '云计算演进：从资源上云到AI原生云',
'云计算正在从IaaS/PaaS/SaaS的经典分层走向AI原生架构。',
'<h2>AI基础设施云服务</h2><p>GPU云、大模型推理服务和AI开发平台，成为云计算厂商的核心竞争力。GPU利用率从30%提升至70%以上。</p><h2>Serverless 2.0</h2><p>Serverless从函数计算扩展到容器、数据库和消息队列等全栈服务，冷启动时间降至毫秒级。</p><h2>边缘云与分布式云</h2><p>云计算能力向边缘延伸，形成云-边-端协同的分布式架构。</p><h2>云原生安全</h2><p>容器安全、服务网格安全和策略即代码，构成了云原生安全的三大支柱。</p>',
'https://picsum.photos/seed/art101/800/450',
2, 0, 0, 1890, 134, 22, 56, 534.6, '2026-04-02 10:00:00', '2026-04-02 00:00:00', '2026-04-02 10:00:00'),
(102, 4, 82, '大数据技术栈演进：从数据湖到湖仓一体',
'大数据技术正在从"存得下"走向"用得好"。湖仓一体、流批一体和DataOps等新理念，正在重塑数据基础设施。',
'<h2>湖仓一体架构</h2><p>数据湖的灵活性与数据仓库的性能优势合二为一。Apache Iceberg、Delta Lake和Hudi等开放表格式提供了统一的数据管理基础。</p><h2>流批一体计算</h2><p>Apache Flink的流批一体架构已成为事实标准，实时数仓和实时推荐等场景对流处理的需求持续增长。</p><h2>DataOps实践</h2><p>将DevOps的理念应用于数据领域，实现数据管道的自动化测试、部署和监控。</p><h2>数据治理与合规</h2><p>数据分类分级、元数据管理和数据资产目录，构成了数据治理的基础框架。</p>',
'https://picsum.photos/seed/art102/800/450',
2, 0, 0, 1456, 98, 16, 38, 412.8, '2026-04-10 10:00:00', '2026-04-10 00:00:00', '2026-04-10 10:00:00'),
(103, 3, 83, '区块链应用深化：从加密货币到产业赋能',
'区块链正在从金融领域走向更广泛的产业应用。供应链溯源、数字身份和去中心化存储等场景，正在释放区块链的真正价值。',
'<h2>供应链溯源应用</h2><p>区块链为供应链提供了不可篡改的溯源记录，在食品安全、药品溯源和奢侈品防伪领域已实现规模化应用。</p><h2>数字身份与DID</h2><p>去中心化身份让用户掌控自己的身份数据，可验证凭证技术在教育证书和职业认证领域开始落地。</p><h2>去中心化存储</h2><p>IPFS和Filecoin等去中心化存储网络，为数据持久化和抗审查提供了基础设施。</p><h2>区块链与AI的融合</h2><p>区块链为AI提供可信数据源，AI为区块链提供智能合约审计和异常检测能力。</p>',
'https://picsum.photos/seed/art103/800/450',
2, 0, 0, 1123, 67, 10, 23, 312.5, '2026-04-18 10:00:00', '2026-04-18 00:00:00', '2026-04-18 10:00:00'),
(104, 5, 84, '人机交互的未来：从屏幕到空间',
'人机交互正在经历从GUI到NUI的范式转变。语音、手势、眼动和脑机接口等自然交互方式，正在打破人与机器之间的隔阂。',
'<h2>空间交互范式</h2><p>空间计算设备将交互从二维屏幕扩展到三维空间，手势追踪、眼动注视和语音指令的融合创造了前所未有的交互体验。</p><h2>对话式交互的成熟</h2><p>大语言模型让对话式交互从"指令式"升级为"对话式"，交互门槛大幅降低。</p><h2>多模态交互融合</h2><p>语音、触摸、手势、眼动等多种交互方式的智能融合，系统能够根据场景自动选择最优交互通道。</p><h2>脑机接口的进展</h2><p>非侵入式脑机接口已能实现基本的文字输入和设备控制，侵入式脑机接口在帮助瘫痪患者恢复沟通能力方面取得重大突破。</p>',
'https://picsum.photos/seed/art104/800/450',
2, 0, 1, 1890, 134, 22, 56, 534.6, '2026-04-25 10:00:00', '2026-04-25 00:00:00', '2026-04-25 10:00:00'),
(105, 9, 85, '物流供应链数字化：从线性链条到网络协同',
'供应链正在从线性链条演变为网络化生态系统。数字化、可视化和韧性建设成为供应链管理的关键词。',
'<h2>供应链可视化</h2><p>端到端的供应链可视化平台，让企业实时掌握从原材料到终端消费者的全链路状态。</p><h2>智能仓储与配送</h2><p>AGV机器人、自动分拣系统和AI路径优化，使仓储作业效率提升3倍以上。</p><h2>供应链韧性建设</h2><p>多源供应、安全库存和近岸外包策略，正在构建更具韧性的供应链网络。</p><h2>绿色供应链</h2><p>碳足迹追踪、绿色包装和新能源运输车辆，绿色供应链管理从"加分项"变为"必选项"。</p>',
'https://picsum.photos/seed/art105/800/450',
2, 0, 0, 1567, 98, 15, 34, 412.8, '2026-05-03 10:00:00', '2026-05-03 00:00:00', '2026-05-03 10:00:00'),
(106, 3, 86, '轨道交通创新：磁悬浮与超级高铁的竞逐',
'轨道交通正在突破轮轨系统的速度极限。高温超导磁悬浮和真空管道运输技术，有望将地面交通速度提升至600公里以上。',
'<h2>高温超导磁悬浮</h2><p>中国自主研发的高温超导磁悬浮试验线已完成600km/h的运行测试，悬浮更稳定、能耗更低。</p><h2>真空管道运输</h2><p>在接近真空的管道中运行磁悬浮列车，理论时速可达1000公里以上，但管道建设成本和安全疏散仍是重大挑战。</p><h2>智能运维系统</h2><p>基于大数据和AI的轨道交通智能运维系统，故障预测准确率超过90%，运维成本降低30%。</p><h2>城市轨道交通网络化</h2><p>中国城市轨道交通运营里程已超过1万公里，覆盖50多个城市，四网融合正在推进中。</p>',
'https://picsum.photos/seed/art106/800/450',
2, 0, 1, 2123, 145, 25, 56, 598.2, '2026-05-10 10:00:00', '2026-05-10 00:00:00', '2026-05-10 10:00:00'),
(107, 7, 87, '航空运输业复苏与变革：可持续飞行的未来',
'航空业正在从疫情冲击中恢复，同时面临减排压力。可持续航空燃料、电动飞机和数字化运营正在重塑航空运输业。',
'<h2>可持续航空燃料</h2><p>SAF是航空业脱碳最可行的路径，生物航煤和电转液燃料的产能正在快速扩张。</p><h2>电动与混合动力飞机</h2><p>短途电动支线飞机已进入适航认证阶段，预计2028年投入商业运营。</p><h2>数字化运营优化</h2><p>AI驱动的航班调度、航线优化和预测性维护，使航空公司运营效率提升15%以上。</p><h2>超音速客机回归</h2><p>新一代超音速客机正在开发中，静音音爆技术使超音速飞行的经济性和环保性大幅改善。</p>',
'https://picsum.photos/seed/art107/800/450',
2, 0, 0, 1345, 87, 14, 31, 378.9, '2026-05-18 10:00:00', '2026-05-18 00:00:00', '2026-05-18 10:00:00'),
(108, 3, 88, '海事航运数字化：智能船舶与绿色航运',
'国际航运业正面临IMO减排新规的挑战。数字化和绿色化双轮驱动，正在推动海事航运业的深刻变革。',
'<h2>IMO减排新规</h2><p>国际海事组织要求2030年碳排放强度降低40%，2050年实现净零排放，LNG、甲醇和氨燃料船舶订单激增。</p><h2>智能航运系统</h2><p>船舶能效管理系统、航线优化和气象导航，使燃油消耗降低5%-15%。</p><h2>港口智能化</h2><p>自动化码头、智能闸口和无人集卡，使港口作业效率提升30%以上。</p><h2>海事通信升级</h2><p>低轨卫星通信为远洋船舶提供了高速网络连接，船载带宽从Mbps提升至Gbps级别。</p>',
'https://picsum.photos/seed/art108/800/450',
2, 0, 0, 987, 56, 8, 19, 278.4, '2026-05-25 10:00:00', '2026-05-25 00:00:00', '2026-05-25 10:00:00'),
(109, 9, 89, '交通工程前沿：智慧交通系统如何缓解城市拥堵',
'城市交通拥堵每年造成数千亿元的经济损失。智慧交通系统、MaaS和自动驾驶正在为城市交通问题提供新解法。',
'<h2>智慧交通信号控制</h2><p>基于AI的自适应信号控制系统能够根据实时交通流量动态调整信号配时，路口通行效率提升20%以上。</p><h2>MaaS出行即服务</h2><p>整合公交、地铁、共享单车、网约车等多种出行方式，推动出行方式从"拥有"到"使用"转变。</p><h2>交通大数据平台</h2><p>融合多源数据构建城市交通数字孪生平台，为交通管理提供数据支撑。</p><h2>自动驾驶与交通系统</h2><p>车路云一体化方案在中国多个城市开展示范运营，将从根本上改变交通系统的运行方式。</p>',
'https://picsum.photos/seed/art109/800/450',
2, 0, 1, 1678, 112, 18, 41, 456.7, '2026-06-01 10:00:00', '2026-06-01 00:00:00', '2026-06-01 10:00:00'),
(110, 9, 90, '2026年宏观经济走势：全球经济的六大变量',
'全球经济正在经历深刻调整。本文深入分析影响2026年全球经济的六大关键变量及其交互效应。',
'<h2>利率周期的拐点</h2><p>全球主要央行开启降息周期，流动性环境改善。但通胀的"最后一公里"可能比预期更加顽固。</p><h2>中国经济转型深化</h2><p>新能源、AI和生物医药等新质生产力成为增长新引擎，但消费复苏和房地产调整仍需时间。</p><h2>全球供应链重构</h2><p>地缘政治推动供应链从全球化走向区域化，近岸外包和友岸外包趋势加强。</p><h2>数字经济的崛起</h2><p>数字经济占全球GDP的比重持续提升，AI、云计算和数据要素成为新的经济增长点。</p>',
'https://picsum.photos/seed/art110/800/450',
2, 0, 0, 2345, 167, 29, 78, 678.3, '2026-01-08 10:00:00', '2026-01-08 00:00:00', '2026-01-08 10:00:00'),
(111, 9, 91, '国际贸易新格局：区域化、数字化与绿色化',
'全球贸易格局正在经历深刻重塑。RCEP生效、数字贸易规则制定和碳边境调节机制，正在定义国际贸易的新规则。',
'<h2>RCEP的深化效应</h2><p>RCEP生效以来，区域内90%以上的货物贸易实现零关税，原产地累积规则促进了区域供应链整合。</p><h2>数字贸易规则博弈</h2><p>数据跨境流动、数字关税和源代码披露等议题成为数字贸易规则谈判的焦点。</p><h2>碳边境调节机制</h2><p>欧盟CBAM正式实施，对进口产品隐含的碳排放征收费用，将深刻影响全球贸易流向。</p><h2>贸易便利化创新</h2><p>区块链电子提单、智能合约信用证和AI报关系统，跨境贸易的单证处理时间从数天缩短至数小时。</p>',
'https://picsum.photos/seed/art111/800/450',
2, 0, 1, 1567, 98, 15, 34, 412.8, '2026-01-18 10:00:00', '2026-01-18 00:00:00', '2026-01-18 10:00:00'),
(112, 9, 92, '银行证券业变革：数字化与AI驱动的金融新生态',
'金融科技正在深刻改变银行证券业的业务模式。AI风控、智能投顾和数字货币正在重塑金融服务的形态。',
'<h2>AI驱动的风控体系</h2><p>大模型在信贷风控、反欺诈和市场风险监测中展现出强大能力，欺诈识别率提升40%以上。</p><h2>智能投顾与财富管理</h2><p>AI驱动的智能投顾为大众投资者提供个性化的资产配置建议，财富管理服务的普惠化程度显著提升。</p><h2>央行数字货币</h2><p>数字人民币试点范围持续扩大，应用场景从零售支付扩展到跨境结算和智能合约。</p><h2>开放银行生态</h2><p>API驱动的开放银行模式，让银行服务嵌入到各类生活场景中。</p>',
'https://picsum.photos/seed/art112/800/450',
2, 0, 0, 1890, 134, 22, 56, 534.6, '2026-02-01 10:00:00', '2026-02-01 00:00:00', '2026-02-01 10:00:00'),
(113, 9, 93, '保险精算创新：大数据与AI重塑风险评估',
'保险精算正在从传统统计模型走向AI驱动的动态风险评估。',
'<h2>UBI车险的普及</h2><p>基于驾驶行为数据的车险定价模式，让安全驾驶者享受更低保费，市场份额快速增长。</p><h2>卫星遥感农业保险</h2><p>卫星遥感技术实现农作物长势的实时监测，指数保险产品简化了理赔流程。</p><h2>AI精算模型</h2><p>深度学习模型在死亡率预测、疾病发生率预测和巨灾损失评估中展现出优于传统模型的表现。</p><h2>保险科技生态</h2><p>AI客服、智能核保和秒级理赔正在成为标配，保险正在从"事后补偿"向"事前预防"延伸。</p>',
'https://picsum.photos/seed/art113/800/450',
2, 0, 0, 987, 56, 8, 19, 278.4, '2026-02-10 10:00:00', '2026-02-10 00:00:00', '2026-02-10 10:00:00'),
(114, 9, 94, '会计学在数字时代的转型：从记账到价值创造',
'会计行业正在经历从"账房先生"到"价值顾问"的转型。自动化、实时报告和ESG会计，正在重新定义会计学的内涵与外延。',
'<h2>会计自动化浪潮</h2><p>RPA和AI技术使凭证录入、对账和报表编制等重复性工作实现了高度自动化。</p><h2>实时财务报告</h2><p>从月度结账到实时财务数据，持续会计理念正在改变财务报告的时间维度。</p><h2>ESG会计与报告</h2><p>碳会计、社会影响计量和治理评估，正在成为会计学的新领域。</p><h2>会计人才培养转型</h2><p>数据分析、商业洞察和跨学科整合能力，成为新一代会计人才的核心竞争力。</p>',
'https://picsum.photos/seed/art114/800/450',
2, 0, 0, 1234, 76, 12, 28, 345.6, '2026-02-20 10:00:00', '2026-02-20 00:00:00', '2026-02-20 10:00:00'),
(115, 9, 95, '税务数字化：金税四期与智慧税务新时代',
'金税四期的全面上线标志着中国税务管理进入智慧税务新时代。',
'<h2>金税四期的核心变化</h2><p>金税四期实现了税务、工商、银行、社保等多部门数据的互联互通，全电发票的推广使发票管理进入无纸化时代。</p><h2>以数治税新格局</h2><p>大数据分析使税务机关能够精准识别税收风险，税收征管从"以票管税"向"以数治税"转变。</p><h2>国际税收改革</h2><p>OECD推动的全球最低税改革正在落地实施，跨国企业的有效税率不得低于15%。</p><h2>税务合规数字化</h2><p>企业税务管理系统从手工申报升级为自动化税务计算和风险预警。</p>',
'https://picsum.photos/seed/art115/800/450',
2, 0, 1, 1456, 98, 16, 38, 412.8, '2026-03-01 10:00:00', '2026-03-01 00:00:00', '2026-03-01 10:00:00'),
(116, 4, 96, '金融科技2.0：AI、区块链与Web3重塑金融服务',
'金融科技正在从1.0的渠道线上化走向2.0的底层重构。',
'<h2>AI+金融的深度融合</h2><p>大模型在智能客服、合规审查和投资研究中的应用日益深入。AI Agent能够自主完成贷款审批和资产配置等复杂金融任务。</p><h2>DeFi与传统金融融合</h2><p>链上资产代币化、智能合约自动化结算和去中心化身份验证，正在进入主流金融体系。</p><h2>央行数字货币生态</h2><p>数字人民币的智能合约功能支持条件支付和定向发放，在财政补贴和供应链金融中展现出独特优势。</p><h2>监管科技发展</h2><p>RegTech利用AI和大数据技术实现监管报告自动化和合规检查智能化。</p>',
'https://picsum.photos/seed/art116/800/450',
2, 0, 1, 2567, 178, 32, 72, 723.4, '2026-03-10 10:00:00', '2026-03-10 00:00:00', '2026-03-10 10:00:00'),
(117, 9, 97, '数字时代的市场营销：AI驱动精准营销新范式',
'AI正在彻底改变市场营销的玩法。从用户洞察到内容生成、从投放优化到效果评估，AI贯穿营销全链路。',
'<h2>AI内容生成革命</h2><p>AI生成文案、图片和视频的效率是人工的数十倍，但创意的独特性和品牌调性的一致性仍是挑战。</p><h2>精准用户画像</h2><p>大模型对用户行为数据的深度分析，构建了超越传统标签体系的立体用户画像。</p><h2>私域运营2.0</h2><p>AI驱动的私域运营实现了"千人千面"的个性化触达，智能客服和AI导购提升了私域转化率。</p><h2>营销效果归因</h2><p>多触点归因模型和增量测试，让营销预算的分配更加科学。</p>',
'https://picsum.photos/seed/art117/800/450',
2, 0, 0, 1890, 134, 22, 56, 534.6, '2026-03-18 10:00:00', '2026-03-18 00:00:00', '2026-03-18 10:00:00'),
(118, 9, 98, '人力资源数字化转型：AI时代的组织与人才管理',
'AI正在重塑人力资源管理的每个环节。智能招聘、个性化学习和组织网络分析，正在定义AI时代的HR新范式。',
'<h2>AI驱动的智能招聘</h2><p>AI简历筛选和视频面试分析，使招聘效率提升5倍以上，但算法偏见和候选人隐私保护是不可忽视的伦理问题。</p><h2>个性化学习与发展</h2><p>AI根据员工的技能差距和职业发展目标，推荐个性化的学习路径和内容。</p><h2>组织网络分析</h2><p>通过分析组织内部的协作网络，识别关键节点人物、信息孤岛和协作瓶颈。</p><h2>员工体验管理</h2><p>AI实时感知员工情绪和敬业度变化，预防性干预措施有效降低了关键人才的流失率。</p>',
'https://picsum.photos/seed/art118/800/450',
2, 0, 0, 1345, 87, 14, 31, 378.9, '2026-03-28 10:00:00', '2026-03-28 00:00:00', '2026-03-28 10:00:00'),
(119, 2, 99, '战略规划新思维：在不确定性中寻找确定性',
'VUCA时代，传统战略规划的确定性假设不再成立。情景规划、敏捷战略和生态思维，正在成为应对不确定性的新工具。',
'<h2>从预测到情景规划</h2><p>情景规划通过构建多种可能的未来场景，帮助企业做好"无论发生什么都能应对"的准备。</p><h2>敏捷战略方法论</h2><p>将敏捷开发的理念应用于战略管理，战略不再是年度规划文档，而是持续演化的动态系统。</p><h2>生态战略思维</h2><p>从竞争思维到生态思维，平台战略和开放式创新成为核心实践。</p><h2>AI辅助战略决策</h2><p>大模型能够快速分析海量行业数据、识别趋势和模拟决策后果，但洞察力和判断力仍是人类不可替代的能力。</p>',
'https://picsum.photos/seed/art119/800/450',
2, 0, 1, 1123, 67, 10, 23, 312.5, '2026-04-05 10:00:00', '2026-04-05 00:00:00', '2026-04-05 10:00:00'),
(120, 9, 100, '创业创新：2026年最值得关注的十大创业赛道',
'AI浪潮催生了大量创业机会。本文深入分析2026年最值得关注的十大创业赛道。',
'<h2>AI应用层创业</h2><p>大模型能力的基础设施化，让AI应用层创业成为最热门的赛道。垂直行业AI助手和AI Agent平台是最活跃的方向。</p><h2>具身智能与人形机器人</h2><p>人形机器人从实验室走向应用场景，产业链上下游都存在创业机会。</p><h2>合成生物学</h2><p>生物制造替代传统化工路线，在食品、材料和能源领域创造出全新的市场。</p><h2>商业航天</h2><p>可复用火箭技术的突破大幅降低了发射成本，卫星互联网和太空旅游正在从科幻走向现实。</p>',
'https://picsum.photos/seed/art120/800/450',
2, 0, 1, 3234, 223, 40, 89, 912.3, '2026-04-15 10:00:00', '2026-04-15 00:00:00', '2026-04-15 10:00:00'),
(121, 9, 101, '项目管理进化：从瀑布到敏捷再到AI辅助',
'项目管理方法论正在经历第三次进化。AI辅助的项目管理工具能够预测风险、优化资源和自动化报告。',
'<h2>敏捷方法的成熟与反思</h2><p>敏捷方法论已从软件行业扩展到各行各业，SAFe和LeSS等规模化敏捷框架在大型组织中广泛应用。</p><h2>AI辅助项目管理</h2><p>AI能够分析历史项目数据，预测工期延误风险和资源瓶颈，自动生成进度报告和风险清单。</p><h2>混合项目管理方法</h2><p>混合方法将敏捷的迭代性与瀑布的可预测性结合，在大型项目中取得良好效果。</p><h2>远程协作项目管理</h2><p>远程和混合办公模式成为常态，项目管理工具需要支持异步协作和虚拟白板。</p>',
'https://picsum.photos/seed/art121/800/450',
2, 0, 0, 1456, 98, 16, 38, 412.8, '2026-04-22 10:00:00', '2026-04-22 00:00:00', '2026-04-22 10:00:00'),
(122, 9, 102, '电子商务新趋势：社交电商、直播与AI购物',
'电商行业正在从货架式电商走向内容驱动和AI赋能的新阶段。',
'<h2>社交电商的崛起</h2><p>基于社交关系的推荐和分享，正在成为电商增长的新引擎。小红书和抖音的种草经济让"内容即广告，分享即销售"成为现实。</p><h2>直播电商2.0</h2><p>从"叫卖式"直播到"内容式"直播，AI数字人主播24小时不间断直播，大幅降低了运营成本。</p><h2>AI购物助手</h2><p>大模型驱动的AI购物助手能够理解消费者的模糊需求，提供个性化的商品推荐和搭配建议。</p><h2>跨境电商新格局</h2><p>TEMU和SHEIN的全球化扩张，展示了中国跨境电商的供应链优势。</p>',
'https://picsum.photos/seed/art122/800/450',
2, 0, 0, 1890, 134, 22, 56, 534.6, '2026-05-01 10:00:00', '2026-05-01 00:00:00', '2026-05-01 10:00:00'),
(123, 2, 103, '法学与科技：数字时代的法律新挑战',
'AI、数据隐私和平台治理等新问题，正在挑战传统法律框架的适用性。',
'<h2>AI法律与伦理</h2><p>AI生成内容的版权归属、AI决策的法律责任和AI系统的算法歧视，是当前法律界最热门的议题。</p><h2>数据隐私保护</h2><p>个人信息保护法的实施，使数据隐私保护从原则性要求走向具体化执行。</p><h2>平台治理与反垄断</h2><p>算法透明度、平台责任和数据互操作性，是反垄断和平台监管的核心议题。</p><h2>智能合约与法律</h2><p>智能合约的法律效力、代码漏洞的责任归属和链上争议的解决机制，是区块链法律研究的前沿问题。</p>',
'https://picsum.photos/seed/art123/800/450',
2, 0, 0, 1345, 87, 14, 31, 378.9, '2026-05-08 10:00:00', '2026-05-08 00:00:00', '2026-05-08 10:00:00'),
(124, 2, 104, '公共行政创新：数字政府与智慧治理',
'数字政府建设正在从"互联网+政务服务"走向"数据驱动+AI赋能"的新阶段。',
'<h2>一网通办的深化</h2><p>政务服务从"能办"走向"好办、快办"。AI审批助手实现了简单事项的秒批秒办，复杂事项的审批时限压缩60%以上。</p><h2>数据驱动的城市治理</h2><p>城市大脑整合多源数据，"一网统管"让城市治理从被动响应走向主动预防。</p><h2>数字鸿沟与包容性治理</h2><p>适老化改造和无障碍服务，是数字政府建设的重要考量。</p><h2>政府数据开放</h2><p>政府数据开放共享为经济社会创新提供了基础资源，但需要在数据开放与隐私保护之间找到平衡。</p>',
'https://picsum.photos/seed/art124/800/450',
2, 0, 1, 1567, 98, 15, 34, 412.8, '2026-05-15 10:00:00', '2026-05-15 00:00:00', '2026-05-15 10:00:00'),
(125, 2, 105, '国际关系新格局：多极化与科技竞争',
'世界正在走向多极化，科技竞争成为国际关系的核心议题。',
'<h2>科技竞争与国家安全</h2><p>半导体、AI和量子计算等关键技术领域的竞争，已上升为国家安全议题。</p><h2>全球南方崛起</h2><p>金砖国家扩员和全球南方国家的集体崛起，正在改变国际力量对比。</p><h2>气候外交</h2><p>气候变化成为国际合作的紧迫议题，气候融资、技术转移和损失与损害机制是核心议题。</p><h2>太空治理新挑战</h2><p>太空碎片、频谱分配和太空资源开发权，是太空治理的新议题。</p>',
'https://picsum.photos/seed/art125/800/450',
2, 0, 0, 1890, 134, 22, 56, 534.6, '2026-05-22 10:00:00', '2026-05-22 00:00:00', '2026-05-22 10:00:00'),
(126, 6, 106, '社会学视角：数字时代的社会结构与变迁',
'数字技术正在深刻改变社会结构、人际关系和权力分配。',
'<h2>数字鸿沟的新形态</h2><p>从接入鸿沟到使用鸿沟再到能力鸿沟，AI时代算法素养成为新的社会分层维度。</p><h2>社交媒体与社会关系</h2><p>社交媒体重塑了人际交往的方式，"弱连接"的价值被重新发现，但"信息茧房"效应也引发了担忧。</p><h2>平台经济与劳动关系</h2><p>外卖骑手、网约车司机等平台劳动者的权益保障，是劳动社会学的新议题。</p><h2>数字社区与社会资本</h2><p>线上和线下社区是互补而非替代关系，混合型社区的社会资本最为丰富。</p>',
'https://picsum.photos/seed/art126/800/450',
2, 0, 0, 1123, 67, 10, 23, 312.5, '2026-05-30 10:00:00', '2026-05-30 00:00:00', '2026-05-30 10:00:00'),
(127, 6, 107, '人类学新视野：从田野调查到数字人类学',
'人类学正在从传统田野调查扩展到数字空间。',
'<h2>数字人类学的兴起</h2><p>虚拟社区、游戏世界和社交媒体成为新的"田野"，人类学家需要发展新的田野方法论。</p><h2>多物种人类学</h2><p>超越人类中心主义的视角，关注人与其他物种的共生关系。</p><h2>公共人类学的实践</h2><p>公共人类学通过纪录片、播客和社交媒体，将人类学的洞见传播给更广泛的公众。</p><h2>人类学与AI</h2><p>AI系统的训练数据中隐含的文化偏见，需要人类学的批判性视角来揭示。</p>',
'https://picsum.photos/seed/art127/800/450',
2, 0, 0, 876, 45, 7, 15, 245.7, '2026-06-05 10:00:00', '2026-06-05 00:00:00', '2026-06-05 10:00:00'),
(128, 2, 108, '公共政策分析：循证决策与AI辅助治理',
'公共政策正在从经验决策走向循证决策。大数据分析和AI模拟，为政策制定和评估提供了更科学的工具。',
'<h2>循证决策方法论</h2><p>随机对照试验和准实验设计，为政策效果评估提供了"金标准"。</p><h2>AI辅助政策模拟</h2><p>基于数字孪生的政策模拟系统，能够在虚拟环境中推演政策实施的各种可能后果。</p><h2>公众参与与协商民主</h2><p>数字平台为公众参与政策制定提供了新渠道，在线协商和众包立法让政策制定更加开放。</p><h2>政策评估与迭代</h2><p>从"一锤定音"到"持续迭代"，A/B测试和渐进式改革让政策调整更加灵活。</p>',
'https://picsum.photos/seed/art128/800/450',
2, 0, 0, 987, 56, 8, 19, 278.4, '2026-06-12 10:00:00', '2026-06-12 00:00:00', '2026-06-12 10:00:00'),
(129, 6, 109, '学前教育新理念：游戏化学习与AI辅助教学',
'学前教育正在从"提前学知识"转向"培养学习力"。',
'<h2>游戏化学习的科学基础</h2><p>脑科学研究表明，游戏是儿童最自然的学习方式。在游戏中发展的问题解决能力和创造力，比知识灌输更有长期价值。</p><h2>社交情感教育</h2><p>情绪识别、自我调节和同理心培养，SEL项目在全球范围内被证明能有效减少行为问题。</p><h2>AI辅助个性化教学</h2><p>AI系统能够追踪每个孩子的学习进度，提供个性化的学习建议。但屏幕时间限制和数据隐私保护是底线。</p><h2>家园共育新模式</h2><p>数字化家园沟通平台让家长实时了解孩子在园情况，AI生成的个性化发展报告帮助家长理解孩子的成长特点。</p>',
'https://picsum.photos/seed/art129/800/450',
2, 0, 1, 1345, 87, 14, 31, 378.9, '2026-01-12 10:00:00', '2026-01-12 00:00:00', '2026-01-12 10:00:00'),
(130, 6, 110, '基础教育改革：核心素养与减负增效',
'中国基础教育正在经历从应试教育向素质教育的深刻转型。',
'<h2>核心素养导向的课程改革</h2><p>新课标以核心素养为纲，强调批判性思维、创新能力和合作精神的培养。</p><h2>双减政策的深层影响</h2><p>双减政策实施以来，校外培训大幅缩减，但家长的焦虑并未完全消除，教育评价体系的改革仍是关键。</p><h2>教育数字化转型</h2><p>国家智慧教育平台为全国师生提供了丰富的数字教育资源，AI个性化学习系统在部分学校试点。</p><h2>教师专业发展</h2><p>从"教书匠"到"学习设计师"，AI辅助备课和智能批改释放了教师的时间。</p>',
'https://picsum.photos/seed/art130/800/450',
2, 0, 0, 1890, 134, 22, 56, 534.6, '2026-01-22 10:00:00', '2026-01-22 00:00:00', '2026-01-22 10:00:00'),
(131, 6, 111, '高等教育变革：从知识传授到创新能力培养',
'高等教育正在从"教知识"转向"育能力"。',
'<h2>跨学科教育实践</h2><p>新工科、新文科和交叉学科专业的设置，打破了传统学科壁垒。AI+X的跨学科人才培养模式正在各高校推广。</p><h2>产教融合深化</h2><p>企业深度参与人才培养全过程，现代产业学院和卓越工程师学院是产教融合的重要载体。</p><h2>研究生教育改革</h2><p>扩大专业学位研究生比例，学术学位与专业学位的分类发展使研究生教育更加精准地对接社会需求。</p><h2>终身学习体系</h2><p>微证书、慕课和弹性学制，为终身学习提供了制度保障。</p>',
'https://picsum.photos/seed/art131/800/450',
2, 0, 1, 1567, 98, 15, 34, 412.8, '2026-02-02 10:00:00', '2026-02-02 00:00:00', '2026-02-02 10:00:00'),
(132, 6, 112, '职业教育升级：产教融合与技能型社会建设',
'职业教育正在从"层次教育"走向"类型教育"。',
'<h2>职业教育的类型定位</h2><p>新职业教育法明确了职业教育的类型教育定位，职业本科的设立打破了职业教育的"天花板"。</p><h2>产教融合新机制</h2><p>市域产教联合体和行业产教融合共同体的建设，使产教融合从"点对点"走向"网络化"。</p><h2>技能认证体系</h2><p>1+X证书制度的实施，使学历证书与技能证书相互衔接，为技能人才流动提供了制度保障。</p><h2>数字技能培训</h2><p>AI、大数据和云计算等数字技能的培训需求激增，职业院校正在加速数字化转型。</p>',
'https://picsum.photos/seed/art132/800/450',
2, 0, 0, 1123, 67, 10, 23, 312.5, '2026-02-12 10:00:00', '2026-02-12 00:00:00', '2026-02-12 10:00:00'),
(133, 6, 113, '特殊教育的融合之路：让每个孩子都有出彩机会',
'融合教育是特殊教育的发展方向。如何让有特殊需要的儿童在普通教育环境中获得适当支持，是教育公平的重要命题。',
'<h2>融合教育的理念与实践</h2><p>融合教育主张将有特殊需要的儿童安置在普通教育环境中，通过合理便利和支持服务确保其平等参与。</p><h2>辅助技术在特殊教育中的应用</h2><p>语音转文字、屏幕阅读器、眼控设备等辅助技术，为不同障碍类型的学生提供了学习和沟通的桥梁。</p><h2>个别化教育计划</h2><p>IEP为每位特殊需要学生量身定制教育目标和支持措施，是融合教育落地的核心工具。</p><h2>教师专业能力建设</h2><p>普通学校教师需要具备特殊教育的基本素养，特教教师也需要持续专业发展。</p>',
'https://picsum.photos/seed/art133/800/450',
2, 0, 0, 876, 45, 7, 15, 245.7, '2026-02-22 10:00:00', '2026-02-22 00:00:00', '2026-02-22 10:00:00'),
(134, 6, 114, '教育心理学新发现：学习科学如何指导教学实践',
'教育心理学正在从理论走向循证实践。学习科学的最新发现正在为教学方法的改进提供科学依据。',
'<h2>间隔重复与记忆巩固</h2><p>研究表明，间隔重复比集中练习的记忆保持效果好50%以上。这一发现正在改变课程设计和复习策略。</p><h2>成长型思维的培养</h2><p>相信能力可以通过努力提升的成长型思维，与更好的学业表现和更强的心理韧性相关。</p><h2>元认知策略教学</h2><p>教会学生"如何学习"比教会"学什么"更重要。元认知策略的显性教学能显著提升学习效率。</p><h2>情绪与学习的关系</h2><p>适度的积极情绪有利于创造性思维，而适度焦虑则有助于集中注意力。情绪调节能力是学习成功的重要因素。</p>',
'https://picsum.photos/seed/art134/800/450',
2, 0, 1, 1345, 87, 14, 31, 378.9, '2026-03-02 10:00:00', '2026-03-02 00:00:00', '2026-03-02 10:00:00'),
(135, 4, 115, '临床医学前沿：精准医疗与再生医学的突破',
'临床医学正在进入精准医疗时代。基因检测、靶向治疗和再生医学的突破，正在改变疾病的诊疗方式。',
'<h2>精准医疗的实践</h2><p>基于患者基因组信息的精准医疗，使肿瘤治疗的应答率从30%提升至60%以上。液体活检技术实现了癌症的早期筛查。</p><h2>再生医学突破</h2><p>干细胞疗法在脊髓损伤、心肌梗死和退行性疾病的治疗中取得重要进展。类器官技术为药物筛选和疾病建模提供了新平台。</p><h2>手术机器人</h2><p>达芬奇手术机器人已在全球完成超过1000万例手术，国产手术机器人也在加速追赶。</p><h2>远程医疗与数字疗法</h2><p>5G远程手术、AI辅助诊断和数字疗法APP，正在打破医疗服务的时空限制。</p>',
'https://picsum.photos/seed/art135/800/450',
2, 0, 1, 2345, 167, 29, 78, 678.3, '2026-03-10 10:00:00', '2026-03-10 00:00:00', '2026-03-10 10:00:00'),
(136, 8, 116, '护理学创新：智慧护理与人文关怀的融合',
'护理学正在从传统的医疗辅助角色走向独立的专业实践。智慧护理、循证护理和叙事护理，正在丰富护理学的内涵。',
'<h2>智慧护理系统</h2><p>物联网监测设备、AI预警系统和移动护理终端，使护理工作更加精准高效。智能输液泵和生命体征监测仪降低了不良事件发生率。</p><h2>循证护理实践</h2><p>将最佳研究证据与临床经验和患者偏好相结合，循证护理正在提升护理决策的科学性。</p><h2>叙事护理</h2><p>关注患者的故事和体验，叙事护理为技术化的医疗环境注入了人文温度。</p><h2>护理人才培养</h2><p>专科护士和高级实践护士的培养，正在拓展护理专业的职业发展空间。</p>',
'https://picsum.photos/seed/art136/800/450',
2, 0, 0, 1123, 67, 10, 23, 312.5, '2026-03-18 10:00:00', '2026-03-18 00:00:00', '2026-03-18 10:00:00'),
(137, 4, 117, '药学新纪元：AI药物发现与精准用药',
'AI正在重塑药物研发的全流程。从靶点发现到临床试验设计，AI的应用使药物研发效率和成功率显著提升。',
'<h2>AI驱动的药物发现</h2><p>AI在靶点发现、先导化合物优化和ADMET预测中的应用，使药物发现周期缩短50%以上。AI设计的药物已有多款进入临床。</p><h2>精准用药</h2><p>药物基因组学指导的精准用药，使药物不良反应减少30%，疗效提升20%。</p><h2>新型药物递送系统</h2><p>纳米药物、抗体药物偶联物和mRNA药物，正在改变药物递送和作用方式。</p><h2>真实世界研究</h2><p>利用电子病历和医保数据开展真实世界研究，为药物评价提供了传统临床试验之外的证据来源。</p>',
'https://picsum.photos/seed/art137/800/450',
2, 0, 1, 1678, 112, 18, 41, 456.7, '2026-03-28 10:00:00', '2026-03-28 00:00:00', '2026-03-28 10:00:00'),
(138, 8, 118, '公共卫生新挑战：从传染病到慢性病的全面防控',
'新冠疫情后，全球公共卫生体系正在深刻反思与重建。慢性病防控、健康公平和数字公卫，是新时代的核心议题。',
'<h2>传染病防控体系重建</h2><p>新冠疫情暴露了全球传染病监测和应对体系的不足。各国正在加强早期预警系统和应急储备能力建设。</p><h2>慢性病防控</h2><p>慢性病占全球疾病负担的70%以上。生活方式干预、社区健康管理和数字健康工具，是慢性病防控的关键策略。</p><h2>健康公平</h2><p>不同地区、不同群体之间的健康差距依然显著。全民健康覆盖和基本公共卫生服务的均等化，是健康公平的核心目标。</p><h2>数字公共卫生</h2><p>大数据监测、AI预警和数字健康干预，正在成为公共卫生的新工具。</p>',
'https://picsum.photos/seed/art138/800/450',
2, 0, 0, 1456, 98, 16, 38, 412.8, '2026-04-05 10:00:00', '2026-04-05 00:00:00', '2026-04-05 10:00:00'),
(139, 8, 119, '康复医学进展：从功能恢复到生活质量提升',
'康复医学正在从单纯的功能恢复走向生活质量的全面提升。机器人辅助康复、脑机接口康复和社区康复，正在拓展康复医学的边界。',
'<h2>机器人辅助康复</h2><p>外骨骼机器人和上肢康复机器人，为中风和脊髓损伤患者提供了高强度、可重复的康复训练。</p><h2>脑机接口康复</h2><p>脑机接口技术让严重瘫痪患者能够通过意念控制外部设备，在康复训练中重建神经通路。</p><h2>虚拟现实康复</h2><p>VR技术创造了沉浸式的康复训练环境，提升了患者的参与度和训练效果。</p><h2>社区康复模式</h2><p>从医院康复到社区康复，让患者在熟悉的环境中持续康复，降低了医疗成本。</p>',
'https://picsum.photos/seed/art139/800/450',
2, 0, 0, 987, 56, 8, 19, 278.4, '2026-04-12 10:00:00', '2026-04-12 00:00:00', '2026-04-12 10:00:00'),
(140, 8, 120, '中医学现代化：传统智慧与科学验证的融合',
'中医学正在经历从经验医学向循证医学的转型。现代科学方法正在揭示中医药的作用机制，推动中医学的现代化和国际化。',
'<h2>中医药循证研究</h2><p>随机对照试验和系统评价为中医药的疗效提供了科学证据。青蒿素的发现是中医药现代化的经典案例。</p><h2>中药药理学研究</h2><p>网络药理学和分子对接技术，揭示了中药多成分、多靶点、多通路的整体调节机制。</p><h2>针灸机制研究</h2><p>功能磁共振成像研究揭示了针灸的中枢神经机制，为针灸的临床应用提供了科学基础。</p><h2>中医国际化</h2><p>中医药已传播到196个国家和地区，针灸已在多个国家获得合法地位。国际标准化组织发布了多项中医药国际标准。</p>',
'https://picsum.photos/seed/art140/800/450',
2, 0, 1, 1567, 98, 15, 34, 412.8, '2026-04-20 10:00:00', '2026-04-20 00:00:00', '2026-04-20 10:00:00'),
(141, 4, 121, '生物技术革命：基因编辑、合成生物与细胞治疗',
'生物技术正在引领一场新的产业革命。CRISPR基因编辑、合成生物学和细胞治疗，正在改变医学、农业和制造业的面貌。',
'<h2>CRISPR基因编辑</h2><p>CRISPR-Cas9技术已从实验室走向临床，首个基因编辑疗法获批上市，用于治疗镰刀型细胞贫血症。</p><h2>合成生物学</h2><p>合成生物学正在从"读"基因组走向"写"基因组。人工合成酵母基因组的完成，标志着合成生物学进入新阶段。</p><h2>细胞治疗</h2><p>CAR-T细胞疗法在血液肿瘤治疗中取得突破性疗效，实体瘤CAR-T和通用型CAR-T是下一个前沿。</p><h2>生物制造</h2><p>用微生物细胞工厂生产化学品、材料和食品，生物制造正在替代传统化工路线。</p>',
'https://picsum.photos/seed/art141/800/450',
2, 0, 1, 2890, 198, 35, 78, 812.4, '2026-04-28 10:00:00', '2026-04-28 00:00:00', '2026-04-28 10:00:00'),
(142, 6, 122, '新闻学在数字时代的转型：从专业报道到全民传播',
'社交媒体和AI正在重塑新闻传播的生态。专业新闻机构如何在信息洪流中保持公信力，是新闻学面临的核心挑战。',
'<h2>专业新闻的价值重估</h2><p>在信息过载的时代，经过专业核实和深度调查的新闻更显珍贵。事实核查和调查报道是新闻机构的核心竞争力。</p><h2>AI与新闻生产</h2><p>AI辅助新闻写作、数据新闻和个性化推荐，正在改变新闻生产的方式。但AI生成内容的真实性和偏见问题需要警惕。</p><h2>短视频与新闻传播</h2><p>短视频平台成为新闻传播的重要渠道，但碎片化传播也带来了信息浅薄化的风险。</p><h2>新闻素养教育</h2><p>培养公众的批判性思维和信息鉴别能力，新闻素养教育正在全球推广。</p>',
'https://picsum.photos/seed/art142/800/450',
2, 0, 0, 1345, 87, 14, 31, 378.9, '2026-05-05 10:00:00', '2026-05-05 00:00:00', '2026-05-05 10:00:00'),
(143, 9, 123, '广告公关新生态：AI创意与数据驱动的品牌传播',
'AI正在重塑广告公关行业的创意生产和媒介投放方式。数据驱动的精准传播和AI生成内容，正在定义品牌传播的新范式。',
'<h2>AI创意生产</h2><p>AI生成广告文案、视觉素材和视频的能力日益强大，但品牌调性的把控和创意的独特性仍是人类创意人员的价值所在。</p><h2>程序化广告演进</h2><p>从RTB到程序化创意，程序化广告正在从"买媒体"走向"买受众+自动创意"。</p><h2>ESG传播</h2><p>企业的ESG实践需要真诚、透明的传播，"漂绿"行为正受到越来越严格的审视。</p><h2>危机公关2.0</h2><p>社交媒体时代，危机传播的速度和范围呈指数级增长。AI舆情监测和快速响应机制成为危机公关的标配。</p>',
'https://picsum.photos/seed/art143/800/450',
2, 0, 0, 1123, 67, 10, 23, 312.5, '2026-05-12 10:00:00', '2026-05-12 00:00:00', '2026-05-12 10:00:00'),
(144, 7, 124, '影视制作新工具：虚拟制片与AI后期',
'影视制作正在经历技术驱动的变革。虚拟制片、AI后期和云端协作，正在改变影视创作的流程和可能性。',
'<h2>虚拟制片技术</h2><p>LED虚拟影棚结合实时渲染引擎，让演员在虚拟场景中表演，实现了"所见即所得"的拍摄体验。</p><h2>AI后期制作</h2><p>AI辅助剪辑、自动调色和智能音频处理，大幅提升了后期制作效率。AI换脸和AI配音技术也引发了伦理讨论。</p><h2>云端协作制作</h2><p>云剪辑、云渲染和远程审片，使影视制作的团队协作不再受地理限制。</p><h2>独立电影的新机遇</h2><p>技术民主化降低了制作门槛，独立电影人能够用更低的成本实现更高的制作水准。</p>',
'https://picsum.photos/seed/art144/800/450',
2, 0, 1, 1890, 134, 22, 56, 534.6, '2026-05-20 10:00:00', '2026-05-20 00:00:00', '2026-05-20 10:00:00'),
(145, 6, 125, '出版发行在数字时代的转型：从纸书到知识服务',
'出版业正在从"卖书"走向"提供知识服务"。数字出版、知识付费和AI辅助创作，正在重塑出版发行的商业模式。',
'<h2>数字出版的发展</h2><p>电子书、有声书和互动出版物，正在丰富阅读的形式和体验。数字出版收入在出版业总收入中的占比持续提升。</p><h2>知识付费的兴起</h2><p>从"免费内容+广告"到"付费内容+服务"，知识付费模式正在为优质内容创作者提供可持续的收入来源。</p><h2>AI辅助出版</h2><p>AI辅助编辑、智能校对和个性化推荐，正在提升出版效率。</p><h2>纸质书的韧性</h2><p>尽管数字阅读增长迅速，纸质书仍然保持着独特的魅力和市场份额。独立书店的复兴印证了纸质阅读的不可替代性。</p>',
'https://picsum.photos/seed/art145/800/450',
2, 0, 0, 987, 56, 8, 19, 278.4, '2026-05-28 10:00:00', '2026-05-28 00:00:00', '2026-05-28 10:00:00'),
(146, 5, 126, '数字媒体艺术：技术与美学的交汇',
'数字技术正在催生全新的艺术形式。生成式AI艺术、沉浸式体验和互动叙事，正在拓展艺术表达的边界。',
'<h2>生成式AI艺术</h2><p>AI生成的图像、音乐和视频正在挑战传统艺术创作的定义。AI是工具还是创作者？这一哲学问题引发了广泛讨论。</p><h2>沉浸式体验</h2><p>VR/AR/MR技术创造了全新的沉浸式艺术体验，观众从旁观者变为参与者。</p><h2>互动叙事</h2><p>游戏化叙事和分支剧情，让每个读者/玩家都能获得独特的叙事体验。</p><h2>NFT与数字艺术市场</h2><p>NFT为数字艺术品的唯一性和所有权提供了技术保障，但市场泡沫和环境影响也引发了争议。</p>',
'https://picsum.photos/seed/art146/800/450',
2, 0, 1, 1678, 112, 18, 41, 456.7, '2026-06-05 10:00:00', '2026-06-05 00:00:00', '2026-06-05 10:00:00'),
(147, 6, 127, '翻译在AI时代的转型：从语言转换到文化桥梁',
'AI翻译的飞速进步正在重新定义翻译行业的价值。从"翻译替代"到"人机协作"，翻译从业者正在寻找新的定位。',
'<h2>AI翻译的能力与局限</h2><p>神经机器翻译在通用文本上的质量已接近人工翻译，但在文学、法律和专业领域的准确性和文化适配性仍有差距。</p><h2>人机协作翻译模式</h2><p>AI预翻译+人工后编辑（MTPE）已成为行业主流模式，翻译效率提升3-5倍。</p><h2>本地化与全球化</h2><p>翻译不仅是语言转换，更是文化适配。本地化策略决定了产品和服务能否被目标市场接受。</p><h2>翻译人才培养转型</h2><p>翻译教育正在从语言技能培养转向跨文化沟通能力和技术素养培养。</p>',
'https://picsum.photos/seed/art147/800/450',
2, 0, 0, 876, 45, 7, 15, 245.7, '2026-06-12 10:00:00', '2026-06-12 00:00:00', '2026-06-12 10:00:00'),
(148, 6, 128, '语言学前沿：计算语言学与社会语言学的对话',
'语言学正在与计算机科学和社会科学深度交叉。大语言模型为语言学研究提供了新工具，社会语言学关注语言与权力的关系。',
'<h2>大语言模型与语言学</h2><p>LLM在语法分析、语义理解和语言生成方面的能力，为语言学研究提供了前所未有的实验工具。</p><h2>濒危语言保护</h2><p>全球约3000种语言面临消亡危险。数字技术为濒危语言的记录、保存和复兴提供了新手段。</p><h2>多语主义与认知</h2><p>研究表明，双语/多语者在认知灵活性和抗脑衰退方面具有优势。</p><h2>语言与AI伦理</h2><p>AI系统中的语言偏见问题，需要语言学的批判性视角来识别和纠正。</p>',
'https://picsum.photos/seed/art148/800/450',
2, 0, 0, 1234, 76, 12, 28, 345.6, '2026-01-15 10:00:00', '2026-01-15 00:00:00', '2026-01-15 10:00:00'),
(149, 6, 129, '比较文学新视野：跨文化对话与文明互鉴',
'在全球化与逆全球化交织的时代，比较文学为不同文明之间的对话与理解提供了重要方法论。',
'<h2>跨文化比较的方法论</h2><p>比较文学超越了民族文学的界限，通过跨文化比较揭示文学现象的普遍性和特殊性。</p><h2>翻译与文学传播</h2><p>翻译是文学跨文化传播的桥梁。中国文学的海外传播，需要更多优秀的翻译家和翻译策略。</p><h2>世界文学概念的再思考</h2><p>世界文学不是西方文学的代名词，而是多元文明文学成果的平等对话。</p><h2>数字时代的比较文学</h2><p>数字人文方法为大规模文学比较分析提供了新工具，远读（distant reading）与细读相结合。</p>',
'https://picsum.photos/seed/art149/800/450',
2, 0, 1, 987, 56, 8, 19, 278.4, '2026-01-28 10:00:00', '2026-01-28 00:00:00', '2026-01-28 10:00:00'),
(150, 6, 130, '创意写作的艺术：从灵感到作品的完整路径',
'创意写作正在从天赋论走向方法论。写作工坊、叙事技巧和AI辅助创作，正在让更多人实现从"想写"到"写好"的跨越。',
'<h2>写作工坊模式</h2><p>MFA创意写作项目培养了大批优秀作家。同伴互评和导师指导，是写作工坊的核心方法。</p><h2>叙事技巧的系统化</h2><p>从人物塑造到情节设计，从视角选择到节奏控制，叙事技巧可以系统学习和训练。</p><h2>AI辅助创作</h2><p>AI可以作为写作伙伴，帮助克服写作障碍、生成创意灵感和检查文本一致性。但核心创意仍需人类作者。</p><h2>写作与心理健康</h2><p>表达性写作被证明有助于情绪调节和心理疗愈，写作不仅是艺术创作，也是一种自我关怀。</p>',
'https://picsum.photos/seed/art150/800/450',
2, 0, 0, 1456, 98, 16, 38, 412.8, '2026-02-08 10:00:00', '2026-02-08 00:00:00', '2026-02-08 10:00:00'),
(151, 6, 131, '诗歌在当代：从纸面到数字的诗意栖居',
'诗歌并未远去，它正在以新的形式融入当代生活。社交媒体诗歌、AI诗歌和诗歌疗愈，正在拓展诗歌的存在方式。',
'<h2>社交媒体与诗歌传播</h2><p>短视频平台上的诗歌朗诵和图文诗歌，让诗歌触达了前所未有的受众群体。</p><h2>AI与诗歌创作</h2><p>AI生成的诗歌在形式上已难以与人类作品区分，但情感的深度和生命的体验仍是人类诗人的独特优势。</p><h2>诗歌疗愈</h2><p>诗歌疗法通过阅读和创作诗歌来促进心理健康，在心理咨询和社区康复中取得良好效果。</p><h2>当代诗歌的多元面貌</h2><p>从口语诗到实验诗，从生态诗到科幻诗，当代诗歌呈现出前所未有的多元面貌。</p>',
'https://picsum.photos/seed/art151/800/450',
2, 0, 0, 876, 45, 7, 15, 245.7, '2026-02-18 10:00:00', '2026-02-18 00:00:00', '2026-02-18 10:00:00'),
(152, 6, 132, '古典文献的数字化重生：让古籍活起来',
'中国现存古籍超过5000万册，数字化和AI技术正在让这些沉睡的文化遗产重新焕发生机。',
'<h2>古籍数字化工程</h2><p>全国古籍数字化工作正在加速推进，高精度扫描和OCR识别使古籍文本的可检索性大幅提升。</p><h2>AI古籍整理</h2><p>AI自动标点、自动断句和版本比对，使古籍整理的效率提升10倍以上。</p><h2>古籍知识图谱</h2><p>构建古籍知识图谱，揭示人物、事件、地点之间的关联，为学术研究提供新的发现路径。</p><h2>古籍的公众传播</h2><p>通过短视频、播客和互动展览，古籍正在走出学术象牙塔，走向大众。</p>',
'https://picsum.photos/seed/art152/800/450',
2, 0, 1, 1123, 67, 10, 23, 312.5, '2026-02-28 10:00:00', '2026-02-28 00:00:00', '2026-02-28 10:00:00'),
(153, 10, 133, '美术在当代：从架上绘画到跨媒介艺术',
'当代美术正在突破传统媒介的界限。装置艺术、数字艺术和生物艺术，正在拓展美术的定义和可能性。',
'<h2>架上绘画的当代转型</h2><p>绘画并未消亡，而是在与摄影、数字图像的对话中获得了新的生命力。新表现主义和观念绘画是当前的重要趋势。</p><h2>装置艺术与空间体验</h2><p>装置艺术创造了沉浸式的空间体验，观众从观看者变为参与者。</p><h2>数字艺术与NFT</h2><p>数字艺术正在获得与传统艺术同等的收藏和展示价值，NFT为数字艺术的交易提供了技术基础。</p><h2>生物艺术的前沿</h2><p>以活体组织、细菌和基因作为创作媒介，生物艺术挑战了艺术与科学的边界。</p>',
'https://picsum.photos/seed/art153/800/450',
2, 0, 0, 1345, 87, 14, 31, 378.9, '2026-03-08 10:00:00', '2026-03-08 00:00:00', '2026-03-08 10:00:00'),
(154, 10, 134, '音乐创作的数字化浪潮：AI作曲与电子音乐',
'AI正在成为音乐创作的新伙伴。AI作曲、电子音乐制作和空间音频技术，正在改变音乐的创作和体验方式。',
'<h2>AI作曲技术</h2><p>AI能够根据风格、情绪和场景要求生成音乐片段，为创作者提供灵感和素材。但完整的音乐作品仍需人类的审美判断和情感投入。</p><h2>电子音乐制作</h2><p>数字音频工作站和虚拟乐器的成熟，让卧室制作人也能创作出专业水准的音乐。</p><h2>空间音频技术</h2><p>Dolby Atmos和Apple Spatial Audio，为音乐聆听创造了三维声场体验。</p><h2>音乐与脑科学</h2><p>神经音乐学研究揭示，音乐训练能够增强大脑的可塑性，音乐疗法在认知康复中展现出独特价值。</p>',
'https://picsum.photos/seed/art154/800/450',
2, 0, 1, 1567, 98, 15, 34, 412.8, '2026-03-18 10:00:00', '2026-03-18 00:00:00', '2026-03-18 10:00:00'),
(155, 10, 135, '舞蹈艺术的新表达：科技赋能与跨界融合',
'舞蹈正在与科技、视觉艺术和戏剧深度融合。动作捕捉、AI编舞和沉浸式演出，正在拓展舞蹈艺术的表达边界。',
'<h2>动作捕捉与数字舞蹈</h2><p>动作捕捉技术将舞者的动作转化为数字数据，创造出虚实结合的表演形式。</p><h2>AI辅助编舞</h2><p>AI能够分析大量舞蹈动作数据，生成新的编舞方案，为编舞者提供创意灵感。</p><h2>沉浸式舞蹈演出</h2><p>打破传统镜框式舞台，观众在演出空间中自由移动，与舞者近距离互动。</p><h2>舞蹈与身心疗愈</h2><p>舞蹈运动疗法通过身体表达促进心理疗愈，在创伤康复和情绪管理中取得显著效果。</p>',
'https://picsum.photos/seed/art155/800/450',
2, 0, 0, 1123, 67, 10, 23, 312.5, '2026-03-28 10:00:00', '2026-03-28 00:00:00', '2026-03-28 10:00:00');

-- ============================================================
-- 2. 作品标签关联数据
-- ============================================================

INSERT INTO cms_article_tag (id, article_id, tag_id) VALUES
(205, 56, 40),
(206, 56, 104),
(207, 56, 13),
(208, 57, 104),
(209, 57, 29),
(210, 57, 16),
(211, 58, 42),
(212, 58, 104),
(213, 58, 29),
(214, 59, 42),
(215, 59, 44),
(216, 59, 45),
(217, 60, 13),
(218, 60, 16),
(219, 60, 104),
(220, 60, 29),
(221, 61, 42),
(222, 61, 19),
(223, 61, 104),
(224, 62, 43),
(225, 62, 48),
(226, 62, 44),
(227, 63, 43),
(228, 63, 44),
(229, 63, 45),
(230, 64, 43),
(231, 64, 46),
(232, 64, 26),
(233, 65, 43),
(234, 65, 46),
(235, 65, 44),
(236, 65, 45),
(237, 66, 46),
(238, 66, 43),
(239, 66, 32),
(240, 67, 35),
(241, 67, 43),
(242, 67, 32),
(243, 68, 47),
(244, 68, 45),
(245, 68, 19),
(246, 69, 47),
(247, 69, 45),
(248, 69, 42),
(249, 70, 13),
(250, 70, 19),
(251, 70, 39),
(252, 71, 39),
(253, 71, 42),
(254, 71, 29),
(255, 72, 55),
(256, 72, 19),
(257, 72, 82),
(258, 73, 104),
(259, 73, 80),
(260, 73, 81),
(261, 74, 84),
(262, 74, 105),
(263, 74, 33),
(264, 75, 56),
(265, 75, 78),
(266, 75, 59),
(267, 76, 79),
(268, 76, 33),
(269, 76, 32),
(270, 77, 55),
(271, 77, 79),
(272, 77, 32),
(273, 78, 54),
(274, 78, 48),
(275, 78, 53),
(276, 79, 56),
(277, 79, 57),
(278, 79, 58),
(279, 80, 75),
(280, 80, 80),
(281, 80, 81),
(282, 81, 76),
(283, 81, 83),
(284, 81, 89),
(285, 82, 77),
(286, 82, 90),
(287, 82, 55),
(288, 83, 76),
(289, 83, 55),
(290, 83, 42),
(291, 84, 31),
(292, 84, 97),
(293, 84, 32),
(294, 85, 80),
(295, 85, 81),
(296, 85, 13),
(297, 86, 82),
(298, 86, 92),
(299, 86, 42),
(300, 87, 82),
(301, 87, 44),
(302, 87, 43),
(303, 88, 82),
(304, 88, 92),
(305, 88, 93),
(306, 89, 82),
(307, 89, 92),
(308, 89, 94),
(309, 90, 95),
(310, 90, 13),
(311, 90, 14),
(312, 91, 82),
(313, 91, 96),
(314, 91, 42),
(315, 92, 31),
(316, 92, 97),
(317, 92, 98),
(318, 93, 97),
(319, 93, 98),
(320, 93, 31),
(321, 94, 30),
(322, 94, 29),
(323, 94, 84),
(324, 95, 30),
(325, 95, 99),
(326, 95, 75),
(327, 96, 100),
(328, 96, 13),
(329, 96, 84),
(330, 97, 29),
(331, 97, 84),
(332, 97, 13),
(333, 98, 101),
(334, 98, 24),
(335, 98, 11),
(336, 99, 13),
(337, 99, 14),
(338, 99, 15),
(339, 100, 27),
(340, 100, 24),
(341, 100, 49),
(342, 101, 26),
(343, 101, 24),
(344, 101, 25),
(345, 102, 103),
(346, 102, 19),
(347, 102, 20),
(348, 103, 28),
(349, 103, 27),
(350, 103, 49),
(351, 104, 102),
(352, 104, 84),
(353, 104, 87),
(354, 105, 55),
(355, 105, 85),
(356, 105, 53),
(357, 106, 55),
(358, 106, 76),
(359, 106, 84),
(360, 107, 77),
(361, 107, 55),
(362, 107, 43),
(363, 108, 55),
(364, 108, 29),
(365, 108, 42),
(366, 109, 83),
(367, 109, 84),
(368, 109, 105),
(369, 110, 48),
(370, 110, 49),
(371, 110, 54),
(372, 111, 48),
(373, 111, 91),
(374, 111, 53),
(375, 112, 49),
(376, 112, 48),
(377, 112, 54),
(378, 113, 49),
(379, 113, 54),
(380, 113, 19),
(381, 114, 48),
(382, 114, 49),
(383, 114, 94),
(384, 115, 48),
(385, 115, 49),
(386, 115, 95),
(387, 116, 49),
(388, 116, 28),
(389, 116, 13),
(390, 117, 51),
(391, 117, 53),
(392, 117, 13),
(393, 118, 98),
(394, 118, 52),
(395, 118, 91),
(396, 119, 99),
(397, 119, 50),
(398, 119, 91),
(399, 120, 50),
(400, 120, 52),
(401, 120, 13),
(402, 121, 52),
(403, 121, 101),
(404, 121, 24),
(405, 122, 53),
(406, 122, 51),
(407, 122, 13),
(408, 123, 82),
(409, 123, 69),
(410, 123, 27),
(411, 124, 84),
(412, 124, 65),
(413, 124, 68),
(414, 125, 83),
(415, 125, 105),
(416, 125, 69),
(417, 126, 65),
(418, 126, 62),
(419, 126, 13),
(420, 127, 80),
(421, 127, 67),
(422, 127, 66),
(423, 128, 84),
(424, 128, 65),
(425, 128, 62),
(426, 129, 68),
(427, 129, 65),
(428, 129, 13),
(429, 130, 68),
(430, 130, 66),
(431, 130, 13),
(432, 131, 68),
(433, 131, 66),
(434, 131, 101),
(435, 132, 68),
(436, 132, 52),
(437, 132, 13),
(438, 133, 68),
(439, 133, 62),
(440, 133, 66),
(441, 134, 70),
(442, 134, 62),
(443, 134, 13),
(444, 135, 70),
(445, 135, 13),
(446, 135, 14),
(447, 136, 70),
(448, 136, 72),
(449, 136, 13),
(450, 137, 95),
(451, 137, 13),
(452, 137, 14),
(453, 138, 72),
(454, 138, 68),
(455, 138, 13),
(456, 139, 70),
(457, 139, 13),
(458, 139, 62),
(459, 140, 69),
(460, 140, 71),
(461, 140, 37),
(462, 141, 41),
(463, 141, 88),
(464, 141, 13),
(465, 142, 119),
(466, 142, 13),
(467, 142, 68),
(468, 143, 51),
(469, 143, 119),
(470, 143, 13),
(471, 144, 61),
(472, 144, 13),
(473, 144, 14),
(474, 145, 66),
(475, 145, 68),
(476, 145, 13),
(477, 146, 59),
(478, 146, 13),
(479, 146, 85),
(480, 147, 120),
(481, 147, 13),
(482, 147, 67),
(483, 148, 67),
(484, 148, 13),
(485, 148, 19),
(486, 149, 66),
(487, 149, 74),
(488, 149, 120),
(489, 150, 75),
(490, 150, 66),
(491, 150, 13),
(492, 151, 66),
(493, 151, 62),
(494, 151, 13),
(495, 152, 66),
(496, 152, 64),
(497, 152, 13),
(498, 153, 59),
(499, 153, 56),
(500, 153, 13),
(501, 154, 72),
(502, 154, 13),
(503, 154, 14),
(504, 155, 72),
(505, 155, 62),
(506, 155, 13);

-- ============================================================
-- 3. 作品图片数据
-- ============================================================

INSERT INTO cms_article_image (id, article_id, url, type, width, height, sort_order, created_at) VALUES
(96, 56, 'https://picsum.photos/seed/img96/800/450', 1, 1200, 675, 0, '2026-01-18 10:00:00'),
(97, 56, 'https://picsum.photos/seed/img97/800/450', 1, 1200, 675, 1, '2026-01-18 10:00:00'),
(98, 57, 'https://picsum.photos/seed/img98/800/450', 1, 1200, 675, 0, '2026-01-22 10:00:00'),
(99, 58, 'https://picsum.photos/seed/img99/800/450', 1, 1200, 675, 0, '2026-02-05 10:00:00'),
(100, 58, 'https://picsum.photos/seed/img100/800/450', 1, 1200, 675, 1, '2026-02-05 10:00:00'),
(101, 59, 'https://picsum.photos/seed/img101/800/450', 1, 1200, 675, 0, '2026-02-12 10:00:00'),
(102, 60, 'https://picsum.photos/seed/img102/800/450', 1, 1200, 675, 0, '2026-02-20 10:00:00'),
(103, 60, 'https://picsum.photos/seed/img103/800/450', 1, 1200, 675, 1, '2026-02-20 10:00:00'),
(104, 61, 'https://picsum.photos/seed/img104/800/450', 1, 1200, 675, 0, '2026-03-01 10:00:00'),
(105, 62, 'https://picsum.photos/seed/img105/800/450', 1, 1200, 675, 0, '2026-03-08 10:00:00'),
(106, 62, 'https://picsum.photos/seed/img106/800/450', 1, 1200, 675, 1, '2026-03-08 10:00:00'),
(107, 63, 'https://picsum.photos/seed/img107/800/450', 1, 1200, 675, 0, '2026-03-15 10:00:00'),
(108, 64, 'https://picsum.photos/seed/img108/800/450', 1, 1200, 675, 0, '2026-03-22 10:00:00'),
(109, 64, 'https://picsum.photos/seed/img109/800/450', 1, 1200, 675, 1, '2026-03-22 10:00:00'),
(110, 65, 'https://picsum.photos/seed/img110/800/450', 1, 1200, 675, 0, '2026-04-01 10:00:00'),
(111, 66, 'https://picsum.photos/seed/img111/800/450', 1, 1200, 675, 0, '2026-04-08 10:00:00'),
(112, 66, 'https://picsum.photos/seed/img112/800/450', 1, 1200, 675, 1, '2026-04-08 10:00:00'),
(113, 67, 'https://picsum.photos/seed/img113/800/450', 1, 1200, 675, 0, '2026-04-15 10:00:00'),
(114, 68, 'https://picsum.photos/seed/img114/800/450', 1, 1200, 675, 0, '2026-04-22 10:00:00'),
(115, 68, 'https://picsum.photos/seed/img115/800/450', 1, 1200, 675, 1, '2026-04-22 10:00:00'),
(116, 69, 'https://picsum.photos/seed/img116/800/450', 1, 1200, 675, 0, '2026-05-01 10:00:00'),
(117, 70, 'https://picsum.photos/seed/img117/800/450', 1, 1200, 675, 0, '2026-05-08 10:00:00'),
(118, 70, 'https://picsum.photos/seed/img118/800/450', 1, 1200, 675, 1, '2026-05-08 10:00:00'),
(119, 71, 'https://picsum.photos/seed/img119/800/450', 1, 1200, 675, 0, '2026-05-15 10:00:00'),
(120, 72, 'https://picsum.photos/seed/img120/800/450', 1, 1200, 675, 0, '2026-05-22 10:00:00'),
(121, 72, 'https://picsum.photos/seed/img121/800/450', 1, 1200, 675, 1, '2026-05-22 10:00:00'),
(122, 73, 'https://picsum.photos/seed/img122/800/450', 1, 1200, 675, 0, '2026-06-01 10:00:00'),
(123, 74, 'https://picsum.photos/seed/img123/800/450', 1, 1200, 675, 0, '2026-01-10 10:00:00'),
(124, 74, 'https://picsum.photos/seed/img124/800/450', 1, 1200, 675, 1, '2026-01-10 10:00:00'),
(125, 75, 'https://picsum.photos/seed/img125/800/450', 1, 1200, 675, 0, '2026-01-20 10:00:00'),
(126, 76, 'https://picsum.photos/seed/img126/800/450', 1, 1200, 675, 0, '2026-02-01 10:00:00'),
(127, 76, 'https://picsum.photos/seed/img127/800/450', 1, 1200, 675, 1, '2026-02-01 10:00:00'),
(128, 77, 'https://picsum.photos/seed/img128/800/450', 1, 1200, 675, 0, '2026-02-10 10:00:00'),
(129, 78, 'https://picsum.photos/seed/img129/800/450', 1, 1200, 675, 0, '2026-02-18 10:00:00'),
(130, 78, 'https://picsum.photos/seed/img130/800/450', 1, 1200, 675, 1, '2026-02-18 10:00:00'),
(131, 79, 'https://picsum.photos/seed/img131/800/450', 1, 1200, 675, 0, '2026-02-25 10:00:00'),
(132, 80, 'https://picsum.photos/seed/img132/800/450', 1, 1200, 675, 0, '2026-03-05 10:00:00'),
(133, 80, 'https://picsum.photos/seed/img133/800/450', 1, 1200, 675, 1, '2026-03-05 10:00:00'),
(134, 81, 'https://picsum.photos/seed/img134/800/450', 1, 1200, 675, 0, '2026-03-12 10:00:00'),
(135, 82, 'https://picsum.photos/seed/img135/800/450', 1, 1200, 675, 0, '2026-03-20 10:00:00'),
(136, 82, 'https://picsum.photos/seed/img136/800/450', 1, 1200, 675, 1, '2026-03-20 10:00:00'),
(137, 83, 'https://picsum.photos/seed/img137/800/450', 1, 1200, 675, 0, '2026-03-28 10:00:00'),
(138, 84, 'https://picsum.photos/seed/img138/800/450', 1, 1200, 675, 0, '2026-04-05 10:00:00'),
(139, 84, 'https://picsum.photos/seed/img139/800/450', 1, 1200, 675, 1, '2026-04-05 10:00:00'),
(140, 85, 'https://picsum.photos/seed/img140/800/450', 1, 1200, 675, 0, '2026-04-12 10:00:00'),
(141, 86, 'https://picsum.photos/seed/img141/800/450', 1, 1200, 675, 0, '2026-04-20 10:00:00'),
(142, 86, 'https://picsum.photos/seed/img142/800/450', 1, 1200, 675, 1, '2026-04-20 10:00:00'),
(143, 87, 'https://picsum.photos/seed/img143/800/450', 1, 1200, 675, 0, '2026-04-28 10:00:00'),
(144, 88, 'https://picsum.photos/seed/img144/800/450', 1, 1200, 675, 0, '2026-05-05 10:00:00'),
(145, 88, 'https://picsum.photos/seed/img145/800/450', 1, 1200, 675, 1, '2026-05-05 10:00:00'),
(146, 89, 'https://picsum.photos/seed/img146/800/450', 1, 1200, 675, 0, '2026-05-12 10:00:00'),
(147, 90, 'https://picsum.photos/seed/img147/800/450', 1, 1200, 675, 0, '2026-05-20 10:00:00'),
(148, 90, 'https://picsum.photos/seed/img148/800/450', 1, 1200, 675, 1, '2026-05-20 10:00:00'),
(149, 91, 'https://picsum.photos/seed/img149/800/450', 1, 1200, 675, 0, '2026-05-28 10:00:00'),
(150, 92, 'https://picsum.photos/seed/img150/800/450', 1, 1200, 675, 0, '2026-01-05 10:00:00'),
(151, 92, 'https://picsum.photos/seed/img151/800/450', 1, 1200, 675, 1, '2026-01-05 10:00:00'),
(152, 93, 'https://picsum.photos/seed/img152/800/450', 1, 1200, 675, 0, '2026-01-15 10:00:00'),
(153, 94, 'https://picsum.photos/seed/img153/800/450', 1, 1200, 675, 0, '2026-01-25 10:00:00'),
(154, 94, 'https://picsum.photos/seed/img154/800/450', 1, 1200, 675, 1, '2026-01-25 10:00:00'),
(155, 95, 'https://picsum.photos/seed/img155/800/450', 1, 1200, 675, 0, '2026-02-05 10:00:00'),
(156, 96, 'https://picsum.photos/seed/img156/800/450', 1, 1200, 675, 0, '2026-02-15 10:00:00'),
(157, 96, 'https://picsum.photos/seed/img157/800/450', 1, 1200, 675, 1, '2026-02-15 10:00:00'),
(158, 97, 'https://picsum.photos/seed/img158/800/450', 1, 1200, 675, 0, '2026-02-25 10:00:00'),
(159, 98, 'https://picsum.photos/seed/img159/800/450', 1, 1200, 675, 0, '2026-03-05 10:00:00'),
(160, 98, 'https://picsum.photos/seed/img160/800/450', 1, 1200, 675, 1, '2026-03-05 10:00:00'),
(161, 99, 'https://picsum.photos/seed/img161/800/450', 1, 1200, 675, 0, '2026-03-15 10:00:00'),
(162, 100, 'https://picsum.photos/seed/img162/800/450', 1, 1200, 675, 0, '2026-03-25 10:00:00'),
(163, 100, 'https://picsum.photos/seed/img163/800/450', 1, 1200, 675, 1, '2026-03-25 10:00:00'),
(164, 101, 'https://picsum.photos/seed/img164/800/450', 1, 1200, 675, 0, '2026-04-02 10:00:00'),
(165, 102, 'https://picsum.photos/seed/img165/800/450', 1, 1200, 675, 0, '2026-04-10 10:00:00'),
(166, 102, 'https://picsum.photos/seed/img166/800/450', 1, 1200, 675, 1, '2026-04-10 10:00:00'),
(167, 103, 'https://picsum.photos/seed/img167/800/450', 1, 1200, 675, 0, '2026-04-18 10:00:00'),
(168, 104, 'https://picsum.photos/seed/img168/800/450', 1, 1200, 675, 0, '2026-04-25 10:00:00'),
(169, 104, 'https://picsum.photos/seed/img169/800/450', 1, 1200, 675, 1, '2026-04-25 10:00:00'),
(170, 105, 'https://picsum.photos/seed/img170/800/450', 1, 1200, 675, 0, '2026-05-03 10:00:00'),
(171, 106, 'https://picsum.photos/seed/img171/800/450', 1, 1200, 675, 0, '2026-05-10 10:00:00'),
(172, 106, 'https://picsum.photos/seed/img172/800/450', 1, 1200, 675, 1, '2026-05-10 10:00:00'),
(173, 107, 'https://picsum.photos/seed/img173/800/450', 1, 1200, 675, 0, '2026-05-18 10:00:00'),
(174, 108, 'https://picsum.photos/seed/img174/800/450', 1, 1200, 675, 0, '2026-05-25 10:00:00'),
(175, 108, 'https://picsum.photos/seed/img175/800/450', 1, 1200, 675, 1, '2026-05-25 10:00:00'),
(176, 109, 'https://picsum.photos/seed/img176/800/450', 1, 1200, 675, 0, '2026-06-01 10:00:00'),
(177, 110, 'https://picsum.photos/seed/img177/800/450', 1, 1200, 675, 0, '2026-01-08 10:00:00'),
(178, 110, 'https://picsum.photos/seed/img178/800/450', 1, 1200, 675, 1, '2026-01-08 10:00:00'),
(179, 111, 'https://picsum.photos/seed/img179/800/450', 1, 1200, 675, 0, '2026-01-18 10:00:00'),
(180, 112, 'https://picsum.photos/seed/img180/800/450', 1, 1200, 675, 0, '2026-02-01 10:00:00'),
(181, 112, 'https://picsum.photos/seed/img181/800/450', 1, 1200, 675, 1, '2026-02-01 10:00:00'),
(182, 113, 'https://picsum.photos/seed/img182/800/450', 1, 1200, 675, 0, '2026-02-10 10:00:00'),
(183, 114, 'https://picsum.photos/seed/img183/800/450', 1, 1200, 675, 0, '2026-02-20 10:00:00'),
(184, 114, 'https://picsum.photos/seed/img184/800/450', 1, 1200, 675, 1, '2026-02-20 10:00:00'),
(185, 115, 'https://picsum.photos/seed/img185/800/450', 1, 1200, 675, 0, '2026-03-01 10:00:00'),
(186, 116, 'https://picsum.photos/seed/img186/800/450', 1, 1200, 675, 0, '2026-03-10 10:00:00'),
(187, 116, 'https://picsum.photos/seed/img187/800/450', 1, 1200, 675, 1, '2026-03-10 10:00:00'),
(188, 117, 'https://picsum.photos/seed/img188/800/450', 1, 1200, 675, 0, '2026-03-18 10:00:00'),
(189, 118, 'https://picsum.photos/seed/img189/800/450', 1, 1200, 675, 0, '2026-03-28 10:00:00'),
(190, 118, 'https://picsum.photos/seed/img190/800/450', 1, 1200, 675, 1, '2026-03-28 10:00:00'),
(191, 119, 'https://picsum.photos/seed/img191/800/450', 1, 1200, 675, 0, '2026-04-05 10:00:00'),
(192, 120, 'https://picsum.photos/seed/img192/800/450', 1, 1200, 675, 0, '2026-04-15 10:00:00'),
(193, 120, 'https://picsum.photos/seed/img193/800/450', 1, 1200, 675, 1, '2026-04-15 10:00:00'),
(194, 121, 'https://picsum.photos/seed/img194/800/450', 1, 1200, 675, 0, '2026-04-22 10:00:00'),
(195, 122, 'https://picsum.photos/seed/img195/800/450', 1, 1200, 675, 0, '2026-05-01 10:00:00'),
(196, 122, 'https://picsum.photos/seed/img196/800/450', 1, 1200, 675, 1, '2026-05-01 10:00:00'),
(197, 123, 'https://picsum.photos/seed/img197/800/450', 1, 1200, 675, 0, '2026-05-08 10:00:00'),
(198, 124, 'https://picsum.photos/seed/img198/800/450', 1, 1200, 675, 0, '2026-05-15 10:00:00'),
(199, 124, 'https://picsum.photos/seed/img199/800/450', 1, 1200, 675, 1, '2026-05-15 10:00:00'),
(200, 125, 'https://picsum.photos/seed/img200/800/450', 1, 1200, 675, 0, '2026-05-22 10:00:00'),
(201, 126, 'https://picsum.photos/seed/img201/800/450', 1, 1200, 675, 0, '2026-05-30 10:00:00'),
(202, 126, 'https://picsum.photos/seed/img202/800/450', 1, 1200, 675, 1, '2026-05-30 10:00:00'),
(203, 127, 'https://picsum.photos/seed/img203/800/450', 1, 1200, 675, 0, '2026-06-05 10:00:00'),
(204, 128, 'https://picsum.photos/seed/img204/800/450', 1, 1200, 675, 0, '2026-06-12 10:00:00'),
(205, 128, 'https://picsum.photos/seed/img205/800/450', 1, 1200, 675, 1, '2026-06-12 10:00:00'),
(206, 129, 'https://picsum.photos/seed/img206/800/450', 1, 1200, 675, 0, '2026-01-12 10:00:00'),
(207, 130, 'https://picsum.photos/seed/img207/800/450', 1, 1200, 675, 0, '2026-01-22 10:00:00'),
(208, 130, 'https://picsum.photos/seed/img208/800/450', 1, 1200, 675, 1, '2026-01-22 10:00:00'),
(209, 131, 'https://picsum.photos/seed/img209/800/450', 1, 1200, 675, 0, '2026-02-02 10:00:00'),
(210, 132, 'https://picsum.photos/seed/img210/800/450', 1, 1200, 675, 0, '2026-02-12 10:00:00'),
(211, 132, 'https://picsum.photos/seed/img211/800/450', 1, 1200, 675, 1, '2026-02-12 10:00:00'),
(212, 133, 'https://picsum.photos/seed/img212/800/450', 1, 1200, 675, 0, '2026-02-22 10:00:00'),
(213, 134, 'https://picsum.photos/seed/img213/800/450', 1, 1200, 675, 0, '2026-03-02 10:00:00'),
(214, 134, 'https://picsum.photos/seed/img214/800/450', 1, 1200, 675, 1, '2026-03-02 10:00:00'),
(215, 135, 'https://picsum.photos/seed/img215/800/450', 1, 1200, 675, 0, '2026-03-10 10:00:00'),
(216, 136, 'https://picsum.photos/seed/img216/800/450', 1, 1200, 675, 0, '2026-03-18 10:00:00'),
(217, 136, 'https://picsum.photos/seed/img217/800/450', 1, 1200, 675, 1, '2026-03-18 10:00:00'),
(218, 137, 'https://picsum.photos/seed/img218/800/450', 1, 1200, 675, 0, '2026-03-28 10:00:00'),
(219, 138, 'https://picsum.photos/seed/img219/800/450', 1, 1200, 675, 0, '2026-04-05 10:00:00'),
(220, 138, 'https://picsum.photos/seed/img220/800/450', 1, 1200, 675, 1, '2026-04-05 10:00:00'),
(221, 139, 'https://picsum.photos/seed/img221/800/450', 1, 1200, 675, 0, '2026-04-12 10:00:00'),
(222, 140, 'https://picsum.photos/seed/img222/800/450', 1, 1200, 675, 0, '2026-04-20 10:00:00'),
(223, 140, 'https://picsum.photos/seed/img223/800/450', 1, 1200, 675, 1, '2026-04-20 10:00:00'),
(224, 141, 'https://picsum.photos/seed/img224/800/450', 1, 1200, 675, 0, '2026-04-28 10:00:00'),
(225, 142, 'https://picsum.photos/seed/img225/800/450', 1, 1200, 675, 0, '2026-05-05 10:00:00'),
(226, 142, 'https://picsum.photos/seed/img226/800/450', 1, 1200, 675, 1, '2026-05-05 10:00:00'),
(227, 143, 'https://picsum.photos/seed/img227/800/450', 1, 1200, 675, 0, '2026-05-12 10:00:00'),
(228, 144, 'https://picsum.photos/seed/img228/800/450', 1, 1200, 675, 0, '2026-05-20 10:00:00'),
(229, 144, 'https://picsum.photos/seed/img229/800/450', 1, 1200, 675, 1, '2026-05-20 10:00:00'),
(230, 145, 'https://picsum.photos/seed/img230/800/450', 1, 1200, 675, 0, '2026-05-28 10:00:00'),
(231, 146, 'https://picsum.photos/seed/img231/800/450', 1, 1200, 675, 0, '2026-06-05 10:00:00'),
(232, 146, 'https://picsum.photos/seed/img232/800/450', 1, 1200, 675, 1, '2026-06-05 10:00:00'),
(233, 147, 'https://picsum.photos/seed/img233/800/450', 1, 1200, 675, 0, '2026-06-12 10:00:00'),
(234, 148, 'https://picsum.photos/seed/img234/800/450', 1, 1200, 675, 0, '2026-01-15 10:00:00'),
(235, 148, 'https://picsum.photos/seed/img235/800/450', 1, 1200, 675, 1, '2026-01-15 10:00:00'),
(236, 149, 'https://picsum.photos/seed/img236/800/450', 1, 1200, 675, 0, '2026-01-28 10:00:00'),
(237, 150, 'https://picsum.photos/seed/img237/800/450', 1, 1200, 675, 0, '2026-02-08 10:00:00'),
(238, 150, 'https://picsum.photos/seed/img238/800/450', 1, 1200, 675, 1, '2026-02-08 10:00:00'),
(239, 151, 'https://picsum.photos/seed/img239/800/450', 1, 1200, 675, 0, '2026-02-18 10:00:00'),
(240, 152, 'https://picsum.photos/seed/img240/800/450', 1, 1200, 675, 0, '2026-02-28 10:00:00'),
(241, 152, 'https://picsum.photos/seed/img241/800/450', 1, 1200, 675, 1, '2026-02-28 10:00:00'),
(242, 153, 'https://picsum.photos/seed/img242/800/450', 1, 1200, 675, 0, '2026-03-08 10:00:00'),
(243, 154, 'https://picsum.photos/seed/img243/800/450', 1, 1200, 675, 0, '2026-03-18 10:00:00'),
(244, 154, 'https://picsum.photos/seed/img244/800/450', 1, 1200, 675, 1, '2026-03-18 10:00:00'),
(245, 155, 'https://picsum.photos/seed/img245/800/450', 1, 1200, 675, 0, '2026-03-28 10:00:00');

-- ============================================================
-- 4. 评论数据
-- ============================================================

INSERT INTO cms_comment (id, article_id, user_id, parent_id, reply_to_id, content, status, like_count, created_at) VALUES
(121, 56, 11, 0, 0, '写得很好，学到了很多新知识！', 1, 3, '2026-01-18 10:00:00'),
(122, 56, 12, 0, 0, '这篇作品视角独特，很有启发性。', 1, 4, '2026-01-18 12:00:00'),
(123, 57, 12, 0, 0, '内容很扎实，期待更多类似作品。', 1, 4, '2026-01-22 10:00:00'),
(124, 57, 13, 0, 0, '作为一个从业者，深有感触。', 1, 5, '2026-01-22 12:00:00'),
(125, 57, 14, 0, 0, '分析得很到位，数据很有说服力。', 1, 6, '2026-01-22 14:00:00'),
(126, 58, 13, 0, 0, '请问有相关的推荐阅读吗？', 1, 5, '2026-02-05 10:00:00'),
(127, 58, 14, 0, 0, '这个领域变化太快了，需要持续关注。', 1, 6, '2026-02-05 12:00:00'),
(128, 58, 15, 0, 0, '理论和实践结合得很好。', 1, 7, '2026-02-05 14:00:00'),
(129, 58, 3, 0, 0, '终于看到一篇讲得清楚的作品了！', 1, 8, '2026-02-05 16:00:00'),
(130, 59, 14, 0, 0, '终于看到一篇讲得清楚的作品了！', 1, 6, '2026-02-12 10:00:00'),
(131, 59, 15, 0, 0, '这个观点很有意思，之前没想到过。', 1, 7, '2026-02-12 12:00:00'),
(132, 60, 15, 0, 0, '行业趋势分析得很准确。', 1, 7, '2026-02-20 10:00:00'),
(133, 60, 3, 0, 0, '期待后续更新！', 1, 8, '2026-02-20 12:00:00'),
(134, 60, 4, 0, 0, '这个技术方向很有前景。', 1, 9, '2026-02-20 14:00:00'),
(135, 61, 3, 0, 0, '实操性很强，可以直接参考。', 1, 8, '2026-03-01 10:00:00'),
(136, 61, 4, 0, 0, '数据和案例都很充实。', 1, 9, '2026-03-01 12:00:00'),
(137, 61, 5, 0, 0, '作为入门了解非常合适。', 1, 10, '2026-03-01 14:00:00'),
(138, 61, 6, 0, 0, '这个问题确实值得深入讨论。', 1, 11, '2026-03-01 16:00:00'),
(139, 62, 4, 0, 0, '这个问题确实值得深入讨论。', 1, 9, '2026-03-08 10:00:00'),
(140, 62, 5, 0, 0, '作品结构清晰，逻辑性强。', 1, 10, '2026-03-08 12:00:00'),
(141, 63, 5, 0, 0, '这篇作品视角独特，很有启发性。', 1, 10, '2026-03-15 10:00:00'),
(142, 63, 6, 0, 0, '感谢分享，收藏了！', 1, 11, '2026-03-15 12:00:00'),
(143, 63, 7, 0, 0, '内容很扎实，期待更多类似作品。', 1, 12, '2026-03-15 14:00:00'),
(144, 64, 6, 0, 0, '作为一个从业者，深有感触。', 1, 11, '2026-03-22 10:00:00'),
(145, 64, 7, 0, 0, '分析得很到位，数据很有说服力。', 1, 12, '2026-03-22 12:00:00'),
(146, 64, 8, 0, 0, '请问有相关的推荐阅读吗？', 1, 13, '2026-03-22 14:00:00'),
(147, 64, 9, 0, 0, '这个领域变化太快了，需要持续关注。', 1, 14, '2026-03-22 16:00:00'),
(148, 65, 7, 0, 0, '这个领域变化太快了，需要持续关注。', 1, 12, '2026-04-01 10:00:00'),
(149, 65, 8, 0, 0, '理论和实践结合得很好。', 1, 13, '2026-04-01 12:00:00'),
(150, 66, 8, 0, 0, '这个观点很有意思，之前没想到过。', 1, 13, '2026-04-08 10:00:00'),
(151, 66, 9, 0, 0, '写得深入浅出，非专业人士也能看懂。', 1, 14, '2026-04-08 12:00:00'),
(152, 66, 10, 0, 0, '行业趋势分析得很准确。', 1, 15, '2026-04-08 14:00:00'),
(153, 67, 9, 0, 0, '期待后续更新！', 1, 14, '2026-04-15 10:00:00'),
(154, 67, 10, 0, 0, '这个技术方向很有前景。', 1, 15, '2026-04-15 12:00:00'),
(155, 67, 11, 0, 0, '实操性很强，可以直接参考。', 1, 16, '2026-04-15 14:00:00'),
(156, 67, 12, 0, 0, '数据和案例都很充实。', 1, 17, '2026-04-15 16:00:00'),
(157, 68, 10, 0, 0, '数据和案例都很充实。', 1, 15, '2026-04-22 10:00:00'),
(158, 68, 11, 0, 0, '作为入门了解非常合适。', 1, 16, '2026-04-22 12:00:00'),
(159, 69, 11, 0, 0, '作品结构清晰，逻辑性强。', 1, 16, '2026-05-01 10:00:00'),
(160, 69, 12, 0, 0, '写得很好，学到了很多新知识！', 1, 17, '2026-05-01 12:00:00'),
(161, 69, 13, 0, 0, '这篇作品视角独特，很有启发性。', 1, 3, '2026-05-01 14:00:00'),
(162, 70, 12, 0, 0, '感谢分享，收藏了！', 1, 17, '2026-05-08 10:00:00'),
(163, 70, 13, 0, 0, '内容很扎实，期待更多类似作品。', 1, 3, '2026-05-08 12:00:00'),
(164, 70, 14, 0, 0, '作为一个从业者，深有感触。', 1, 4, '2026-05-08 14:00:00'),
(165, 70, 15, 0, 0, '分析得很到位，数据很有说服力。', 1, 5, '2026-05-08 16:00:00'),
(166, 71, 13, 0, 0, '分析得很到位，数据很有说服力。', 1, 3, '2026-05-15 10:00:00'),
(167, 71, 14, 0, 0, '请问有相关的推荐阅读吗？', 1, 4, '2026-05-15 12:00:00'),
(168, 72, 14, 0, 0, '理论和实践结合得很好。', 1, 4, '2026-05-22 10:00:00'),
(169, 72, 15, 0, 0, '终于看到一篇讲得清楚的作品了！', 1, 5, '2026-05-22 12:00:00'),
(170, 72, 3, 0, 0, '这个观点很有意思，之前没想到过。', 1, 6, '2026-05-22 14:00:00'),
(171, 73, 15, 0, 0, '写得深入浅出，非专业人士也能看懂。', 1, 5, '2026-06-01 10:00:00'),
(172, 73, 3, 0, 0, '行业趋势分析得很准确。', 1, 6, '2026-06-01 12:00:00'),
(173, 73, 4, 0, 0, '期待后续更新！', 1, 7, '2026-06-01 14:00:00'),
(174, 73, 5, 0, 0, '这个技术方向很有前景。', 1, 8, '2026-06-01 16:00:00'),
(175, 74, 3, 0, 0, '这个技术方向很有前景。', 1, 6, '2026-01-10 10:00:00'),
(176, 74, 4, 0, 0, '实操性很强，可以直接参考。', 1, 7, '2026-01-10 12:00:00'),
(177, 75, 4, 0, 0, '作为入门了解非常合适。', 1, 7, '2026-01-20 10:00:00'),
(178, 75, 5, 0, 0, '这个问题确实值得深入讨论。', 1, 8, '2026-01-20 12:00:00'),
(179, 75, 6, 0, 0, '作品结构清晰，逻辑性强。', 1, 9, '2026-01-20 14:00:00'),
(180, 76, 5, 0, 0, '写得很好，学到了很多新知识！', 1, 8, '2026-02-01 10:00:00'),
(181, 76, 6, 0, 0, '这篇作品视角独特，很有启发性。', 1, 9, '2026-02-01 12:00:00'),
(182, 76, 7, 0, 0, '感谢分享，收藏了！', 1, 10, '2026-02-01 14:00:00'),
(183, 76, 8, 0, 0, '内容很扎实，期待更多类似作品。', 1, 11, '2026-02-01 16:00:00'),
(184, 77, 6, 0, 0, '内容很扎实，期待更多类似作品。', 1, 9, '2026-02-10 10:00:00'),
(185, 77, 7, 0, 0, '作为一个从业者，深有感触。', 1, 10, '2026-02-10 12:00:00'),
(186, 78, 7, 0, 0, '请问有相关的推荐阅读吗？', 1, 10, '2026-02-18 10:00:00'),
(187, 78, 8, 0, 0, '这个领域变化太快了，需要持续关注。', 1, 11, '2026-02-18 12:00:00'),
(188, 78, 9, 0, 0, '理论和实践结合得很好。', 1, 12, '2026-02-18 14:00:00'),
(189, 79, 8, 0, 0, '终于看到一篇讲得清楚的作品了！', 1, 11, '2026-02-25 10:00:00'),
(190, 79, 9, 0, 0, '这个观点很有意思，之前没想到过。', 1, 12, '2026-02-25 12:00:00'),
(191, 79, 10, 0, 0, '写得深入浅出，非专业人士也能看懂。', 1, 13, '2026-02-25 14:00:00'),
(192, 79, 11, 0, 0, '行业趋势分析得很准确。', 1, 14, '2026-02-25 16:00:00'),
(193, 80, 9, 0, 0, '行业趋势分析得很准确。', 1, 12, '2026-03-05 10:00:00'),
(194, 80, 10, 0, 0, '期待后续更新！', 1, 13, '2026-03-05 12:00:00'),
(195, 81, 10, 0, 0, '实操性很强，可以直接参考。', 1, 13, '2026-03-12 10:00:00'),
(196, 81, 11, 0, 0, '数据和案例都很充实。', 1, 14, '2026-03-12 12:00:00'),
(197, 81, 12, 0, 0, '作为入门了解非常合适。', 1, 15, '2026-03-12 14:00:00'),
(198, 82, 11, 0, 0, '这个问题确实值得深入讨论。', 1, 14, '2026-03-20 10:00:00'),
(199, 82, 12, 0, 0, '作品结构清晰，逻辑性强。', 1, 15, '2026-03-20 12:00:00'),
(200, 82, 13, 0, 0, '写得很好，学到了很多新知识！', 1, 16, '2026-03-20 14:00:00'),
(201, 82, 14, 0, 0, '这篇作品视角独特，很有启发性。', 1, 17, '2026-03-20 16:00:00'),
(202, 83, 12, 0, 0, '这篇作品视角独特，很有启发性。', 1, 15, '2026-03-28 10:00:00'),
(203, 83, 13, 0, 0, '感谢分享，收藏了！', 1, 16, '2026-03-28 12:00:00'),
(204, 84, 13, 0, 0, '作为一个从业者，深有感触。', 1, 16, '2026-04-05 10:00:00'),
(205, 84, 14, 0, 0, '分析得很到位，数据很有说服力。', 1, 17, '2026-04-05 12:00:00'),
(206, 84, 15, 0, 0, '请问有相关的推荐阅读吗？', 1, 3, '2026-04-05 14:00:00'),
(207, 85, 14, 0, 0, '这个领域变化太快了，需要持续关注。', 1, 17, '2026-04-12 10:00:00'),
(208, 85, 15, 0, 0, '理论和实践结合得很好。', 1, 3, '2026-04-12 12:00:00'),
(209, 85, 3, 0, 0, '终于看到一篇讲得清楚的作品了！', 1, 4, '2026-04-12 14:00:00'),
(210, 85, 4, 0, 0, '这个观点很有意思，之前没想到过。', 1, 5, '2026-04-12 16:00:00'),
(211, 86, 15, 0, 0, '这个观点很有意思，之前没想到过。', 1, 3, '2026-04-20 10:00:00'),
(212, 86, 3, 0, 0, '写得深入浅出，非专业人士也能看懂。', 1, 4, '2026-04-20 12:00:00'),
(213, 87, 3, 0, 0, '期待后续更新！', 1, 4, '2026-04-28 10:00:00'),
(214, 87, 4, 0, 0, '这个技术方向很有前景。', 1, 5, '2026-04-28 12:00:00'),
(215, 87, 5, 0, 0, '实操性很强，可以直接参考。', 1, 6, '2026-04-28 14:00:00'),
(216, 88, 4, 0, 0, '数据和案例都很充实。', 1, 5, '2026-05-05 10:00:00'),
(217, 88, 5, 0, 0, '作为入门了解非常合适。', 1, 6, '2026-05-05 12:00:00'),
(218, 88, 6, 0, 0, '这个问题确实值得深入讨论。', 1, 7, '2026-05-05 14:00:00'),
(219, 88, 7, 0, 0, '作品结构清晰，逻辑性强。', 1, 8, '2026-05-05 16:00:00'),
(220, 89, 5, 0, 0, '作品结构清晰，逻辑性强。', 1, 6, '2026-05-12 10:00:00'),
(221, 89, 6, 0, 0, '写得很好，学到了很多新知识！', 1, 7, '2026-05-12 12:00:00'),
(222, 90, 6, 0, 0, '感谢分享，收藏了！', 1, 7, '2026-05-20 10:00:00'),
(223, 90, 7, 0, 0, '内容很扎实，期待更多类似作品。', 1, 8, '2026-05-20 12:00:00'),
(224, 90, 8, 0, 0, '作为一个从业者，深有感触。', 1, 9, '2026-05-20 14:00:00'),
(225, 91, 7, 0, 0, '分析得很到位，数据很有说服力。', 1, 8, '2026-05-28 10:00:00'),
(226, 91, 8, 0, 0, '请问有相关的推荐阅读吗？', 1, 9, '2026-05-28 12:00:00'),
(227, 91, 9, 0, 0, '这个领域变化太快了，需要持续关注。', 1, 10, '2026-05-28 14:00:00'),
(228, 91, 10, 0, 0, '理论和实践结合得很好。', 1, 11, '2026-05-28 16:00:00'),
(229, 92, 8, 0, 0, '理论和实践结合得很好。', 1, 9, '2026-01-05 10:00:00'),
(230, 92, 9, 0, 0, '终于看到一篇讲得清楚的作品了！', 1, 10, '2026-01-05 12:00:00'),
(231, 93, 9, 0, 0, '写得深入浅出，非专业人士也能看懂。', 1, 10, '2026-01-15 10:00:00'),
(232, 93, 10, 0, 0, '行业趋势分析得很准确。', 1, 11, '2026-01-15 12:00:00'),
(233, 93, 11, 0, 0, '期待后续更新！', 1, 12, '2026-01-15 14:00:00'),
(234, 94, 10, 0, 0, '这个技术方向很有前景。', 1, 11, '2026-01-25 10:00:00'),
(235, 94, 11, 0, 0, '实操性很强，可以直接参考。', 1, 12, '2026-01-25 12:00:00'),
(236, 94, 12, 0, 0, '数据和案例都很充实。', 1, 13, '2026-01-25 14:00:00'),
(237, 94, 13, 0, 0, '作为入门了解非常合适。', 1, 14, '2026-01-25 16:00:00'),
(238, 95, 11, 0, 0, '作为入门了解非常合适。', 1, 12, '2026-02-05 10:00:00'),
(239, 95, 12, 0, 0, '这个问题确实值得深入讨论。', 1, 13, '2026-02-05 12:00:00'),
(240, 96, 12, 0, 0, '写得很好，学到了很多新知识！', 1, 13, '2026-02-15 10:00:00'),
(241, 96, 13, 0, 0, '这篇作品视角独特，很有启发性。', 1, 14, '2026-02-15 12:00:00'),
(242, 96, 14, 0, 0, '感谢分享，收藏了！', 1, 15, '2026-02-15 14:00:00'),
(243, 97, 13, 0, 0, '内容很扎实，期待更多类似作品。', 1, 14, '2026-02-25 10:00:00'),
(244, 97, 14, 0, 0, '作为一个从业者，深有感触。', 1, 15, '2026-02-25 12:00:00'),
(245, 97, 15, 0, 0, '分析得很到位，数据很有说服力。', 1, 16, '2026-02-25 14:00:00'),
(246, 97, 3, 0, 0, '请问有相关的推荐阅读吗？', 1, 17, '2026-02-25 16:00:00'),
(247, 98, 14, 0, 0, '请问有相关的推荐阅读吗？', 1, 15, '2026-03-05 10:00:00'),
(248, 98, 15, 0, 0, '这个领域变化太快了，需要持续关注。', 1, 16, '2026-03-05 12:00:00'),
(249, 99, 15, 0, 0, '终于看到一篇讲得清楚的作品了！', 1, 16, '2026-03-15 10:00:00'),
(250, 99, 3, 0, 0, '这个观点很有意思，之前没想到过。', 1, 17, '2026-03-15 12:00:00'),
(251, 99, 4, 0, 0, '写得深入浅出，非专业人士也能看懂。', 1, 3, '2026-03-15 14:00:00'),
(252, 100, 3, 0, 0, '行业趋势分析得很准确。', 1, 17, '2026-03-25 10:00:00'),
(253, 100, 4, 0, 0, '期待后续更新！', 1, 3, '2026-03-25 12:00:00'),
(254, 100, 5, 0, 0, '这个技术方向很有前景。', 1, 4, '2026-03-25 14:00:00'),
(255, 100, 6, 0, 0, '实操性很强，可以直接参考。', 1, 5, '2026-03-25 16:00:00'),
(256, 101, 4, 0, 0, '实操性很强，可以直接参考。', 1, 3, '2026-04-02 10:00:00'),
(257, 101, 5, 0, 0, '数据和案例都很充实。', 1, 4, '2026-04-02 12:00:00'),
(258, 102, 5, 0, 0, '这个问题确实值得深入讨论。', 1, 4, '2026-04-10 10:00:00'),
(259, 102, 6, 0, 0, '作品结构清晰，逻辑性强。', 1, 5, '2026-04-10 12:00:00'),
(260, 102, 7, 0, 0, '写得很好，学到了很多新知识！', 1, 6, '2026-04-10 14:00:00'),
(261, 103, 6, 0, 0, '这篇作品视角独特，很有启发性。', 1, 5, '2026-04-18 10:00:00'),
(262, 103, 7, 0, 0, '感谢分享，收藏了！', 1, 6, '2026-04-18 12:00:00'),
(263, 103, 8, 0, 0, '内容很扎实，期待更多类似作品。', 1, 7, '2026-04-18 14:00:00'),
(264, 103, 9, 0, 0, '作为一个从业者，深有感触。', 1, 8, '2026-04-18 16:00:00'),
(265, 104, 7, 0, 0, '作为一个从业者，深有感触。', 1, 6, '2026-04-25 10:00:00'),
(266, 104, 8, 0, 0, '分析得很到位，数据很有说服力。', 1, 7, '2026-04-25 12:00:00'),
(267, 105, 8, 0, 0, '这个领域变化太快了，需要持续关注。', 1, 7, '2026-05-03 10:00:00'),
(268, 105, 9, 0, 0, '理论和实践结合得很好。', 1, 8, '2026-05-03 12:00:00'),
(269, 105, 10, 0, 0, '终于看到一篇讲得清楚的作品了！', 1, 9, '2026-05-03 14:00:00'),
(270, 106, 9, 0, 0, '这个观点很有意思，之前没想到过。', 1, 8, '2026-05-10 10:00:00'),
(271, 106, 10, 0, 0, '写得深入浅出，非专业人士也能看懂。', 1, 9, '2026-05-10 12:00:00'),
(272, 106, 11, 0, 0, '行业趋势分析得很准确。', 1, 10, '2026-05-10 14:00:00'),
(273, 106, 12, 0, 0, '期待后续更新！', 1, 11, '2026-05-10 16:00:00'),
(274, 107, 10, 0, 0, '期待后续更新！', 1, 9, '2026-05-18 10:00:00'),
(275, 107, 11, 0, 0, '这个技术方向很有前景。', 1, 10, '2026-05-18 12:00:00'),
(276, 108, 11, 0, 0, '数据和案例都很充实。', 1, 10, '2026-05-25 10:00:00'),
(277, 108, 12, 0, 0, '作为入门了解非常合适。', 1, 11, '2026-05-25 12:00:00'),
(278, 108, 13, 0, 0, '这个问题确实值得深入讨论。', 1, 12, '2026-05-25 14:00:00'),
(279, 109, 12, 0, 0, '作品结构清晰，逻辑性强。', 1, 11, '2026-06-01 10:00:00'),
(280, 109, 13, 0, 0, '写得很好，学到了很多新知识！', 1, 12, '2026-06-01 12:00:00'),
(281, 109, 14, 0, 0, '这篇作品视角独特，很有启发性。', 1, 13, '2026-06-01 14:00:00'),
(282, 109, 15, 0, 0, '感谢分享，收藏了！', 1, 14, '2026-06-01 16:00:00'),
(283, 110, 13, 0, 0, '感谢分享，收藏了！', 1, 12, '2026-01-08 10:00:00'),
(284, 110, 14, 0, 0, '内容很扎实，期待更多类似作品。', 1, 13, '2026-01-08 12:00:00'),
(285, 111, 14, 0, 0, '分析得很到位，数据很有说服力。', 1, 13, '2026-01-18 10:00:00'),
(286, 111, 15, 0, 0, '请问有相关的推荐阅读吗？', 1, 14, '2026-01-18 12:00:00'),
(287, 111, 3, 0, 0, '这个领域变化太快了，需要持续关注。', 1, 15, '2026-01-18 14:00:00'),
(288, 112, 15, 0, 0, '理论和实践结合得很好。', 1, 14, '2026-02-01 10:00:00'),
(289, 112, 3, 0, 0, '终于看到一篇讲得清楚的作品了！', 1, 15, '2026-02-01 12:00:00'),
(290, 112, 4, 0, 0, '这个观点很有意思，之前没想到过。', 1, 16, '2026-02-01 14:00:00'),
(291, 112, 5, 0, 0, '写得深入浅出，非专业人士也能看懂。', 1, 17, '2026-02-01 16:00:00'),
(292, 113, 3, 0, 0, '写得深入浅出，非专业人士也能看懂。', 1, 15, '2026-02-10 10:00:00'),
(293, 113, 4, 0, 0, '行业趋势分析得很准确。', 1, 16, '2026-02-10 12:00:00'),
(294, 114, 4, 0, 0, '这个技术方向很有前景。', 1, 16, '2026-02-20 10:00:00'),
(295, 114, 5, 0, 0, '实操性很强，可以直接参考。', 1, 17, '2026-02-20 12:00:00'),
(296, 114, 6, 0, 0, '数据和案例都很充实。', 1, 3, '2026-02-20 14:00:00'),
(297, 115, 5, 0, 0, '作为入门了解非常合适。', 1, 17, '2026-03-01 10:00:00'),
(298, 115, 6, 0, 0, '这个问题确实值得深入讨论。', 1, 3, '2026-03-01 12:00:00'),
(299, 115, 7, 0, 0, '作品结构清晰，逻辑性强。', 1, 4, '2026-03-01 14:00:00'),
(300, 115, 8, 0, 0, '写得很好，学到了很多新知识！', 1, 5, '2026-03-01 16:00:00'),
(301, 116, 6, 0, 0, '写得很好，学到了很多新知识！', 1, 3, '2026-03-10 10:00:00'),
(302, 116, 7, 0, 0, '这篇作品视角独特，很有启发性。', 1, 4, '2026-03-10 12:00:00'),
(303, 117, 7, 0, 0, '内容很扎实，期待更多类似作品。', 1, 4, '2026-03-18 10:00:00'),
(304, 117, 8, 0, 0, '作为一个从业者，深有感触。', 1, 5, '2026-03-18 12:00:00'),
(305, 117, 9, 0, 0, '分析得很到位，数据很有说服力。', 1, 6, '2026-03-18 14:00:00'),
(306, 118, 8, 0, 0, '请问有相关的推荐阅读吗？', 1, 5, '2026-03-28 10:00:00'),
(307, 118, 9, 0, 0, '这个领域变化太快了，需要持续关注。', 1, 6, '2026-03-28 12:00:00'),
(308, 118, 10, 0, 0, '理论和实践结合得很好。', 1, 7, '2026-03-28 14:00:00'),
(309, 118, 11, 0, 0, '终于看到一篇讲得清楚的作品了！', 1, 8, '2026-03-28 16:00:00'),
(310, 119, 9, 0, 0, '终于看到一篇讲得清楚的作品了！', 1, 6, '2026-04-05 10:00:00'),
(311, 119, 10, 0, 0, '这个观点很有意思，之前没想到过。', 1, 7, '2026-04-05 12:00:00'),
(312, 120, 10, 0, 0, '行业趋势分析得很准确。', 1, 7, '2026-04-15 10:00:00'),
(313, 120, 11, 0, 0, '期待后续更新！', 1, 8, '2026-04-15 12:00:00'),
(314, 120, 12, 0, 0, '这个技术方向很有前景。', 1, 9, '2026-04-15 14:00:00'),
(315, 121, 11, 0, 0, '实操性很强，可以直接参考。', 1, 8, '2026-04-22 10:00:00'),
(316, 121, 12, 0, 0, '数据和案例都很充实。', 1, 9, '2026-04-22 12:00:00'),
(317, 121, 13, 0, 0, '作为入门了解非常合适。', 1, 10, '2026-04-22 14:00:00'),
(318, 121, 14, 0, 0, '这个问题确实值得深入讨论。', 1, 11, '2026-04-22 16:00:00'),
(319, 122, 12, 0, 0, '这个问题确实值得深入讨论。', 1, 9, '2026-05-01 10:00:00'),
(320, 122, 13, 0, 0, '作品结构清晰，逻辑性强。', 1, 10, '2026-05-01 12:00:00'),
(321, 123, 13, 0, 0, '这篇作品视角独特，很有启发性。', 1, 10, '2026-05-08 10:00:00'),
(322, 123, 14, 0, 0, '感谢分享，收藏了！', 1, 11, '2026-05-08 12:00:00'),
(323, 123, 15, 0, 0, '内容很扎实，期待更多类似作品。', 1, 12, '2026-05-08 14:00:00'),
(324, 124, 14, 0, 0, '作为一个从业者，深有感触。', 1, 11, '2026-05-15 10:00:00'),
(325, 124, 15, 0, 0, '分析得很到位，数据很有说服力。', 1, 12, '2026-05-15 12:00:00'),
(326, 124, 3, 0, 0, '请问有相关的推荐阅读吗？', 1, 13, '2026-05-15 14:00:00'),
(327, 124, 4, 0, 0, '这个领域变化太快了，需要持续关注。', 1, 14, '2026-05-15 16:00:00'),
(328, 125, 15, 0, 0, '这个领域变化太快了，需要持续关注。', 1, 12, '2026-05-22 10:00:00'),
(329, 125, 3, 0, 0, '理论和实践结合得很好。', 1, 13, '2026-05-22 12:00:00'),
(330, 126, 3, 0, 0, '这个观点很有意思，之前没想到过。', 1, 13, '2026-05-30 10:00:00'),
(331, 126, 4, 0, 0, '写得深入浅出，非专业人士也能看懂。', 1, 14, '2026-05-30 12:00:00'),
(332, 126, 5, 0, 0, '行业趋势分析得很准确。', 1, 15, '2026-05-30 14:00:00'),
(333, 127, 4, 0, 0, '期待后续更新！', 1, 14, '2026-06-05 10:00:00'),
(334, 127, 5, 0, 0, '这个技术方向很有前景。', 1, 15, '2026-06-05 12:00:00'),
(335, 127, 6, 0, 0, '实操性很强，可以直接参考。', 1, 16, '2026-06-05 14:00:00'),
(336, 127, 7, 0, 0, '数据和案例都很充实。', 1, 17, '2026-06-05 16:00:00'),
(337, 128, 5, 0, 0, '数据和案例都很充实。', 1, 15, '2026-06-12 10:00:00'),
(338, 128, 6, 0, 0, '作为入门了解非常合适。', 1, 16, '2026-06-12 12:00:00'),
(339, 129, 6, 0, 0, '作品结构清晰，逻辑性强。', 1, 16, '2026-01-12 10:00:00'),
(340, 129, 7, 0, 0, '写得很好，学到了很多新知识！', 1, 17, '2026-01-12 12:00:00'),
(341, 129, 8, 0, 0, '这篇作品视角独特，很有启发性。', 1, 3, '2026-01-12 14:00:00'),
(342, 130, 7, 0, 0, '感谢分享，收藏了！', 1, 17, '2026-01-22 10:00:00'),
(343, 130, 8, 0, 0, '内容很扎实，期待更多类似作品。', 1, 3, '2026-01-22 12:00:00'),
(344, 130, 9, 0, 0, '作为一个从业者，深有感触。', 1, 4, '2026-01-22 14:00:00'),
(345, 130, 10, 0, 0, '分析得很到位，数据很有说服力。', 1, 5, '2026-01-22 16:00:00'),
(346, 131, 8, 0, 0, '分析得很到位，数据很有说服力。', 1, 3, '2026-02-02 10:00:00'),
(347, 131, 9, 0, 0, '请问有相关的推荐阅读吗？', 1, 4, '2026-02-02 12:00:00'),
(348, 132, 9, 0, 0, '理论和实践结合得很好。', 1, 4, '2026-02-12 10:00:00'),
(349, 132, 10, 0, 0, '终于看到一篇讲得清楚的作品了！', 1, 5, '2026-02-12 12:00:00'),
(350, 132, 11, 0, 0, '这个观点很有意思，之前没想到过。', 1, 6, '2026-02-12 14:00:00'),
(351, 133, 10, 0, 0, '写得深入浅出，非专业人士也能看懂。', 1, 5, '2026-02-22 10:00:00'),
(352, 133, 11, 0, 0, '行业趋势分析得很准确。', 1, 6, '2026-02-22 12:00:00'),
(353, 133, 12, 0, 0, '期待后续更新！', 1, 7, '2026-02-22 14:00:00'),
(354, 133, 13, 0, 0, '这个技术方向很有前景。', 1, 8, '2026-02-22 16:00:00'),
(355, 134, 11, 0, 0, '这个技术方向很有前景。', 1, 6, '2026-03-02 10:00:00'),
(356, 134, 12, 0, 0, '实操性很强，可以直接参考。', 1, 7, '2026-03-02 12:00:00'),
(357, 135, 12, 0, 0, '作为入门了解非常合适。', 1, 7, '2026-03-10 10:00:00'),
(358, 135, 13, 0, 0, '这个问题确实值得深入讨论。', 1, 8, '2026-03-10 12:00:00'),
(359, 135, 14, 0, 0, '作品结构清晰，逻辑性强。', 1, 9, '2026-03-10 14:00:00'),
(360, 136, 13, 0, 0, '写得很好，学到了很多新知识！', 1, 8, '2026-03-18 10:00:00'),
(361, 136, 14, 0, 0, '这篇作品视角独特，很有启发性。', 1, 9, '2026-03-18 12:00:00'),
(362, 136, 15, 0, 0, '感谢分享，收藏了！', 1, 10, '2026-03-18 14:00:00'),
(363, 136, 3, 0, 0, '内容很扎实，期待更多类似作品。', 1, 11, '2026-03-18 16:00:00'),
(364, 137, 14, 0, 0, '内容很扎实，期待更多类似作品。', 1, 9, '2026-03-28 10:00:00'),
(365, 137, 15, 0, 0, '作为一个从业者，深有感触。', 1, 10, '2026-03-28 12:00:00'),
(366, 138, 15, 0, 0, '请问有相关的推荐阅读吗？', 1, 10, '2026-04-05 10:00:00'),
(367, 138, 3, 0, 0, '这个领域变化太快了，需要持续关注。', 1, 11, '2026-04-05 12:00:00'),
(368, 138, 4, 0, 0, '理论和实践结合得很好。', 1, 12, '2026-04-05 14:00:00'),
(369, 139, 3, 0, 0, '终于看到一篇讲得清楚的作品了！', 1, 11, '2026-04-12 10:00:00'),
(370, 139, 4, 0, 0, '这个观点很有意思，之前没想到过。', 1, 12, '2026-04-12 12:00:00'),
(371, 139, 5, 0, 0, '写得深入浅出，非专业人士也能看懂。', 1, 13, '2026-04-12 14:00:00'),
(372, 139, 6, 0, 0, '行业趋势分析得很准确。', 1, 14, '2026-04-12 16:00:00'),
(373, 140, 4, 0, 0, '行业趋势分析得很准确。', 1, 12, '2026-04-20 10:00:00'),
(374, 140, 5, 0, 0, '期待后续更新！', 1, 13, '2026-04-20 12:00:00'),
(375, 141, 5, 0, 0, '实操性很强，可以直接参考。', 1, 13, '2026-04-28 10:00:00'),
(376, 141, 6, 0, 0, '数据和案例都很充实。', 1, 14, '2026-04-28 12:00:00'),
(377, 141, 7, 0, 0, '作为入门了解非常合适。', 1, 15, '2026-04-28 14:00:00'),
(378, 142, 6, 0, 0, '这个问题确实值得深入讨论。', 1, 14, '2026-05-05 10:00:00'),
(379, 142, 7, 0, 0, '作品结构清晰，逻辑性强。', 1, 15, '2026-05-05 12:00:00'),
(380, 142, 8, 0, 0, '写得很好，学到了很多新知识！', 1, 16, '2026-05-05 14:00:00'),
(381, 142, 9, 0, 0, '这篇作品视角独特，很有启发性。', 1, 17, '2026-05-05 16:00:00'),
(382, 143, 7, 0, 0, '这篇作品视角独特，很有启发性。', 1, 15, '2026-05-12 10:00:00'),
(383, 143, 8, 0, 0, '感谢分享，收藏了！', 1, 16, '2026-05-12 12:00:00'),
(384, 144, 8, 0, 0, '作为一个从业者，深有感触。', 1, 16, '2026-05-20 10:00:00'),
(385, 144, 9, 0, 0, '分析得很到位，数据很有说服力。', 1, 17, '2026-05-20 12:00:00'),
(386, 144, 10, 0, 0, '请问有相关的推荐阅读吗？', 1, 3, '2026-05-20 14:00:00'),
(387, 145, 9, 0, 0, '这个领域变化太快了，需要持续关注。', 1, 17, '2026-05-28 10:00:00'),
(388, 145, 10, 0, 0, '理论和实践结合得很好。', 1, 3, '2026-05-28 12:00:00'),
(389, 145, 11, 0, 0, '终于看到一篇讲得清楚的作品了！', 1, 4, '2026-05-28 14:00:00'),
(390, 145, 12, 0, 0, '这个观点很有意思，之前没想到过。', 1, 5, '2026-05-28 16:00:00'),
(391, 146, 10, 0, 0, '这个观点很有意思，之前没想到过。', 1, 3, '2026-06-05 10:00:00'),
(392, 146, 11, 0, 0, '写得深入浅出，非专业人士也能看懂。', 1, 4, '2026-06-05 12:00:00'),
(393, 147, 11, 0, 0, '期待后续更新！', 1, 4, '2026-06-12 10:00:00'),
(394, 147, 12, 0, 0, '这个技术方向很有前景。', 1, 5, '2026-06-12 12:00:00'),
(395, 147, 13, 0, 0, '实操性很强，可以直接参考。', 1, 6, '2026-06-12 14:00:00'),
(396, 148, 12, 0, 0, '数据和案例都很充实。', 1, 5, '2026-01-15 10:00:00'),
(397, 148, 13, 0, 0, '作为入门了解非常合适。', 1, 6, '2026-01-15 12:00:00'),
(398, 148, 14, 0, 0, '这个问题确实值得深入讨论。', 1, 7, '2026-01-15 14:00:00'),
(399, 148, 15, 0, 0, '作品结构清晰，逻辑性强。', 1, 8, '2026-01-15 16:00:00'),
(400, 149, 13, 0, 0, '作品结构清晰，逻辑性强。', 1, 6, '2026-01-28 10:00:00'),
(401, 149, 14, 0, 0, '写得很好，学到了很多新知识！', 1, 7, '2026-01-28 12:00:00'),
(402, 150, 14, 0, 0, '感谢分享，收藏了！', 1, 7, '2026-02-08 10:00:00'),
(403, 150, 15, 0, 0, '内容很扎实，期待更多类似作品。', 1, 8, '2026-02-08 12:00:00'),
(404, 150, 3, 0, 0, '作为一个从业者，深有感触。', 1, 9, '2026-02-08 14:00:00'),
(405, 151, 15, 0, 0, '分析得很到位，数据很有说服力。', 1, 8, '2026-02-18 10:00:00'),
(406, 151, 3, 0, 0, '请问有相关的推荐阅读吗？', 1, 9, '2026-02-18 12:00:00'),
(407, 151, 4, 0, 0, '这个领域变化太快了，需要持续关注。', 1, 10, '2026-02-18 14:00:00'),
(408, 151, 5, 0, 0, '理论和实践结合得很好。', 1, 11, '2026-02-18 16:00:00'),
(409, 152, 3, 0, 0, '理论和实践结合得很好。', 1, 9, '2026-02-28 10:00:00'),
(410, 152, 4, 0, 0, '终于看到一篇讲得清楚的作品了！', 1, 10, '2026-02-28 12:00:00'),
(411, 153, 4, 0, 0, '写得深入浅出，非专业人士也能看懂。', 1, 10, '2026-03-08 10:00:00'),
(412, 153, 5, 0, 0, '行业趋势分析得很准确。', 1, 11, '2026-03-08 12:00:00'),
(413, 153, 6, 0, 0, '期待后续更新！', 1, 12, '2026-03-08 14:00:00'),
(414, 154, 5, 0, 0, '这个技术方向很有前景。', 1, 11, '2026-03-18 10:00:00'),
(415, 154, 6, 0, 0, '实操性很强，可以直接参考。', 1, 12, '2026-03-18 12:00:00'),
(416, 154, 7, 0, 0, '数据和案例都很充实。', 1, 13, '2026-03-18 14:00:00'),
(417, 154, 8, 0, 0, '作为入门了解非常合适。', 1, 14, '2026-03-18 16:00:00'),
(418, 155, 6, 0, 0, '作为入门了解非常合适。', 1, 12, '2026-03-28 10:00:00'),
(419, 155, 7, 0, 0, '这个问题确实值得深入讨论。', 1, 13, '2026-03-28 12:00:00');

-- ============================================================
-- 5. 点赞数据 (作品点赞, target_type=1)
-- ============================================================

INSERT INTO cms_like (id, user_id, target_id, target_type, created_at) VALUES
(153, 11, 56, 1, '2026-01-18 8:00:00'),
(154, 14, 56, 1, '2026-01-18 13:00:00'),
(155, 12, 57, 1, '2026-01-22 8:00:00'),
(156, 15, 57, 1, '2026-01-22 13:00:00'),
(157, 5, 57, 1, '2026-01-22 18:00:00'),
(158, 13, 58, 1, '2026-02-05 8:00:00'),
(159, 3, 58, 1, '2026-02-05 13:00:00'),
(160, 6, 58, 1, '2026-02-05 18:00:00'),
(161, 9, 58, 1, '2026-02-05 23:00:00'),
(162, 14, 59, 1, '2026-02-12 8:00:00'),
(163, 4, 59, 1, '2026-02-12 13:00:00'),
(164, 7, 59, 1, '2026-02-12 18:00:00'),
(165, 10, 59, 1, '2026-02-12 23:00:00'),
(166, 13, 59, 1, '2026-02-12 12:00:00'),
(167, 15, 60, 1, '2026-02-20 8:00:00'),
(168, 5, 60, 1, '2026-02-20 13:00:00'),
(169, 3, 61, 1, '2026-03-01 8:00:00'),
(170, 6, 61, 1, '2026-03-01 13:00:00'),
(171, 9, 61, 1, '2026-03-01 18:00:00'),
(172, 4, 62, 1, '2026-03-08 8:00:00'),
(173, 7, 62, 1, '2026-03-08 13:00:00'),
(174, 10, 62, 1, '2026-03-08 18:00:00'),
(175, 13, 62, 1, '2026-03-08 23:00:00'),
(176, 5, 63, 1, '2026-03-15 8:00:00'),
(177, 8, 63, 1, '2026-03-15 13:00:00'),
(178, 11, 63, 1, '2026-03-15 18:00:00'),
(179, 14, 63, 1, '2026-03-15 23:00:00'),
(180, 4, 63, 1, '2026-03-15 12:00:00'),
(181, 6, 64, 1, '2026-03-22 8:00:00'),
(182, 9, 64, 1, '2026-03-22 13:00:00'),
(183, 7, 65, 1, '2026-04-01 8:00:00'),
(184, 10, 65, 1, '2026-04-01 13:00:00'),
(185, 13, 65, 1, '2026-04-01 18:00:00'),
(186, 8, 66, 1, '2026-04-08 8:00:00'),
(187, 11, 66, 1, '2026-04-08 13:00:00'),
(188, 14, 66, 1, '2026-04-08 18:00:00'),
(189, 4, 66, 1, '2026-04-08 23:00:00'),
(190, 9, 67, 1, '2026-04-15 8:00:00'),
(191, 12, 67, 1, '2026-04-15 13:00:00'),
(192, 15, 67, 1, '2026-04-15 18:00:00'),
(193, 5, 67, 1, '2026-04-15 23:00:00'),
(194, 8, 67, 1, '2026-04-15 12:00:00'),
(195, 10, 68, 1, '2026-04-22 8:00:00'),
(196, 13, 68, 1, '2026-04-22 13:00:00'),
(197, 11, 69, 1, '2026-05-01 8:00:00'),
(198, 14, 69, 1, '2026-05-01 13:00:00'),
(199, 4, 69, 1, '2026-05-01 18:00:00'),
(200, 12, 70, 1, '2026-05-08 8:00:00'),
(201, 15, 70, 1, '2026-05-08 13:00:00'),
(202, 5, 70, 1, '2026-05-08 18:00:00'),
(203, 8, 70, 1, '2026-05-08 23:00:00'),
(204, 13, 71, 1, '2026-05-15 8:00:00'),
(205, 3, 71, 1, '2026-05-15 13:00:00'),
(206, 6, 71, 1, '2026-05-15 18:00:00'),
(207, 9, 71, 1, '2026-05-15 23:00:00'),
(208, 12, 71, 1, '2026-05-15 12:00:00'),
(209, 14, 72, 1, '2026-05-22 8:00:00'),
(210, 4, 72, 1, '2026-05-22 13:00:00'),
(211, 15, 73, 1, '2026-06-01 8:00:00'),
(212, 5, 73, 1, '2026-06-01 13:00:00'),
(213, 8, 73, 1, '2026-06-01 18:00:00'),
(214, 3, 74, 1, '2026-01-10 8:00:00'),
(215, 6, 74, 1, '2026-01-10 13:00:00'),
(216, 9, 74, 1, '2026-01-10 18:00:00'),
(217, 12, 74, 1, '2026-01-10 23:00:00'),
(218, 4, 75, 1, '2026-01-20 8:00:00'),
(219, 7, 75, 1, '2026-01-20 13:00:00'),
(220, 10, 75, 1, '2026-01-20 18:00:00'),
(221, 13, 75, 1, '2026-01-20 23:00:00'),
(222, 3, 75, 1, '2026-01-20 12:00:00'),
(223, 5, 76, 1, '2026-02-01 8:00:00'),
(224, 8, 76, 1, '2026-02-01 13:00:00'),
(225, 6, 77, 1, '2026-02-10 8:00:00'),
(226, 9, 77, 1, '2026-02-10 13:00:00'),
(227, 12, 77, 1, '2026-02-10 18:00:00'),
(228, 7, 78, 1, '2026-02-18 8:00:00'),
(229, 10, 78, 1, '2026-02-18 13:00:00'),
(230, 13, 78, 1, '2026-02-18 18:00:00'),
(231, 3, 78, 1, '2026-02-18 23:00:00'),
(232, 8, 79, 1, '2026-02-25 8:00:00'),
(233, 11, 79, 1, '2026-02-25 13:00:00'),
(234, 14, 79, 1, '2026-02-25 18:00:00'),
(235, 4, 79, 1, '2026-02-25 23:00:00'),
(236, 7, 79, 1, '2026-02-25 12:00:00'),
(237, 9, 80, 1, '2026-03-05 8:00:00'),
(238, 12, 80, 1, '2026-03-05 13:00:00'),
(239, 10, 81, 1, '2026-03-12 8:00:00'),
(240, 13, 81, 1, '2026-03-12 13:00:00'),
(241, 3, 81, 1, '2026-03-12 18:00:00'),
(242, 11, 82, 1, '2026-03-20 8:00:00'),
(243, 14, 82, 1, '2026-03-20 13:00:00'),
(244, 4, 82, 1, '2026-03-20 18:00:00'),
(245, 7, 82, 1, '2026-03-20 23:00:00'),
(246, 12, 83, 1, '2026-03-28 8:00:00'),
(247, 15, 83, 1, '2026-03-28 13:00:00'),
(248, 5, 83, 1, '2026-03-28 18:00:00'),
(249, 8, 83, 1, '2026-03-28 23:00:00'),
(250, 11, 83, 1, '2026-03-28 12:00:00'),
(251, 13, 84, 1, '2026-04-05 8:00:00'),
(252, 3, 84, 1, '2026-04-05 13:00:00'),
(253, 14, 85, 1, '2026-04-12 8:00:00'),
(254, 4, 85, 1, '2026-04-12 13:00:00'),
(255, 7, 85, 1, '2026-04-12 18:00:00'),
(256, 15, 86, 1, '2026-04-20 8:00:00'),
(257, 5, 86, 1, '2026-04-20 13:00:00'),
(258, 8, 86, 1, '2026-04-20 18:00:00'),
(259, 11, 86, 1, '2026-04-20 23:00:00'),
(260, 3, 87, 1, '2026-04-28 8:00:00'),
(261, 6, 87, 1, '2026-04-28 13:00:00'),
(262, 9, 87, 1, '2026-04-28 18:00:00'),
(263, 12, 87, 1, '2026-04-28 23:00:00'),
(264, 15, 87, 1, '2026-04-28 12:00:00'),
(265, 4, 88, 1, '2026-05-05 8:00:00'),
(266, 7, 88, 1, '2026-05-05 13:00:00'),
(267, 5, 89, 1, '2026-05-12 8:00:00'),
(268, 8, 89, 1, '2026-05-12 13:00:00'),
(269, 11, 89, 1, '2026-05-12 18:00:00'),
(270, 6, 90, 1, '2026-05-20 8:00:00'),
(271, 9, 90, 1, '2026-05-20 13:00:00'),
(272, 12, 90, 1, '2026-05-20 18:00:00'),
(273, 15, 90, 1, '2026-05-20 23:00:00'),
(274, 7, 91, 1, '2026-05-28 8:00:00'),
(275, 10, 91, 1, '2026-05-28 13:00:00'),
(276, 13, 91, 1, '2026-05-28 18:00:00'),
(277, 3, 91, 1, '2026-05-28 23:00:00'),
(278, 6, 91, 1, '2026-05-28 12:00:00'),
(279, 8, 92, 1, '2026-01-05 8:00:00'),
(280, 11, 92, 1, '2026-01-05 13:00:00'),
(281, 9, 93, 1, '2026-01-15 8:00:00'),
(282, 12, 93, 1, '2026-01-15 13:00:00'),
(283, 15, 93, 1, '2026-01-15 18:00:00'),
(284, 10, 94, 1, '2026-01-25 8:00:00'),
(285, 13, 94, 1, '2026-01-25 13:00:00'),
(286, 3, 94, 1, '2026-01-25 18:00:00'),
(287, 6, 94, 1, '2026-01-25 23:00:00'),
(288, 11, 95, 1, '2026-02-05 8:00:00'),
(289, 14, 95, 1, '2026-02-05 13:00:00'),
(290, 4, 95, 1, '2026-02-05 18:00:00'),
(291, 7, 95, 1, '2026-02-05 23:00:00'),
(292, 10, 95, 1, '2026-02-05 12:00:00'),
(293, 12, 96, 1, '2026-02-15 8:00:00'),
(294, 15, 96, 1, '2026-02-15 13:00:00'),
(295, 13, 97, 1, '2026-02-25 8:00:00'),
(296, 3, 97, 1, '2026-02-25 13:00:00'),
(297, 6, 97, 1, '2026-02-25 18:00:00'),
(298, 14, 98, 1, '2026-03-05 8:00:00'),
(299, 4, 98, 1, '2026-03-05 13:00:00'),
(300, 7, 98, 1, '2026-03-05 18:00:00'),
(301, 10, 98, 1, '2026-03-05 23:00:00'),
(302, 15, 99, 1, '2026-03-15 8:00:00'),
(303, 5, 99, 1, '2026-03-15 13:00:00'),
(304, 8, 99, 1, '2026-03-15 18:00:00'),
(305, 11, 99, 1, '2026-03-15 23:00:00'),
(306, 14, 99, 1, '2026-03-15 12:00:00'),
(307, 3, 100, 1, '2026-03-25 8:00:00'),
(308, 6, 100, 1, '2026-03-25 13:00:00'),
(309, 4, 101, 1, '2026-04-02 8:00:00'),
(310, 7, 101, 1, '2026-04-02 13:00:00'),
(311, 10, 101, 1, '2026-04-02 18:00:00'),
(312, 5, 102, 1, '2026-04-10 8:00:00'),
(313, 8, 102, 1, '2026-04-10 13:00:00'),
(314, 11, 102, 1, '2026-04-10 18:00:00'),
(315, 14, 102, 1, '2026-04-10 23:00:00'),
(316, 6, 103, 1, '2026-04-18 8:00:00'),
(317, 9, 103, 1, '2026-04-18 13:00:00'),
(318, 12, 103, 1, '2026-04-18 18:00:00'),
(319, 15, 103, 1, '2026-04-18 23:00:00'),
(320, 5, 103, 1, '2026-04-18 12:00:00'),
(321, 7, 104, 1, '2026-04-25 8:00:00'),
(322, 10, 104, 1, '2026-04-25 13:00:00'),
(323, 8, 105, 1, '2026-05-03 8:00:00'),
(324, 11, 105, 1, '2026-05-03 13:00:00'),
(325, 14, 105, 1, '2026-05-03 18:00:00'),
(326, 9, 106, 1, '2026-05-10 8:00:00'),
(327, 12, 106, 1, '2026-05-10 13:00:00'),
(328, 15, 106, 1, '2026-05-10 18:00:00'),
(329, 5, 106, 1, '2026-05-10 23:00:00'),
(330, 10, 107, 1, '2026-05-18 8:00:00'),
(331, 13, 107, 1, '2026-05-18 13:00:00'),
(332, 3, 107, 1, '2026-05-18 18:00:00'),
(333, 6, 107, 1, '2026-05-18 23:00:00'),
(334, 9, 107, 1, '2026-05-18 12:00:00'),
(335, 11, 108, 1, '2026-05-25 8:00:00'),
(336, 14, 108, 1, '2026-05-25 13:00:00'),
(337, 12, 109, 1, '2026-06-01 8:00:00'),
(338, 15, 109, 1, '2026-06-01 13:00:00'),
(339, 5, 109, 1, '2026-06-01 18:00:00'),
(340, 13, 110, 1, '2026-01-08 8:00:00'),
(341, 3, 110, 1, '2026-01-08 13:00:00'),
(342, 6, 110, 1, '2026-01-08 18:00:00'),
(343, 9, 110, 1, '2026-01-08 23:00:00'),
(344, 14, 111, 1, '2026-01-18 8:00:00'),
(345, 4, 111, 1, '2026-01-18 13:00:00'),
(346, 7, 111, 1, '2026-01-18 18:00:00'),
(347, 10, 111, 1, '2026-01-18 23:00:00'),
(348, 13, 111, 1, '2026-01-18 12:00:00'),
(349, 15, 112, 1, '2026-02-01 8:00:00'),
(350, 5, 112, 1, '2026-02-01 13:00:00'),
(351, 3, 113, 1, '2026-02-10 8:00:00'),
(352, 6, 113, 1, '2026-02-10 13:00:00'),
(353, 9, 113, 1, '2026-02-10 18:00:00'),
(354, 4, 114, 1, '2026-02-20 8:00:00'),
(355, 7, 114, 1, '2026-02-20 13:00:00'),
(356, 10, 114, 1, '2026-02-20 18:00:00'),
(357, 13, 114, 1, '2026-02-20 23:00:00'),
(358, 5, 115, 1, '2026-03-01 8:00:00'),
(359, 8, 115, 1, '2026-03-01 13:00:00'),
(360, 11, 115, 1, '2026-03-01 18:00:00'),
(361, 14, 115, 1, '2026-03-01 23:00:00'),
(362, 4, 115, 1, '2026-03-01 12:00:00'),
(363, 6, 116, 1, '2026-03-10 8:00:00'),
(364, 9, 116, 1, '2026-03-10 13:00:00'),
(365, 7, 117, 1, '2026-03-18 8:00:00'),
(366, 10, 117, 1, '2026-03-18 13:00:00'),
(367, 13, 117, 1, '2026-03-18 18:00:00'),
(368, 8, 118, 1, '2026-03-28 8:00:00'),
(369, 11, 118, 1, '2026-03-28 13:00:00'),
(370, 14, 118, 1, '2026-03-28 18:00:00'),
(371, 4, 118, 1, '2026-03-28 23:00:00'),
(372, 9, 119, 1, '2026-04-05 8:00:00'),
(373, 12, 119, 1, '2026-04-05 13:00:00'),
(374, 15, 119, 1, '2026-04-05 18:00:00'),
(375, 5, 119, 1, '2026-04-05 23:00:00'),
(376, 8, 119, 1, '2026-04-05 12:00:00'),
(377, 10, 120, 1, '2026-04-15 8:00:00'),
(378, 13, 120, 1, '2026-04-15 13:00:00'),
(379, 11, 121, 1, '2026-04-22 8:00:00'),
(380, 14, 121, 1, '2026-04-22 13:00:00'),
(381, 4, 121, 1, '2026-04-22 18:00:00'),
(382, 12, 122, 1, '2026-05-01 8:00:00'),
(383, 15, 122, 1, '2026-05-01 13:00:00'),
(384, 5, 122, 1, '2026-05-01 18:00:00'),
(385, 8, 122, 1, '2026-05-01 23:00:00'),
(386, 13, 123, 1, '2026-05-08 8:00:00'),
(387, 3, 123, 1, '2026-05-08 13:00:00'),
(388, 6, 123, 1, '2026-05-08 18:00:00'),
(389, 9, 123, 1, '2026-05-08 23:00:00'),
(390, 12, 123, 1, '2026-05-08 12:00:00'),
(391, 14, 124, 1, '2026-05-15 8:00:00'),
(392, 4, 124, 1, '2026-05-15 13:00:00'),
(393, 15, 125, 1, '2026-05-22 8:00:00'),
(394, 5, 125, 1, '2026-05-22 13:00:00'),
(395, 8, 125, 1, '2026-05-22 18:00:00'),
(396, 3, 126, 1, '2026-05-30 8:00:00'),
(397, 6, 126, 1, '2026-05-30 13:00:00'),
(398, 9, 126, 1, '2026-05-30 18:00:00'),
(399, 12, 126, 1, '2026-05-30 23:00:00'),
(400, 4, 127, 1, '2026-06-05 8:00:00'),
(401, 7, 127, 1, '2026-06-05 13:00:00'),
(402, 10, 127, 1, '2026-06-05 18:00:00'),
(403, 13, 127, 1, '2026-06-05 23:00:00'),
(404, 3, 127, 1, '2026-06-05 12:00:00'),
(405, 5, 128, 1, '2026-06-12 8:00:00'),
(406, 8, 128, 1, '2026-06-12 13:00:00'),
(407, 6, 129, 1, '2026-01-12 8:00:00'),
(408, 9, 129, 1, '2026-01-12 13:00:00'),
(409, 12, 129, 1, '2026-01-12 18:00:00'),
(410, 7, 130, 1, '2026-01-22 8:00:00'),
(411, 10, 130, 1, '2026-01-22 13:00:00'),
(412, 13, 130, 1, '2026-01-22 18:00:00'),
(413, 3, 130, 1, '2026-01-22 23:00:00'),
(414, 8, 131, 1, '2026-02-02 8:00:00'),
(415, 11, 131, 1, '2026-02-02 13:00:00'),
(416, 14, 131, 1, '2026-02-02 18:00:00'),
(417, 4, 131, 1, '2026-02-02 23:00:00'),
(418, 7, 131, 1, '2026-02-02 12:00:00'),
(419, 9, 132, 1, '2026-02-12 8:00:00'),
(420, 12, 132, 1, '2026-02-12 13:00:00'),
(421, 10, 133, 1, '2026-02-22 8:00:00'),
(422, 13, 133, 1, '2026-02-22 13:00:00'),
(423, 3, 133, 1, '2026-02-22 18:00:00'),
(424, 11, 134, 1, '2026-03-02 8:00:00'),
(425, 14, 134, 1, '2026-03-02 13:00:00'),
(426, 4, 134, 1, '2026-03-02 18:00:00'),
(427, 7, 134, 1, '2026-03-02 23:00:00'),
(428, 12, 135, 1, '2026-03-10 8:00:00'),
(429, 15, 135, 1, '2026-03-10 13:00:00'),
(430, 5, 135, 1, '2026-03-10 18:00:00'),
(431, 8, 135, 1, '2026-03-10 23:00:00'),
(432, 11, 135, 1, '2026-03-10 12:00:00'),
(433, 13, 136, 1, '2026-03-18 8:00:00'),
(434, 3, 136, 1, '2026-03-18 13:00:00'),
(435, 14, 137, 1, '2026-03-28 8:00:00'),
(436, 4, 137, 1, '2026-03-28 13:00:00'),
(437, 7, 137, 1, '2026-03-28 18:00:00'),
(438, 15, 138, 1, '2026-04-05 8:00:00'),
(439, 5, 138, 1, '2026-04-05 13:00:00'),
(440, 8, 138, 1, '2026-04-05 18:00:00'),
(441, 11, 138, 1, '2026-04-05 23:00:00'),
(442, 3, 139, 1, '2026-04-12 8:00:00'),
(443, 6, 139, 1, '2026-04-12 13:00:00'),
(444, 9, 139, 1, '2026-04-12 18:00:00'),
(445, 12, 139, 1, '2026-04-12 23:00:00'),
(446, 15, 139, 1, '2026-04-12 12:00:00'),
(447, 4, 140, 1, '2026-04-20 8:00:00'),
(448, 7, 140, 1, '2026-04-20 13:00:00'),
(449, 5, 141, 1, '2026-04-28 8:00:00'),
(450, 8, 141, 1, '2026-04-28 13:00:00'),
(451, 11, 141, 1, '2026-04-28 18:00:00'),
(452, 6, 142, 1, '2026-05-05 8:00:00'),
(453, 9, 142, 1, '2026-05-05 13:00:00'),
(454, 12, 142, 1, '2026-05-05 18:00:00'),
(455, 15, 142, 1, '2026-05-05 23:00:00'),
(456, 7, 143, 1, '2026-05-12 8:00:00'),
(457, 10, 143, 1, '2026-05-12 13:00:00'),
(458, 13, 143, 1, '2026-05-12 18:00:00'),
(459, 3, 143, 1, '2026-05-12 23:00:00'),
(460, 6, 143, 1, '2026-05-12 12:00:00'),
(461, 8, 144, 1, '2026-05-20 8:00:00'),
(462, 11, 144, 1, '2026-05-20 13:00:00'),
(463, 9, 145, 1, '2026-05-28 8:00:00'),
(464, 12, 145, 1, '2026-05-28 13:00:00'),
(465, 15, 145, 1, '2026-05-28 18:00:00'),
(466, 10, 146, 1, '2026-06-05 8:00:00'),
(467, 13, 146, 1, '2026-06-05 13:00:00'),
(468, 3, 146, 1, '2026-06-05 18:00:00'),
(469, 6, 146, 1, '2026-06-05 23:00:00'),
(470, 11, 147, 1, '2026-06-12 8:00:00'),
(471, 14, 147, 1, '2026-06-12 13:00:00'),
(472, 4, 147, 1, '2026-06-12 18:00:00'),
(473, 7, 147, 1, '2026-06-12 23:00:00'),
(474, 10, 147, 1, '2026-06-12 12:00:00'),
(475, 12, 148, 1, '2026-01-15 8:00:00'),
(476, 15, 148, 1, '2026-01-15 13:00:00'),
(477, 13, 149, 1, '2026-01-28 8:00:00'),
(478, 3, 149, 1, '2026-01-28 13:00:00'),
(479, 6, 149, 1, '2026-01-28 18:00:00'),
(480, 14, 150, 1, '2026-02-08 8:00:00'),
(481, 4, 150, 1, '2026-02-08 13:00:00'),
(482, 7, 150, 1, '2026-02-08 18:00:00'),
(483, 10, 150, 1, '2026-02-08 23:00:00'),
(484, 15, 151, 1, '2026-02-18 8:00:00'),
(485, 5, 151, 1, '2026-02-18 13:00:00'),
(486, 8, 151, 1, '2026-02-18 18:00:00'),
(487, 11, 151, 1, '2026-02-18 23:00:00'),
(488, 14, 151, 1, '2026-02-18 12:00:00'),
(489, 3, 152, 1, '2026-02-28 8:00:00'),
(490, 6, 152, 1, '2026-02-28 13:00:00'),
(491, 4, 153, 1, '2026-03-08 8:00:00'),
(492, 7, 153, 1, '2026-03-08 13:00:00'),
(493, 10, 153, 1, '2026-03-08 18:00:00'),
(494, 5, 154, 1, '2026-03-18 8:00:00'),
(495, 8, 154, 1, '2026-03-18 13:00:00'),
(496, 11, 154, 1, '2026-03-18 18:00:00'),
(497, 14, 154, 1, '2026-03-18 23:00:00'),
(498, 6, 155, 1, '2026-03-28 8:00:00'),
(499, 9, 155, 1, '2026-03-28 13:00:00'),
(500, 12, 155, 1, '2026-03-28 18:00:00'),
(501, 15, 155, 1, '2026-03-28 23:00:00'),
(502, 5, 155, 1, '2026-03-28 12:00:00');

-- ============================================================
-- 6. 收藏数据
-- ============================================================

INSERT INTO cms_collect (id, user_id, article_id, group_name, created_at) VALUES
(64, 11, 56, '技术', '2026-01-18 12:00:00'),
(65, 12, 57, '学习', '2026-01-22 12:00:00'),
(66, 14, 57, '工作', '2026-01-22 16:00:00'),
(67, 13, 58, '工作', '2026-02-05 12:00:00'),
(68, 15, 58, '读书', '2026-02-05 16:00:00'),
(69, 4, 58, '旅行', '2026-02-05 20:00:00'),
(70, 14, 59, '读书', '2026-02-12 12:00:00'),
(71, 15, 60, '旅行', '2026-02-20 12:00:00'),
(72, 4, 60, '美食', '2026-02-20 16:00:00'),
(73, 3, 61, '美食', '2026-03-01 12:00:00'),
(74, 5, 61, '健康', '2026-03-01 16:00:00'),
(75, 7, 61, '投资', '2026-03-01 20:00:00'),
(76, 4, 62, '健康', '2026-03-08 12:00:00'),
(77, 5, 63, '投资', '2026-03-15 12:00:00'),
(78, 7, 63, '默认', '2026-03-15 16:00:00'),
(79, 6, 64, '默认', '2026-03-22 12:00:00'),
(80, 8, 64, '灵感', '2026-03-22 16:00:00'),
(81, 10, 64, '技术', '2026-03-22 20:00:00'),
(82, 7, 65, '灵感', '2026-04-01 12:00:00'),
(83, 8, 66, '技术', '2026-04-08 12:00:00'),
(84, 10, 66, '学习', '2026-04-08 16:00:00'),
(85, 9, 67, '学习', '2026-04-15 12:00:00'),
(86, 11, 67, '工作', '2026-04-15 16:00:00'),
(87, 13, 67, '读书', '2026-04-15 20:00:00'),
(88, 10, 68, '工作', '2026-04-22 12:00:00'),
(89, 11, 69, '读书', '2026-05-01 12:00:00'),
(90, 13, 69, '旅行', '2026-05-01 16:00:00'),
(91, 12, 70, '旅行', '2026-05-08 12:00:00'),
(92, 14, 70, '美食', '2026-05-08 16:00:00'),
(93, 3, 70, '健康', '2026-05-08 20:00:00'),
(94, 13, 71, '美食', '2026-05-15 12:00:00'),
(95, 14, 72, '健康', '2026-05-22 12:00:00'),
(96, 3, 72, '投资', '2026-05-22 16:00:00'),
(97, 15, 73, '投资', '2026-06-01 12:00:00'),
(98, 4, 73, '默认', '2026-06-01 16:00:00'),
(99, 6, 73, '灵感', '2026-06-01 20:00:00'),
(100, 3, 74, '默认', '2026-01-10 12:00:00'),
(101, 4, 75, '灵感', '2026-01-20 12:00:00'),
(102, 6, 75, '技术', '2026-01-20 16:00:00'),
(103, 5, 76, '技术', '2026-02-01 12:00:00'),
(104, 7, 76, '学习', '2026-02-01 16:00:00'),
(105, 9, 76, '工作', '2026-02-01 20:00:00'),
(106, 6, 77, '学习', '2026-02-10 12:00:00'),
(107, 7, 78, '工作', '2026-02-18 12:00:00'),
(108, 9, 78, '读书', '2026-02-18 16:00:00'),
(109, 8, 79, '读书', '2026-02-25 12:00:00'),
(110, 10, 79, '旅行', '2026-02-25 16:00:00'),
(111, 12, 79, '美食', '2026-02-25 20:00:00'),
(112, 9, 80, '旅行', '2026-03-05 12:00:00'),
(113, 10, 81, '美食', '2026-03-12 12:00:00'),
(114, 12, 81, '健康', '2026-03-12 16:00:00'),
(115, 11, 82, '健康', '2026-03-20 12:00:00'),
(116, 13, 82, '投资', '2026-03-20 16:00:00'),
(117, 15, 82, '默认', '2026-03-20 20:00:00'),
(118, 12, 83, '投资', '2026-03-28 12:00:00'),
(119, 13, 84, '默认', '2026-04-05 12:00:00'),
(120, 15, 84, '灵感', '2026-04-05 16:00:00'),
(121, 14, 85, '灵感', '2026-04-12 12:00:00'),
(122, 3, 85, '技术', '2026-04-12 16:00:00'),
(123, 5, 85, '学习', '2026-04-12 20:00:00'),
(124, 15, 86, '技术', '2026-04-20 12:00:00'),
(125, 3, 87, '学习', '2026-04-28 12:00:00'),
(126, 5, 87, '工作', '2026-04-28 16:00:00'),
(127, 4, 88, '工作', '2026-05-05 12:00:00'),
(128, 6, 88, '读书', '2026-05-05 16:00:00'),
(129, 8, 88, '旅行', '2026-05-05 20:00:00'),
(130, 5, 89, '读书', '2026-05-12 12:00:00'),
(131, 6, 90, '旅行', '2026-05-20 12:00:00'),
(132, 8, 90, '美食', '2026-05-20 16:00:00'),
(133, 7, 91, '美食', '2026-05-28 12:00:00'),
(134, 9, 91, '健康', '2026-05-28 16:00:00'),
(135, 11, 91, '投资', '2026-05-28 20:00:00'),
(136, 8, 92, '健康', '2026-01-05 12:00:00'),
(137, 9, 93, '投资', '2026-01-15 12:00:00'),
(138, 11, 93, '默认', '2026-01-15 16:00:00'),
(139, 10, 94, '默认', '2026-01-25 12:00:00'),
(140, 12, 94, '灵感', '2026-01-25 16:00:00'),
(141, 14, 94, '技术', '2026-01-25 20:00:00'),
(142, 11, 95, '灵感', '2026-02-05 12:00:00'),
(143, 12, 96, '技术', '2026-02-15 12:00:00'),
(144, 14, 96, '学习', '2026-02-15 16:00:00'),
(145, 13, 97, '学习', '2026-02-25 12:00:00'),
(146, 15, 97, '工作', '2026-02-25 16:00:00'),
(147, 4, 97, '读书', '2026-02-25 20:00:00'),
(148, 14, 98, '工作', '2026-03-05 12:00:00'),
(149, 15, 99, '读书', '2026-03-15 12:00:00'),
(150, 4, 99, '旅行', '2026-03-15 16:00:00'),
(151, 3, 100, '旅行', '2026-03-25 12:00:00'),
(152, 5, 100, '美食', '2026-03-25 16:00:00'),
(153, 7, 100, '健康', '2026-03-25 20:00:00'),
(154, 4, 101, '美食', '2026-04-02 12:00:00'),
(155, 5, 102, '健康', '2026-04-10 12:00:00'),
(156, 7, 102, '投资', '2026-04-10 16:00:00'),
(157, 6, 103, '投资', '2026-04-18 12:00:00'),
(158, 8, 103, '默认', '2026-04-18 16:00:00'),
(159, 10, 103, '灵感', '2026-04-18 20:00:00'),
(160, 7, 104, '默认', '2026-04-25 12:00:00'),
(161, 8, 105, '灵感', '2026-05-03 12:00:00'),
(162, 10, 105, '技术', '2026-05-03 16:00:00'),
(163, 9, 106, '技术', '2026-05-10 12:00:00'),
(164, 11, 106, '学习', '2026-05-10 16:00:00'),
(165, 13, 106, '工作', '2026-05-10 20:00:00'),
(166, 10, 107, '学习', '2026-05-18 12:00:00'),
(167, 11, 108, '工作', '2026-05-25 12:00:00'),
(168, 13, 108, '读书', '2026-05-25 16:00:00'),
(169, 12, 109, '读书', '2026-06-01 12:00:00'),
(170, 14, 109, '旅行', '2026-06-01 16:00:00'),
(171, 3, 109, '美食', '2026-06-01 20:00:00'),
(172, 13, 110, '旅行', '2026-01-08 12:00:00'),
(173, 14, 111, '美食', '2026-01-18 12:00:00'),
(174, 3, 111, '健康', '2026-01-18 16:00:00'),
(175, 15, 112, '健康', '2026-02-01 12:00:00'),
(176, 4, 112, '投资', '2026-02-01 16:00:00'),
(177, 6, 112, '默认', '2026-02-01 20:00:00'),
(178, 3, 113, '投资', '2026-02-10 12:00:00'),
(179, 4, 114, '默认', '2026-02-20 12:00:00'),
(180, 6, 114, '灵感', '2026-02-20 16:00:00'),
(181, 5, 115, '灵感', '2026-03-01 12:00:00'),
(182, 7, 115, '技术', '2026-03-01 16:00:00'),
(183, 9, 115, '学习', '2026-03-01 20:00:00'),
(184, 6, 116, '技术', '2026-03-10 12:00:00'),
(185, 7, 117, '学习', '2026-03-18 12:00:00'),
(186, 9, 117, '工作', '2026-03-18 16:00:00'),
(187, 8, 118, '工作', '2026-03-28 12:00:00'),
(188, 10, 118, '读书', '2026-03-28 16:00:00'),
(189, 12, 118, '旅行', '2026-03-28 20:00:00'),
(190, 9, 119, '读书', '2026-04-05 12:00:00'),
(191, 10, 120, '旅行', '2026-04-15 12:00:00'),
(192, 12, 120, '美食', '2026-04-15 16:00:00'),
(193, 11, 121, '美食', '2026-04-22 12:00:00'),
(194, 13, 121, '健康', '2026-04-22 16:00:00'),
(195, 15, 121, '投资', '2026-04-22 20:00:00'),
(196, 12, 122, '健康', '2026-05-01 12:00:00'),
(197, 13, 123, '投资', '2026-05-08 12:00:00'),
(198, 15, 123, '默认', '2026-05-08 16:00:00'),
(199, 14, 124, '默认', '2026-05-15 12:00:00'),
(200, 3, 124, '灵感', '2026-05-15 16:00:00'),
(201, 5, 124, '技术', '2026-05-15 20:00:00'),
(202, 15, 125, '灵感', '2026-05-22 12:00:00'),
(203, 3, 126, '技术', '2026-05-30 12:00:00'),
(204, 5, 126, '学习', '2026-05-30 16:00:00'),
(205, 4, 127, '学习', '2026-06-05 12:00:00'),
(206, 6, 127, '工作', '2026-06-05 16:00:00'),
(207, 8, 127, '读书', '2026-06-05 20:00:00'),
(208, 5, 128, '工作', '2026-06-12 12:00:00'),
(209, 6, 129, '读书', '2026-01-12 12:00:00'),
(210, 8, 129, '旅行', '2026-01-12 16:00:00'),
(211, 7, 130, '旅行', '2026-01-22 12:00:00'),
(212, 9, 130, '美食', '2026-01-22 16:00:00'),
(213, 11, 130, '健康', '2026-01-22 20:00:00'),
(214, 8, 131, '美食', '2026-02-02 12:00:00'),
(215, 9, 132, '健康', '2026-02-12 12:00:00'),
(216, 11, 132, '投资', '2026-02-12 16:00:00'),
(217, 10, 133, '投资', '2026-02-22 12:00:00'),
(218, 12, 133, '默认', '2026-02-22 16:00:00'),
(219, 14, 133, '灵感', '2026-02-22 20:00:00'),
(220, 11, 134, '默认', '2026-03-02 12:00:00'),
(221, 12, 135, '灵感', '2026-03-10 12:00:00'),
(222, 14, 135, '技术', '2026-03-10 16:00:00'),
(223, 13, 136, '技术', '2026-03-18 12:00:00'),
(224, 15, 136, '学习', '2026-03-18 16:00:00'),
(225, 4, 136, '工作', '2026-03-18 20:00:00'),
(226, 14, 137, '学习', '2026-03-28 12:00:00'),
(227, 15, 138, '工作', '2026-04-05 12:00:00'),
(228, 4, 138, '读书', '2026-04-05 16:00:00'),
(229, 3, 139, '读书', '2026-04-12 12:00:00'),
(230, 5, 139, '旅行', '2026-04-12 16:00:00'),
(231, 7, 139, '美食', '2026-04-12 20:00:00'),
(232, 4, 140, '旅行', '2026-04-20 12:00:00'),
(233, 5, 141, '美食', '2026-04-28 12:00:00'),
(234, 7, 141, '健康', '2026-04-28 16:00:00'),
(235, 6, 142, '健康', '2026-05-05 12:00:00'),
(236, 8, 142, '投资', '2026-05-05 16:00:00'),
(237, 10, 142, '默认', '2026-05-05 20:00:00'),
(238, 7, 143, '投资', '2026-05-12 12:00:00'),
(239, 8, 144, '默认', '2026-05-20 12:00:00'),
(240, 10, 144, '灵感', '2026-05-20 16:00:00'),
(241, 9, 145, '灵感', '2026-05-28 12:00:00'),
(242, 11, 145, '技术', '2026-05-28 16:00:00'),
(243, 13, 145, '学习', '2026-05-28 20:00:00'),
(244, 10, 146, '技术', '2026-06-05 12:00:00'),
(245, 11, 147, '学习', '2026-06-12 12:00:00'),
(246, 13, 147, '工作', '2026-06-12 16:00:00'),
(247, 12, 148, '工作', '2026-01-15 12:00:00'),
(248, 14, 148, '读书', '2026-01-15 16:00:00'),
(249, 3, 148, '旅行', '2026-01-15 20:00:00'),
(250, 13, 149, '读书', '2026-01-28 12:00:00'),
(251, 14, 150, '旅行', '2026-02-08 12:00:00'),
(252, 3, 150, '美食', '2026-02-08 16:00:00'),
(253, 15, 151, '美食', '2026-02-18 12:00:00'),
(254, 4, 151, '健康', '2026-02-18 16:00:00'),
(255, 6, 151, '投资', '2026-02-18 20:00:00'),
(256, 3, 152, '健康', '2026-02-28 12:00:00'),
(257, 4, 153, '投资', '2026-03-08 12:00:00'),
(258, 6, 153, '默认', '2026-03-08 16:00:00'),
(259, 5, 154, '默认', '2026-03-18 12:00:00'),
(260, 7, 154, '灵感', '2026-03-18 16:00:00'),
(261, 9, 154, '技术', '2026-03-18 20:00:00'),
(262, 6, 155, '灵感', '2026-03-28 12:00:00');

-- ============================================================
-- 7. 浏览历史数据
-- ============================================================

INSERT INTO cms_view_history (id, user_id, article_id, view_duration, created_at) VALUES
(64, 11, 56, 60, '2026-01-18 9:00:00'),
(65, 12, 57, 97, '2026-01-22 9:00:00'),
(66, 3, 57, 150, '2026-01-22 15:00:00'),
(67, 13, 58, 134, '2026-02-05 9:00:00'),
(68, 4, 58, 187, '2026-02-05 15:00:00'),
(69, 8, 58, 240, '2026-02-05 21:00:00'),
(70, 14, 59, 171, '2026-02-12 9:00:00'),
(71, 15, 60, 208, '2026-02-20 9:00:00'),
(72, 6, 60, 261, '2026-02-20 15:00:00'),
(73, 3, 61, 245, '2026-03-01 9:00:00'),
(74, 7, 61, 298, '2026-03-01 15:00:00'),
(75, 11, 61, 351, '2026-03-01 21:00:00'),
(76, 4, 62, 282, '2026-03-08 9:00:00'),
(77, 5, 63, 319, '2026-03-15 9:00:00'),
(78, 9, 63, 72, '2026-03-15 15:00:00'),
(79, 6, 64, 356, '2026-03-22 9:00:00'),
(80, 10, 64, 109, '2026-03-22 15:00:00'),
(81, 14, 64, 162, '2026-03-22 21:00:00'),
(82, 7, 65, 93, '2026-04-01 9:00:00'),
(83, 8, 66, 130, '2026-04-08 9:00:00'),
(84, 12, 66, 183, '2026-04-08 15:00:00'),
(85, 9, 67, 167, '2026-04-15 9:00:00'),
(86, 13, 67, 220, '2026-04-15 15:00:00'),
(87, 4, 67, 273, '2026-04-15 21:00:00'),
(88, 10, 68, 204, '2026-04-22 9:00:00'),
(89, 11, 69, 241, '2026-05-01 9:00:00'),
(90, 15, 69, 294, '2026-05-01 15:00:00'),
(91, 12, 70, 278, '2026-05-08 9:00:00'),
(92, 3, 70, 331, '2026-05-08 15:00:00'),
(93, 7, 70, 84, '2026-05-08 21:00:00'),
(94, 13, 71, 315, '2026-05-15 9:00:00'),
(95, 14, 72, 352, '2026-05-22 9:00:00'),
(96, 5, 72, 105, '2026-05-22 15:00:00'),
(97, 15, 73, 89, '2026-06-01 9:00:00'),
(98, 6, 73, 142, '2026-06-01 15:00:00'),
(99, 10, 73, 195, '2026-06-01 21:00:00'),
(100, 3, 74, 126, '2026-01-10 9:00:00'),
(101, 4, 75, 163, '2026-01-20 9:00:00'),
(102, 8, 75, 216, '2026-01-20 15:00:00'),
(103, 5, 76, 200, '2026-02-01 9:00:00'),
(104, 9, 76, 253, '2026-02-01 15:00:00'),
(105, 13, 76, 306, '2026-02-01 21:00:00'),
(106, 6, 77, 237, '2026-02-10 9:00:00'),
(107, 7, 78, 274, '2026-02-18 9:00:00'),
(108, 11, 78, 327, '2026-02-18 15:00:00'),
(109, 8, 79, 311, '2026-02-25 9:00:00'),
(110, 12, 79, 64, '2026-02-25 15:00:00'),
(111, 3, 79, 117, '2026-02-25 21:00:00'),
(112, 9, 80, 348, '2026-03-05 9:00:00'),
(113, 10, 81, 85, '2026-03-12 9:00:00'),
(114, 14, 81, 138, '2026-03-12 15:00:00'),
(115, 11, 82, 122, '2026-03-20 9:00:00'),
(116, 15, 82, 175, '2026-03-20 15:00:00'),
(117, 6, 82, 228, '2026-03-20 21:00:00'),
(118, 12, 83, 159, '2026-03-28 9:00:00'),
(119, 13, 84, 196, '2026-04-05 9:00:00'),
(120, 4, 84, 249, '2026-04-05 15:00:00'),
(121, 14, 85, 233, '2026-04-12 9:00:00'),
(122, 5, 85, 286, '2026-04-12 15:00:00'),
(123, 9, 85, 339, '2026-04-12 21:00:00'),
(124, 15, 86, 270, '2026-04-20 9:00:00'),
(125, 3, 87, 307, '2026-04-28 9:00:00'),
(126, 7, 87, 60, '2026-04-28 15:00:00'),
(127, 4, 88, 344, '2026-05-05 9:00:00'),
(128, 8, 88, 97, '2026-05-05 15:00:00'),
(129, 12, 88, 150, '2026-05-05 21:00:00'),
(130, 5, 89, 81, '2026-05-12 9:00:00'),
(131, 6, 90, 118, '2026-05-20 9:00:00'),
(132, 10, 90, 171, '2026-05-20 15:00:00'),
(133, 7, 91, 155, '2026-05-28 9:00:00'),
(134, 11, 91, 208, '2026-05-28 15:00:00'),
(135, 15, 91, 261, '2026-05-28 21:00:00'),
(136, 8, 92, 192, '2026-01-05 9:00:00'),
(137, 9, 93, 229, '2026-01-15 9:00:00'),
(138, 13, 93, 282, '2026-01-15 15:00:00'),
(139, 10, 94, 266, '2026-01-25 9:00:00'),
(140, 14, 94, 319, '2026-01-25 15:00:00'),
(141, 5, 94, 72, '2026-01-25 21:00:00'),
(142, 11, 95, 303, '2026-02-05 9:00:00'),
(143, 12, 96, 340, '2026-02-15 9:00:00'),
(144, 3, 96, 93, '2026-02-15 15:00:00'),
(145, 13, 97, 77, '2026-02-25 9:00:00'),
(146, 4, 97, 130, '2026-02-25 15:00:00'),
(147, 8, 97, 183, '2026-02-25 21:00:00'),
(148, 14, 98, 114, '2026-03-05 9:00:00'),
(149, 15, 99, 151, '2026-03-15 9:00:00'),
(150, 6, 99, 204, '2026-03-15 15:00:00'),
(151, 3, 100, 188, '2026-03-25 9:00:00'),
(152, 7, 100, 241, '2026-03-25 15:00:00'),
(153, 11, 100, 294, '2026-03-25 21:00:00'),
(154, 4, 101, 225, '2026-04-02 9:00:00'),
(155, 5, 102, 262, '2026-04-10 9:00:00'),
(156, 9, 102, 315, '2026-04-10 15:00:00'),
(157, 6, 103, 299, '2026-04-18 9:00:00'),
(158, 10, 103, 352, '2026-04-18 15:00:00'),
(159, 14, 103, 105, '2026-04-18 21:00:00'),
(160, 7, 104, 336, '2026-04-25 9:00:00'),
(161, 8, 105, 73, '2026-05-03 9:00:00'),
(162, 12, 105, 126, '2026-05-03 15:00:00'),
(163, 9, 106, 110, '2026-05-10 9:00:00'),
(164, 13, 106, 163, '2026-05-10 15:00:00'),
(165, 4, 106, 216, '2026-05-10 21:00:00'),
(166, 10, 107, 147, '2026-05-18 9:00:00'),
(167, 11, 108, 184, '2026-05-25 9:00:00'),
(168, 15, 108, 237, '2026-05-25 15:00:00'),
(169, 12, 109, 221, '2026-06-01 9:00:00'),
(170, 3, 109, 274, '2026-06-01 15:00:00'),
(171, 7, 109, 327, '2026-06-01 21:00:00'),
(172, 13, 110, 258, '2026-01-08 9:00:00'),
(173, 14, 111, 295, '2026-01-18 9:00:00'),
(174, 5, 111, 348, '2026-01-18 15:00:00'),
(175, 15, 112, 332, '2026-02-01 9:00:00'),
(176, 6, 112, 85, '2026-02-01 15:00:00'),
(177, 10, 112, 138, '2026-02-01 21:00:00'),
(178, 3, 113, 69, '2026-02-10 9:00:00'),
(179, 4, 114, 106, '2026-02-20 9:00:00'),
(180, 8, 114, 159, '2026-02-20 15:00:00'),
(181, 5, 115, 143, '2026-03-01 9:00:00'),
(182, 9, 115, 196, '2026-03-01 15:00:00'),
(183, 13, 115, 249, '2026-03-01 21:00:00'),
(184, 6, 116, 180, '2026-03-10 9:00:00'),
(185, 7, 117, 217, '2026-03-18 9:00:00'),
(186, 11, 117, 270, '2026-03-18 15:00:00'),
(187, 8, 118, 254, '2026-03-28 9:00:00'),
(188, 12, 118, 307, '2026-03-28 15:00:00'),
(189, 3, 118, 60, '2026-03-28 21:00:00'),
(190, 9, 119, 291, '2026-04-05 9:00:00'),
(191, 10, 120, 328, '2026-04-15 9:00:00'),
(192, 14, 120, 81, '2026-04-15 15:00:00'),
(193, 11, 121, 65, '2026-04-22 9:00:00'),
(194, 15, 121, 118, '2026-04-22 15:00:00'),
(195, 6, 121, 171, '2026-04-22 21:00:00'),
(196, 12, 122, 102, '2026-05-01 9:00:00'),
(197, 13, 123, 139, '2026-05-08 9:00:00'),
(198, 4, 123, 192, '2026-05-08 15:00:00'),
(199, 14, 124, 176, '2026-05-15 9:00:00'),
(200, 5, 124, 229, '2026-05-15 15:00:00'),
(201, 9, 124, 282, '2026-05-15 21:00:00'),
(202, 15, 125, 213, '2026-05-22 9:00:00'),
(203, 3, 126, 250, '2026-05-30 9:00:00'),
(204, 7, 126, 303, '2026-05-30 15:00:00'),
(205, 4, 127, 287, '2026-06-05 9:00:00'),
(206, 8, 127, 340, '2026-06-05 15:00:00'),
(207, 12, 127, 93, '2026-06-05 21:00:00'),
(208, 5, 128, 324, '2026-06-12 9:00:00'),
(209, 6, 129, 61, '2026-01-12 9:00:00'),
(210, 10, 129, 114, '2026-01-12 15:00:00'),
(211, 7, 130, 98, '2026-01-22 9:00:00'),
(212, 11, 130, 151, '2026-01-22 15:00:00'),
(213, 15, 130, 204, '2026-01-22 21:00:00'),
(214, 8, 131, 135, '2026-02-02 9:00:00'),
(215, 9, 132, 172, '2026-02-12 9:00:00'),
(216, 13, 132, 225, '2026-02-12 15:00:00'),
(217, 10, 133, 209, '2026-02-22 9:00:00'),
(218, 14, 133, 262, '2026-02-22 15:00:00'),
(219, 5, 133, 315, '2026-02-22 21:00:00'),
(220, 11, 134, 246, '2026-03-02 9:00:00'),
(221, 12, 135, 283, '2026-03-10 9:00:00'),
(222, 3, 135, 336, '2026-03-10 15:00:00'),
(223, 13, 136, 320, '2026-03-18 9:00:00'),
(224, 4, 136, 73, '2026-03-18 15:00:00'),
(225, 8, 136, 126, '2026-03-18 21:00:00'),
(226, 14, 137, 357, '2026-03-28 9:00:00'),
(227, 15, 138, 94, '2026-04-05 9:00:00'),
(228, 6, 138, 147, '2026-04-05 15:00:00'),
(229, 3, 139, 131, '2026-04-12 9:00:00'),
(230, 7, 139, 184, '2026-04-12 15:00:00'),
(231, 11, 139, 237, '2026-04-12 21:00:00'),
(232, 4, 140, 168, '2026-04-20 9:00:00'),
(233, 5, 141, 205, '2026-04-28 9:00:00'),
(234, 9, 141, 258, '2026-04-28 15:00:00'),
(235, 6, 142, 242, '2026-05-05 9:00:00'),
(236, 10, 142, 295, '2026-05-05 15:00:00'),
(237, 14, 142, 348, '2026-05-05 21:00:00'),
(238, 7, 143, 279, '2026-05-12 9:00:00'),
(239, 8, 144, 316, '2026-05-20 9:00:00'),
(240, 12, 144, 69, '2026-05-20 15:00:00'),
(241, 9, 145, 353, '2026-05-28 9:00:00'),
(242, 13, 145, 106, '2026-05-28 15:00:00'),
(243, 4, 145, 159, '2026-05-28 21:00:00'),
(244, 10, 146, 90, '2026-06-05 9:00:00'),
(245, 11, 147, 127, '2026-06-12 9:00:00'),
(246, 15, 147, 180, '2026-06-12 15:00:00'),
(247, 12, 148, 164, '2026-01-15 9:00:00'),
(248, 3, 148, 217, '2026-01-15 15:00:00'),
(249, 7, 148, 270, '2026-01-15 21:00:00'),
(250, 13, 149, 201, '2026-01-28 9:00:00'),
(251, 14, 150, 238, '2026-02-08 9:00:00'),
(252, 5, 150, 291, '2026-02-08 15:00:00'),
(253, 15, 151, 275, '2026-02-18 9:00:00'),
(254, 6, 151, 328, '2026-02-18 15:00:00'),
(255, 10, 151, 81, '2026-02-18 21:00:00'),
(256, 3, 152, 312, '2026-02-28 9:00:00'),
(257, 4, 153, 349, '2026-03-08 9:00:00'),
(258, 8, 153, 102, '2026-03-08 15:00:00'),
(259, 5, 154, 86, '2026-03-18 9:00:00'),
(260, 9, 154, 139, '2026-03-18 15:00:00'),
(261, 13, 154, 192, '2026-03-18 21:00:00'),
(262, 6, 155, 123, '2026-03-28 9:00:00');

-- ============================================================
-- 8. 重置自增ID
-- ============================================================

ALTER TABLE cms_article AUTO_INCREMENT = 156;
ALTER TABLE cms_article_tag AUTO_INCREMENT = 507;
ALTER TABLE cms_article_image AUTO_INCREMENT = 246;
ALTER TABLE cms_comment AUTO_INCREMENT = 420;
ALTER TABLE cms_like AUTO_INCREMENT = 503;
ALTER TABLE cms_collect AUTO_INCREMENT = 263;
ALTER TABLE cms_view_history AUTO_INCREMENT = 263;
