-- ============================================================
-- 知讯平台 - 扩展文章种子数据 (第三部分: 文章256-355)
-- 用途：为热门三级分类增加更多深度内容
-- 执行顺序：在 04-seed-articles-part2.sql 之后执行
-- ============================================================

-- ============================================================
-- 1. 文章数据 (ID 256-355)
-- ============================================================

INSERT INTO cms_article (id, author_id, category_id, title, summary, content, cover_image, status, is_top, is_recommend, view_count, like_count, comment_count, collect_count, hot_score, publish_at, created_at, updated_at) VALUES
(256, 4, 79, 'AI Agent技术全景：从单智能体到多智能体协作', 'AI Agent正在从概念走向落地。本文系统梳理AI Agent的技术架构、工具调用、记忆机制和多智能体协作框架。', '<h2>AI Agent的崛起</h2><p>2026年，AI Agent已经成为大语言模型最重要的应用形态之一。与传统的对话式AI不同，Agent能够自主规划任务、调用工具、迭代执行，实现从"回答问题"到"解决问题"的跨越。</p><h2>核心架构</h2><p>一个完整的AI Agent系统包含感知模块、规划模块、记忆模块和执行模块。感知模块负责理解用户意图和环境状态；规划模块将复杂任务分解为可执行的子任务序列；记忆模块维护短期工作记忆和长期知识库；执行模块通过工具调用完成具体操作。</p><h2>多智能体协作</h2><p>当单个Agent的能力不足以完成复杂任务时，多智能体协作成为必然选择。CrewAI、AutoGen等框架支持多个角色化Agent分工协作，通过消息传递和共享记忆实现团队协同。</p><h2>未来展望</h2><p>Agent技术仍在快速演进中。更强大的推理能力、更可靠的安全机制、更自然的协作模式，将是下一阶段的关键突破方向。</p>', 'https://trae-api-cn.mchost.guru/api/ide/v1/text_to_image?prompt=AI%20agent%20technology%20illustration%2C%20multiple%20robotic%20assistants%20collaborating%2C%20digital%20network%2C%20blue%20and%20purple%20futuristic&image_size=landscape_16_9', 2, 0, 1, 5678, 289, 42, 98, 1345.6, '2026-01-18 10:00:00', '2026-01-18 00:00:00', '2026-01-18 10:00:00'),
(257, 4, 79, '多模态大模型：视觉、语言与行动的统一', '多模态大模型正在打破文本、图像、视频之间的壁垒。本文深入分析多模态大模型的能力与技术路径。', '<h2>从文本到多模态</h2><p>大语言模型的下一个进化方向是多模态。能够同时理解文本、图像、音频和视频的统一模型，正在重新定义AI的能力边界。2026年，多模态大模型已经在多个领域展现出超越单模态模型的性能。</p><h2>统一架构的技术路径</h2><p>当前主流的多模态架构有三种路线：早期融合将不同模态映射到统一空间；中期融合在Transformer层间进行跨模态交互；晚期融合分别处理后合并结果。GPT-4o采用的端到端原生多模态架构代表了最前沿的方向。</p><h2>多模态生成的挑战</h2><p>虽然理解能力进步显著，但多模态生成仍面临一致性、可控性和质量三大挑战。如何确保生成的图像与文本语义一致，仍是活跃的研究方向。</p>', 'https://trae-api-cn.mchost.guru/api/ide/v1/text_to_image?prompt=multimodal%20AI%20model%2C%20vision%20language%20unification%2C%20brain%20with%20eye%20and%20text%20symbols%2C%20purple%20and%20teal&image_size=landscape_16_9', 2, 0, 1, 4234, 234, 36, 85, 1123.4, '2026-03-12 09:00:00', '2026-03-12 00:00:00', '2026-03-12 09:00:00'),
(258, 3, 78, '软件工程质量体系：从代码审查到持续交付', '软件质量不是测试出来的，而是构建出来的。本文分享一套经过实战验证的质量体系。', '<h2>质量是构建出来的</h2><p>很多团队把质量保障寄托在测试阶段，但缺陷发现得越晚，修复成本越高。真正的质量应该从编码阶段就开始构建，通过预防而非检测来保障软件质量。</p><h2>代码审查实践</h2><p>代码审查不仅是发现缺陷的手段，更是知识共享和团队文化建设的重要途径。我们采用"小批量、高频次"的审查策略，每次PR不超过400行变更，确保审查质量。</p><h2>自动化测试金字塔</h2><p>单元测试是基础，集成测试是关键，端到端测试是保障。70%单元测试、20%集成测试、10%端到端测试的比例，在覆盖率和执行效率之间取得平衡。</p><h2>持续交付流水线</h2><p>从代码提交到生产部署，全流程自动化。分支策略采用Trunk-Based Development，配合Feature Flag实现安全发布。</p>', 'https://trae-api-cn.mchost.guru/api/ide/v1/text_to_image?prompt=software%20engineering%20quality%2C%20code%20review%20dashboard%2C%20CI%20CD%20pipeline%2C%20clean%20tech%20blue&image_size=landscape_16_9', 2, 0, 0, 2345, 156, 28, 56, 678.9, '2026-02-08 14:00:00', '2026-02-08 00:00:00', '2026-02-08 14:00:00'),
(259, 3, 78, '领域驱动设计实战：用DDD方法构建复杂业务系统', 'DDD不是银弹，但在复杂业务系统中确实能发挥巨大价值。本文分享DDD的落地实践和常见陷阱。', '<h2>为什么需要DDD</h2><p>当业务复杂度增长到一定程度，传统的数据驱动开发模式会陷入"大泥球"架构。DDD通过领域建模，将业务知识转化为软件设计，让代码结构反映业务结构。</p><h2>战略设计</h2><p>限界上下文是DDD最核心的战略概念。通过识别不同业务领域的边界，将大系统拆分为自治的小上下文。每个上下文有独立的统一语言和模型，上下文间通过防腐层通信。</p><h2>常见陷阱</h2><p>过度设计是最常见的陷阱——不是所有系统都需要DDD。简单的CRUD场景用事务脚本就够了。另一个陷阱是领域模型与数据模型的混淆，导致"贫血模型"的出现。</p>', 'https://trae-api-cn.mchost.guru/api/ide/v1/text_to_image?prompt=domain%20driven%20design%20illustration%2C%20bounded%20contexts%20diagram%2C%20software%20architecture%2C%20blue%20and%20green%20tech&image_size=landscape_16_9', 2, 0, 1, 1890, 123, 22, 48, 534.6, '2026-04-15 10:00:00', '2026-04-15 00:00:00', '2026-04-15 10:00:00'),
(260, 3, 80, '零信任安全架构：从理论到企业落地', '传统边界安全模型已经失效，零信任正在成为新一代安全架构的标准。', '<h2>边界安全的终结</h2><p>远程办公、云服务、SaaS应用的普及，让企业网络边界变得模糊。传统的"城堡与护城河"模型已经无法应对现代威胁。零信任的核心原则是"永不信任，始终验证"。</p><h2>零信任三大支柱</h2><p>身份验证：每次访问都需要强身份验证，多因素认证是标配。设备信任：只有合规设备才能访问企业资源。最小权限：用户只获得完成任务所需的最小权限，权限按需动态分配。</p><h2>落地路径</h2><p>零信任转型不是一蹴而就的。建议从最关键的业务系统开始，逐步扩展。先实现强身份认证，再推进微分段，最后实现持续自适应风险与信任评估。</p>', 'https://trae-api-cn.mchost.guru/api/ide/v1/text_to_image?prompt=zero%20trust%20security%20architecture%2C%20digital%20shield%20with%20verification%20icons%2C%20cybersecurity%2C%20dark%20blue%20and%20green&image_size=landscape_16_9', 2, 0, 1, 3456, 198, 34, 72, 923.4, '2026-01-28 09:00:00', '2026-01-28 00:00:00', '2026-01-28 09:00:00'),
(261, 3, 80, 'AI时代的网络安全：攻防对抗的新格局', 'AI既是网络安全的利器，也是攻击者的新武器。本文分析AI在安全攻防两面的应用。', '<h2>AI赋能安全防御</h2><p>AI正在改变安全运营的方式。基于机器学习的威胁检测系统能够从海量日志中发现异常行为，响应速度从小时级缩短到分钟级。AI驱动的安全编排自动化响应让安全团队能够应对指数级增长的安全告警。</p><h2>AI成为攻击武器</h2><p>攻击者也在利用AI。深度伪造技术用于社会工程攻击，AI生成的钓鱼邮件几乎无法辨别真伪，自动化漏洞挖掘工具让攻击门槛大幅降低。</p><h2>AI系统自身的安全</h2><p>大语言模型面临提示注入、数据投毒、模型窃取等新型攻击。AI红队测试正在成为模型发布前的标准流程。</p>', 'https://trae-api-cn.mchost.guru/api/ide/v1/text_to_image?prompt=AI%20cybersecurity%20battle%2C%20digital%20shield%20vs%20hack%20attack%2C%20neural%20network%20defense%2C%20red%20and%20blue%20contrast&image_size=landscape_16_9', 2, 0, 0, 2789, 167, 30, 65, 756.8, '2026-05-10 14:00:00', '2026-05-10 00:00:00', '2026-05-10 14:00:00'),
(262, 8, 45, '氢能产业链全景：从制氢到用氢的关键环节', '氢能被誉为"终极清洁能源"，但产业链长、成本高。本文全面梳理氢能产业链各环节。', '<h2>氢能的战略意义</h2><p>在深度脱碳场景中，电力无法覆盖的领域——长途运输、钢铁冶炼、化工原料——氢能是少数可行的零碳解决方案。全球已有40多个国家发布氢能战略。</p><h2>制氢：从灰氢到绿氢</h2><p>当前全球氢气产量中95%以上来自化石燃料制氢（灰氢）。绿氢——利用可再生能源电解水制氢——是终极目标。碱性电解槽和PEM电解槽是两条主流技术路线。</p><h2>用氢：交通与工业双轮驱动</h2><p>燃料电池汽车在重卡和客车领域展现优势，加氢站网络正在加速建设。工业领域，氢能炼钢和绿氨生产正在从示范走向商业化。</p>', 'https://trae-api-cn.mchost.guru/api/ide/v1/text_to_image?prompt=hydrogen%20energy%20industry%20chain%2C%20green%20hydrogen%20production%20electrolyzer%2C%20clean%20energy%2C%20blue%20and%20green&image_size=landscape_16_9', 2, 0, 1, 3123, 178, 32, 76, 867.5, '2026-02-22 10:00:00', '2026-02-22 00:00:00', '2026-02-22 10:00:00'),
(263, 8, 45, '钙钛矿太阳能电池：下一代光伏技术的希望', '钙钛矿太阳能电池效率飞速提升，成本有望大幅下降。本文分析钙钛矿技术的最新进展。', '<h2>效率的飞速提升</h2><p>从2009年的3.8%到2026年的超过33%，钙钛矿太阳能电池的效率提升速度前所未有。单结效率已超过传统硅电池的理论极限，叠层电池效率更是突破35%。</p><h2>独特的优势</h2><p>钙钛矿材料可通过溶液法在低温下制备，生产能耗仅为硅电池的1/10。柔性基底、半透明、可调带隙等特性，为建筑一体化光伏和可穿戴设备开辟了新应用场景。</p><h2>产业化挑战</h2><p>稳定性是最大的挑战。钙钛矿对水分、热量和光照敏感，长期稳定性仍需验证。预计2028年前后钙钛矿组件将实现大规模商业化。</p>', 'https://trae-api-cn.mchost.guru/api/ide/v1/text_to_image?prompt=perovskite%20solar%20cell%20technology%2C%20crystal%20structure%20with%20sunlight%2C%20next%20gen%20photovoltaic%2C%20golden%20and%20blue&image_size=landscape_16_9', 2, 0, 0, 2345, 145, 26, 58, 645.3, '2026-04-28 09:00:00', '2026-04-28 00:00:00', '2026-04-28 09:00:00'),
(264, 3, 72, '先进封装技术：Chiplet时代的核心驱动力', '当摩尔定律放缓，先进封装成为延续性能提升的关键。本文深入分析Chiplet互联和异构集成技术。', '<h2>摩尔定律的替代路径</h2><p>先进制程的边际成本急剧上升，3nm以下每代工艺的研发投入超过百亿美元。先进封装提供了另一条路径：通过将多个小芯片在封装层面集成，实现接近单芯片的性能，同时大幅降低制造成本。</p><h2>Chiplet互联标准</h2><p>UCIe是Chiplet互联的开放标准，定义了Die-to-Die的物理层和协议层。标准化的互联协议让不同厂商的Chiplet可以混合搭配，构建异构系统。</p><h2>异构集成的未来</h2><p>未来的芯片系统将是"乐高式"的——CPU、GPU、AI加速器、内存等Chiplet通过先进封装组合在一起。这将彻底改变芯片设计流程和供应链格局。</p>', 'https://trae-api-cn.mchost.guru/api/ide/v1/text_to_image?prompt=advanced%20chip%20packaging%20Chiplet%2C%203D%20integrated%20circuit%20stack%2C%20semiconductor%20technology%2C%20blue%20and%20orange&image_size=landscape_16_9', 2, 0, 1, 3890, 212, 38, 82, 1034.5, '2026-03-05 10:00:00', '2026-03-05 00:00:00', '2026-03-05 10:00:00'),
(265, 3, 72, 'EDA工具国产化：芯片设计的自主之路', 'EDA是芯片设计的"工业母机"，国产替代迫在眉睫。本文分析EDA工具链的技术壁垒和突围路径。', '<h2>EDA的战略地位</h2><p>EDA工具贯穿芯片设计全流程，从RTL编写、逻辑综合、物理设计到验证签核。全球EDA市场被Synopsys、Cadence和Siemens EDA三家垄断，国产化率不足5%。</p><h2>国产化进展</h2><p>华大九天在模拟电路EDA领域已具备一定竞争力，概伦电子在器件建模和电路仿真方面取得突破。数字后端工具是最难攻克的堡垒，但国产EDA在特定点工具上已开始替代。</p><h2>突围路径</h2><p>从点工具突破、构建完整工具链、与代工厂和设计公司协同迭代，是国产EDA的现实路径。开源EDA生态的培育也是重要方向。</p>', 'https://trae-api-cn.mchost.guru/api/ide/v1/text_to_image?prompt=EDA%20tools%20for%20chip%20design%2C%20digital%20circuit%20layout%20software%2C%20semiconductor%20design%2C%20dark%20blue%20and%20green&image_size=landscape_16_9', 2, 0, 0, 2123, 134, 24, 52, 589.7, '2026-05-22 10:00:00', '2026-05-22 00:00:00', '2026-05-22 10:00:00'),
(266, 3, 65, '人形机器人：从实验室到量产的关键十年', '人形机器人正在迎来量产元年。本文分析人形机器人的技术架构、关键零部件和商业化路径。', '<h2>人形机器人的时代来临</h2><p>2026年，特斯拉Optimus、Figure 02、国内多款人形机器人相继进入小批量生产阶段。人形机器人之所以受追捧，是因为人类环境是为人形设计的——人形机器人无需改造环境即可直接适用。</p><h2>关键零部件</h2><p>执行器是人形机器人的核心，无框力矩电机、行星滚柱丝杠、谐波减速器是三大关键部件。国产化率正在快速提升，成本有望从百万级降至十万级。</p><h2>商业化路径</h2><p>工业场景率先落地——汽车装配、物流分拣、3C制造。家庭服务场景需要更长的技术成熟期，但市场潜力巨大。预计2030年人形机器人年产量将突破百万台。</p>', 'https://trae-api-cn.mchost.guru/api/ide/v1/text_to_image?prompt=humanoid%20robot%20technology%2C%20advanced%20robotic%20figure%20in%20factory%2C%20futuristic%20automation%2C%20silver%20and%20blue&image_size=landscape_16_9', 2, 0, 1, 4567, 267, 44, 92, 1234.5, '2026-02-14 10:00:00', '2026-02-14 00:00:00', '2026-02-14 10:00:00'),
(267, 3, 65, '工业机器人智能化升级：从示教再现到自主决策', '传统工业机器人正在从"执行者"进化为"思考者"。本文探讨3D视觉和AI如何赋能工业机器人。', '<h2>示教再现的局限</h2><p>传统工业机器人通过示教编程完成任务，只能精确重复固定动作。当工件位置变化或出现异常时，机器人无法自主应对，需要人工干预。</p><h2>3D视觉引导</h2><p>3D视觉系统让机器人能够"看见"工件，实现动态定位和抓取。结构光、双目视觉、ToF三种方案各有优劣，在无序分拣、焊接跟踪、装配检测等场景广泛应用。</p><h2>AI赋能自主决策</h2><p>强化学习让机器人能够通过试错学习新技能，大模型让机器人理解自然语言指令。未来的工业机器人将能够自主理解任务、规划动作、处理异常。</p>', 'https://trae-api-cn.mchost.guru/api/ide/v1/text_to_image?prompt=intelligent%20industrial%20robot%2C%20robotic%20arm%20with%203D%20vision%20sensor%2C%20smart%20manufacturing%2C%20orange%20and%20blue&image_size=landscape_16_9', 2, 0, 0, 1890, 112, 20, 45, 523.4, '2026-04-08 14:00:00', '2026-04-08 00:00:00', '2026-04-08 14:00:00'),
(268, 4, 193, '城市大脑2.0：AI驱动的城市治理新范式', '城市大脑从"看得见"进化到"想得明白"。本文解析城市大脑2.0的AI决策引擎和多源数据融合。', '<h2>从数据汇聚到智能决策</h2><p>第一代城市大脑解决了数据孤岛问题，实现了城市运行状态的实时可视化。但"看得见"不等于"管得好"，城市大脑2.0的核心是从被动监控转向主动决策。</p><h2>AI决策引擎</h2><p>城市大脑2.0的AI决策引擎融合了交通流预测、应急事件分类、资源调度优化等多个专用模型。在交通治理场景，AI能提前30分钟预测拥堵，自动调整信号灯配时和诱导路线。</p><h2>自适应优化</h2><p>城市大脑2.0能够根据决策效果自动调整策略参数，形成"感知-决策-执行-反馈"的闭环。系统越运行越聪明，治理效果持续提升。</p>', 'https://trae-api-cn.mchost.guru/api/ide/v1/text_to_image?prompt=smart%20city%20brain%202.0%2C%20AI%20driven%20urban%20governance%2C%20digital%20city%20dashboard%2C%20blue%20and%20green%20tech&image_size=landscape_16_9', 2, 0, 1, 3234, 189, 32, 68, 878.9, '2026-03-20 10:00:00', '2026-03-20 00:00:00', '2026-03-20 10:00:00'),
(269, 4, 193, '智慧交通：用数据重新定义城市出行', '交通拥堵是城市治理的顽疾。智慧交通系统通过数据驱动的方式，正在重新定义城市出行效率。', '<h2>交通治理的新思路</h2><p>传统治堵靠修路，但道路建设永远追不上车辆增长。智慧交通的核心理念是：不增加物理基础设施，通过数据优化提升现有路网的通行效率。</p><h2>自适应信号控制</h2><p>基于实时车流数据的自适应信号控制系统，能够动态调整每个路口的信号灯配时。杭州主城区部署后，平均通行时间缩短15%，高峰期拥堵指数下降20%。</p><h2>车路协同</h2><p>5G-V2X让车辆与基础设施实时通信，获取前方路况、信号灯状态等信息。车路协同是自动驾驶规模化落地的关键支撑。</p>', 'https://trae-api-cn.mchost.guru/api/ide/v1/text_to_image?prompt=smart%20transportation%20system%2C%20intelligent%20traffic%20management%2C%20connected%20vehicles%2C%20green%20and%20blue%20urban&image_size=landscape_16_9', 2, 0, 0, 2567, 156, 28, 62, 712.4, '2026-05-15 09:00:00', '2026-05-15 00:00:00', '2026-05-15 09:00:00'),
(270, 3, 194, 'L4自动驾驶商业化：技术、法规与商业模式', 'L4级自动驾驶正在从测试走向商业运营。本文分析Robotaxi的商业化进展和监管框架。', '<h2>Robotaxi的商业化元年</h2><p>2026年，多个城市的Robotaxi开始收费运营。Waymo在旧金山、百度Apollo在武汉的运营规模持续扩大，单车日均接单量超过20单。</p><h2>技术瓶颈</h2><p>极端天气、复杂路口、非标准道路场景仍是技术难点。多传感器融合是当前主流方案，端到端自动驾驶是新的技术方向，但可解释性和安全性仍需验证。</p><h2>商业模式</h2><p>Robotaxi的盈利模型取决于运营效率、车辆成本和人力替代。无人化运营后，每公里成本有望降至1元以下，远低于有人驾驶出租车。</p>', 'https://trae-api-cn.mchost.guru/api/ide/v1/text_to_image?prompt=level%204%20autonomous%20driving%2C%20self%20driving%20car%20on%20city%20road%2C%20sensor%20equipped%20vehicle%2C%20futuristic%20blue&image_size=landscape_16_9', 2, 0, 1, 4123, 245, 40, 88, 1123.4, '2026-01-25 10:00:00', '2026-01-25 00:00:00', '2026-01-25 10:00:00'),
(271, 3, 194, '自动驾驶芯片：算力竞赛与架构演进', '自动驾驶对芯片算力的需求呈指数级增长。本文分析自动驾驶芯片的架构趋势和竞争格局。', '<h2>算力需求的爆发</h2><p>L2+需要约30 TOPS，L4需要超过1000 TOPS。但算力不是唯一指标，能效比和确定性延迟同样关键。</p><h2>竞争格局</h2><p>NVIDIA Orin/Thor占据高端市场，地平线征程5/6在中端市场快速渗透，华为MDC在自主品牌中广泛采用。国产自动驾驶芯片正在从"可用"走向"好用"。</p><h2>未来趋势</h2><p>端到端大模型正在改变自动驾驶的算法范式，存算一体、可重构计算等新型架构有望突破冯·诺依曼瓶颈。</p>', 'https://trae-api-cn.mchost.guru/api/ide/v1/text_to_image?prompt=autonomous%20driving%20chip%2C%20SoC%20processor%20for%20self%20driving%2C%20semiconductor%20design%2C%20dark%20blue%20and%20orange&image_size=landscape_16_9', 2, 0, 0, 2345, 145, 26, 56, 645.3, '2026-04-18 10:00:00', '2026-04-18 00:00:00', '2026-04-18 10:00:00'),
(272, 13, 191, 'CRISPR临床突破：基因治疗从实验室到病床', 'CRISPR基因编辑技术正在改写遗传病的治疗范式。本文梳理CRISPR在临床领域的重大突破。', '<h2>里程碑式的批准</h2><p>2023年底，全球首款CRISPR基因治疗药物Casgevy获批上市，用于治疗镰刀型细胞贫血症和β-地中海贫血。这标志着基因编辑正式进入临床治疗时代。</p><h2>碱基编辑与先导编辑</h2><p>CRISPR-Cas9会产生DNA双链断裂，存在脱靶风险。碱基编辑器和先导编辑器能够在不切断DNA的情况下实现精确修改，安全性显著提升。</p><h2>未来方向</h2><p>多基因疾病的治疗、神经退行性疾病的基因干预、免疫细胞的工程化改造……CRISPR的临床应用场景正在不断扩展。</p>', 'https://trae-api-cn.mchost.guru/api/ide/v1/text_to_image?prompt=CRISPR%20clinical%20gene%20therapy%2C%20DNA%20editing%20in%20medical%20setting%2C%20biotechnology%2C%20green%20and%20blue&image_size=landscape_16_9', 2, 0, 1, 3456, 198, 34, 78, 934.5, '2026-02-05 10:00:00', '2026-02-05 00:00:00', '2026-02-05 10:00:00'),
(273, 13, 191, '基因治疗的伦理边界：治疗、增强与设计', '基因编辑技术引发了深刻的伦理讨论。治疗遗传病与"设计婴儿"之间的界限如何划定？', '<h2>治疗与增强的模糊边界</h2><p>消除镰刀型细胞贫血症是治疗，但提升智商或改变外貌算什么？当基因编辑技术足够成熟，"治疗"与"增强"的界限将越来越模糊。</p><h2>公平与可及性</h2><p>Casgevy的定价超过200万美元，只有极少数人能负担。如果基因治疗只能惠及富人，将加剧社会不平等。如何确保基因治疗的可及性，是政策制定者必须考虑的问题。</p><h2>全球治理</h2><p>基因编辑的治理需要全球协作。WHO已发布人类基因组编辑治理框架，科学进步与伦理约束的平衡，需要全社会的参与和对话。</p>', 'https://trae-api-cn.mchost.guru/api/ide/v1/text_to_image?prompt=gene%20editing%20ethics%2C%20DNA%20helix%20with%20balance%20scale%2C%20bioethics%20concept%2C%20warm%20and%20cool%20contrast&image_size=landscape_16_9', 2, 0, 0, 1890, 112, 22, 45, 523.4, '2026-06-02 10:00:00', '2026-06-02 00:00:00', '2026-06-02 10:00:00'),
(274, 4, 189, '非侵入式脑机接口：无创连接大脑与机器', '非侵入式脑机接口无需手术，安全性高，应用场景广泛。本文分析EEG、fNIRS等技术进展。', '<h2>非侵入式BCI的优势</h2><p>侵入式脑机接口虽然信号质量高，但需要手术植入，存在感染和排异风险。非侵入式BCI通过头皮采集脑信号，安全性好，适用于更广泛的人群和场景。</p><h2>应用场景</h2><p>消费级BCI已用于专注力训练、冥想辅助和游戏交互。医疗级BCI在卒中康复、意识障碍评估等方面展现价值。工业级BCI用于疲劳监测和注意力评估。</p><h2>技术挑战</h2><p>信号噪声比低、指令集有限、个体差异大是非侵入式BCI的三大挑战。深度学习算法和干电极技术的进步正在逐步解决这些问题。</p>', 'https://trae-api-cn.mchost.guru/api/ide/v1/text_to_image?prompt=non%20invasive%20brain%20computer%20interface%2C%20EEG%20headset%20on%20person%2C%20neural%20signals%2C%20blue%20and%20purple%20tech&image_size=landscape_16_9', 2, 0, 1, 2789, 167, 30, 65, 756.8, '2026-03-15 10:00:00', '2026-03-15 00:00:00', '2026-03-15 10:00:00'),
(275, 4, 189, '神经修复技术：让受损的神经系统重获功能', '神经修复是脑机接口最重要的医疗应用方向。本文介绍神经假体和脊髓刺激技术进展。', '<h2>神经假体：替代失去的功能</h2><p>人工耳蜗是最成功的神经假体，已帮助数十万听障人士恢复听力。视网膜假体、四肢神经假体也在快速发展，让截瘫患者重新获得运动和感觉功能。</p><h2>脊髓刺激</h2><p>硬膜外电刺激配合神经康复训练，已让多名截瘫患者重新站立行走。瑞士洛桑联邦理工学院的EES技术是这一领域的里程碑。</p><h2>脑机接口与神经修复的融合</h2><p>脑机接口读取运动意图，神经修复技术执行运动指令，两者融合将实现从"意念"到"行动"的完整闭环。</p>', 'https://trae-api-cn.mchost.guru/api/ide/v1/text_to_image?prompt=neural%20repair%20technology%2C%20spinal%20cord%20stimulation%2C%20neuroprosthetics%2C%20medical%20blue%20and%20white&image_size=landscape_16_9', 2, 0, 0, 2123, 134, 24, 52, 589.7, '2026-05-28 10:00:00', '2026-05-28 00:00:00', '2026-05-28 10:00:00'),
(276, 3, 197, '可回收火箭技术：降低太空准入成本的关键', '可回收火箭是商业航天的核心技术。本文深入分析可回收火箭技术和中国相关进展。', '<h2>回收技术的革命性意义</h2><p>传统火箭发射后一级助推器坠入大海，每次发射成本约6000万美元。猎鹰9号实现一级助推器回收复用后，发射成本降至约3000万美元。如果星舰实现完全可回收，成本有望降至百万美元级。</p><h2>中国可回收火箭进展</h2><p>蓝箭航天朱雀三号、天兵科技天龙三号等中国可回收火箭正在密集测试。2026年，多型火箭将进行垂直回收验证飞行，中国可回收火箭有望在2027年实现首飞。</p><h2>未来方向</h2><p>从部分可回到完全可回，从一级回收到整箭回收。可回收技术的持续进步，将不断降低太空准入成本。</p>', 'https://trae-api-cn.mchost.guru/api/ide/v1/text_to_image?prompt=reusable%20rocket%20landing%2C%20booster%20touchdown%2C%20dramatic%20sky%2C%20orange%20flame%20and%20dark%20blue&image_size=landscape_16_9', 2, 0, 1, 3789, 223, 38, 82, 1012.3, '2026-02-28 10:00:00', '2026-02-28 00:00:00', '2026-02-28 10:00:00'),
(277, 3, 197, '卫星互联网：天地一体的通信新纪元', '低轨卫星互联网正在改变全球通信格局。本文分析星链、中国星网的发展现状。', '<h2>低轨卫星互联网的崛起</h2><p>Starlink已部署超过6000颗卫星，为全球70多个国家的400万用户提供互联网接入。低轨卫星互联网的延迟降至20-40毫秒，接近地面光纤水平。</p><h2>中国星网加速部署</h2><p>中国星网计划部署12992颗卫星，2024年开始批量发射。G60星链也在加速部署，中国低轨卫星互联网正在形成与Starlink竞争的格局。</p><h2>应用前景</h2><p>偏远地区网络覆盖、航空航海通信、应急通信、军事通信……卫星互联网的应用场景不断扩展。天地一体的6G网络将是未来的终极形态。</p>', 'https://trae-api-cn.mchost.guru/api/ide/v1/text_to_image?prompt=satellite%20internet%20constellation%2C%20low%20earth%20orbit%20network%2C%20global%20connectivity%2C%20blue%20and%20white%20space&image_size=landscape_16_9', 2, 0, 0, 2567, 156, 28, 62, 712.4, '2026-04-22 10:00:00', '2026-04-22 00:00:00', '2026-04-22 10:00:00'),
(278, 8, 44, '新型电力系统：构建以新能源为主体的电力格局', '新能源高比例并网对电力系统提出全新挑战。本文分析新型电力系统的特征和关键技术。', '<h2>新能源带来的系统性变革</h2><p>传统电力系统以火电为主，发电侧可控可调。新型电力系统以风电、光伏为主，发电侧具有强随机性和强波动性。这要求电力系统从"源随荷动"转变为"源网荷储"协同互动。</p><h2>灵活调节资源</h2><p>抽水蓄能、燃气调峰、新型储能、需求响应是四大灵活调节资源。其中新型储能增长最快，2025年底装机容量超过100GW。</p><h2>市场机制</h2><p>电力现货市场、辅助服务市场、容量市场的建设，为新型电力系统提供了经济信号。合理的价格机制引导资源优化配置。</p>', 'https://trae-api-cn.mchost.guru/api/ide/v1/text_to_image?prompt=new%20power%20system%20with%20renewable%20energy%2C%20wind%20solar%20grid%20integration%2C%20smart%20grid%2C%20green%20and%20blue&image_size=landscape_16_9', 2, 0, 1, 2890, 178, 32, 68, 789.6, '2026-03-08 10:00:00', '2026-03-08 00:00:00', '2026-03-08 10:00:00'),
(279, 8, 44, '虚拟电厂：不建电厂的电力调度新范式', '虚拟电厂正在成为新型电力系统的重要调节手段。本文解析虚拟电厂的聚合机制和商业模式。', '<h2>什么是虚拟电厂</h2><p>虚拟电厂不是一个物理电厂，而是一个数字化聚合平台。它将分散的分布式电源、储能系统、可调负荷和电动汽车等资源虚拟地"打包"成一个可调度的整体。</p><h2>调度策略</h2><p>虚拟电厂需要同时满足电网调度指令和资源所有者的利益。多目标优化算法在保证电网安全的前提下，最大化聚合资源的收益。</p><h2>商业模式</h2><p>参与辅助服务市场获取调频调峰补偿、参与现货市场获取峰谷价差、为用户提供节能优化服务获取分成，是虚拟电厂的三大收入来源。</p>', 'https://trae-api-cn.mchost.guru/api/ide/v1/text_to_image?prompt=virtual%20power%20plant%20concept%2C%20digital%20aggregation%20of%20distributed%20energy%2C%20smart%20grid%20control%2C%20blue%20and%20green&image_size=landscape_16_9', 2, 0, 0, 1678, 98, 18, 38, 456.7, '2026-05-18 10:00:00', '2026-05-18 00:00:00', '2026-05-18 10:00:00'),
(280, 8, 40, '精准农业：用数据驱动每一寸土地的产出', '精准农业正在从概念走向大规模应用。本文介绍变量施肥、精准灌溉等核心技术。', '<h2>从经验到数据</h2><p>传统农业依赖经验决策，同一块地用同样的施肥量和灌溉量。精准农业的核心是"因地块异"——根据土壤养分、水分、作物长势的空间差异，实施变量管理。</p><h2>变量施肥技术</h2><p>通过土壤采样和遥感影像生成土壤养分分布图，变量施肥机根据GPS定位自动调节施肥量。在保证产量的前提下，氮肥使用量减少20%-30%。</p><h2>产量预测与决策支持</h2><p>融合卫星遥感、气象数据和作物模型，预测产量和收获时间。为农户提供种植决策支持，数据驱动的决策正在改变农业的生产方式。</p>', 'https://trae-api-cn.mchost.guru/api/ide/v1/text_to_image?prompt=precision%20agriculture%2C%20drone%20and%20sensors%20in%20farmland%2C%20data%20driven%20farming%2C%20green%20and%20gold&image_size=landscape_16_9', 2, 0, 0, 1456, 89, 16, 34, 398.7, '2026-01-12 10:00:00', '2026-01-12 00:00:00', '2026-01-12 10:00:00'),
(281, 8, 40, '农业机器人：田间地头的智能新军', '从播种到收获，农业机器人正在接管越来越多的田间作业。', '<h2>除草机器人</h2><p>基于计算机视觉的除草机器人能精准识别作物和杂草，通过机械臂或激光除草，减少除草剂使用量90%以上。</p><h2>采摘机器人</h2><p>草莓、苹果、番茄等经济作物的采摘机器人正在从实验室走向田间。柔性夹爪和3D视觉引导让机器人能够无损采摘。</p><h2>自动驾驶农机</h2><p>基于RTK-GNSS的自动驾驶拖拉机已广泛商用，直线行驶精度±2.5厘米。无人驾驶农机可实现24小时不间断作业。</p>', 'https://trae-api-cn.mchost.guru/api/ide/v1/text_to_image?prompt=agricultural%20robot%20in%20field%2C%20harvesting%20robot%20picking%20fruit%2C%20smart%20farming%2C%20green%20and%20yellow&image_size=landscape_16_9', 2, 0, 1, 2345, 145, 26, 56, 645.3, '2026-03-25 10:00:00', '2026-03-25 00:00:00', '2026-03-25 10:00:00'),
(282, 6, 115, '精准医疗：从基因到临床的个体化治疗', '精准医疗正在改变"千人一方"的传统模式。本文介绍基因组学和AI辅助诊断如何推动精准医疗。', '<h2>基因组学驱动精准治疗</h2><p>全基因组测序成本已降至100美元以下，使得大规模人群基因组筛查成为可能。基于患者基因变异的靶向药物选择，显著提升了肿瘤等疾病的治疗效果。</p><h2>液体活检</h2><p>通过检测血液中的循环肿瘤DNA，液体活检实现了肿瘤的无创早期筛查、疗效监测和复发预警。</p><h2>AI辅助诊断</h2><p>AI在医学影像诊断中的准确率已超过资深放射科医生。肺结节筛查、糖网病变检测等AI诊断工具已获NMPA批准上市。</p>', 'https://trae-api-cn.mchost.guru/api/ide/v1/text_to_image?prompt=precision%20medicine%2C%20genomic%20sequencing%20and%20personalized%20treatment%2C%20medical%20technology%2C%20blue%20and%20white&image_size=landscape_16_9', 2, 0, 1, 3234, 189, 34, 72, 878.9, '2026-02-18 10:00:00', '2026-02-18 00:00:00', '2026-02-18 10:00:00'),
(283, 6, 115, '手术机器人：微创外科的精准革命', '达芬奇手术机器人开创了微创外科的新时代。本文分析手术机器人的技术演进和国产化进展。', '<h2>达芬奇的统治与挑战</h2><p>达芬奇手术系统在全球安装超过8000台，完成了超过1200万例手术。其3D高清视觉、7自由度机械臂和震颤过滤功能，让外科手术的精度和稳定性大幅提升。</p><h2>国产手术机器人崛起</h2><p>微创图迈、威高妙手等国产手术机器人已获批上市，价格仅为达芬奇的1/3到1/2。国产机器人在泌尿外科、妇科等领域的临床效果已得到验证。</p><h2>AI增强手术</h2><p>AI在手术中的应用从术前规划扩展到术中导航和技能评估。实时组织识别、手术步骤预测、关键结构预警，AI正在成为外科医生的"第三只眼"。</p>', 'https://trae-api-cn.mchost.guru/api/ide/v1/text_to_image?prompt=surgical%20robot%20Da%20Vinci%20system%2C%20minimally%20invasive%20surgery%2C%20medical%20robotics%2C%20blue%20and%20white%20sterile&image_size=landscape_16_9', 2, 0, 0, 2567, 156, 28, 62, 712.4, '2026-04-12 10:00:00', '2026-04-12 00:00:00', '2026-04-12 10:00:00'),
(284, 9, 97, '增长黑客实战：数据驱动的用户增长方法论', '增长不是靠灵感，而是靠系统的方法论。本文分享一套经过验证的增长黑客框架。', '<h2>增长黑客的核心理念</h2><p>增长黑客不是某种技巧或捷径，而是一种以数据为基础、以实验为手段、以增长为目标的系统性方法论。</p><h2>AARRR漏斗模型</h2><p>获客、激活、留存、变现、推荐——五个环节构成增长漏斗。找到漏斗中转化率最低的环节，集中资源优化，是增长的基本策略。</p><h2>北极星指标</h2><p>每个产品都应该有一个北极星指标，它最能反映产品为核心用户创造的价值。所有增长实验都应该围绕北极星指标展开。</p>', 'https://trae-api-cn.mchost.guru/api/ide/v1/text_to_image?prompt=growth%20hacking%20methodology%2C%20data%20driven%20user%20growth%2C%20funnel%20analytics%2C%20blue%20and%20orange&image_size=landscape_16_9', 2, 0, 0, 1890, 112, 20, 45, 523.4, '2026-02-25 10:00:00', '2026-02-25 00:00:00', '2026-02-25 10:00:00'),
(285, 9, 97, '内容营销进阶：从流量思维到信任构建', '内容营销正在从"引流工具"进化为"信任资产"。本文分享如何构建持续产出优质内容的体系。', '<h2>内容营销的本质</h2><p>内容营销的本质是通过持续输出有价值的内容，建立与目标受众的信任关系。信任是一切商业转化的基础，而内容是构建信任最高效的方式。</p><h2>内容战略框架</h2><p>好的内容战略回答三个问题：为谁创作、创作什么、如何分发。内容支柱应该与品牌的核心价值主张对齐。</p><h2>从流量到信任</h2><p>流量是短期的，信任是长期的。一篇深度好文带来的品牌信任，胜过百篇浅薄的内容。内容营销的终极目标是成为目标受众心中的"首选参考"。</p>', 'https://trae-api-cn.mchost.guru/api/ide/v1/text_to_image?prompt=content%20marketing%20strategy%2C%20trust%20building%20through%20content%2C%20digital%20publishing%2C%20warm%20orange%20and%20blue&image_size=landscape_16_9', 2, 0, 1, 1678, 98, 18, 38, 456.7, '2026-05-08 10:00:00', '2026-05-08 00:00:00', '2026-05-08 10:00:00'),
(286, 9, 102, '跨境电商新格局：从铺货到品牌出海', '跨境电商正在从粗放式铺货转向精细化品牌运营。本文分析独立站和本地化运营的关键策略。', '<h2>铺货模式的终结</h2><p>随着平台政策收紧、流量成本攀升和竞争加剧，铺货模式的利润空间已被严重压缩。品牌化是跨境电商的必然方向。</p><h2>独立站的崛起</h2><p>Shopify等建站工具降低了独立站的门槛，DTC品牌通过独立站直接触达消费者，掌握用户数据和定价权。</p><h2>本地化运营</h2><p>品牌出海不是简单翻译，而是深度本地化。产品适配、内容本地化、客服体系、合规运营……每个环节都需要本地化思维。</p>', 'https://trae-api-cn.mchost.guru/api/ide/v1/text_to_image?prompt=cross%20border%20ecommerce%2C%20global%20online%20shopping%2C%20brand%20going%20international%2C%20blue%20and%20gold&image_size=landscape_16_9', 2, 0, 0, 2123, 134, 24, 52, 589.7, '2026-03-18 10:00:00', '2026-03-18 00:00:00', '2026-03-18 10:00:00'),
(287, 9, 102, '直播电商2.0：从流量变现到价值创造', '直播电商正在经历从野蛮生长到规范发展的转型。本文探讨直播电商的新趋势和新玩法。', '<h2>直播电商的下半场</h2><p>用户对简单粗暴的叫卖式直播已经审美疲劳，转化率持续下降。直播电商2.0的核心是从"流量变现"转向"价值创造"。</p><h2>AI数字人直播</h2><p>AI数字人主播已实现24小时不间断直播，成本仅为真人主播的1/10。在标准化商品场景中，数字人直播的转化率已接近真人。</p><h2>品牌自播崛起</h2><p>相比依赖头部主播，品牌自播能更好地控制品牌形象、积累私域流量、降低渠道成本。品牌自播的关键是内容专业度和互动真实感。</p>', 'https://trae-api-cn.mchost.guru/api/ide/v1/text_to_image?prompt=live%20streaming%20ecommerce%202.0%2C%20content%20driven%20shopping%2C%20digital%20commerce%2C%20warm%20red%20and%20gold&image_size=landscape_16_9', 2, 0, 1, 2345, 145, 26, 56, 645.3, '2026-06-05 10:00:00', '2026-06-05 00:00:00', '2026-06-05 10:00:00'),
(288, 10, 124, '虚拟制片：LED幕墙如何改变影视制作', '虚拟制片正在颠覆传统影视制作流程。本文深入分析LED幕墙虚拟制片的技术原理和行业影响。', '<h2>虚拟制片的革命</h2><p>传统影视制作中，外景拍摄受天气、时间、地点限制，后期特效成本高昂且周期漫长。LED幕墙虚拟制片将"后期前置"——在拍摄阶段就完成背景合成。</p><h2>核心技术</h2><p>Unreal Engine实时渲染引擎驱动LED幕墙显示，摄像机追踪系统将虚拟场景与真实摄像机运动同步。这套系统被称为ICVFX。</p><h2>行业影响</h2><p>虚拟制片正在改变影视行业的成本结构和人才需求。外景拍摄减少降低了差旅成本，但增加了虚拟美术和实时渲染工程师的需求。</p>', 'https://trae-api-cn.mchost.guru/api/ide/v1/text_to_image?prompt=virtual%20production%20LED%20wall%20filmmaking%2C%20ICVFX%20stage%2C%20cinematography%2C%20dark%20blue%20and%20warm%20light&image_size=landscape_16_9', 2, 0, 0, 1890, 112, 20, 45, 523.4, '2026-02-12 10:00:00', '2026-02-12 00:00:00', '2026-02-12 10:00:00'),
(289, 10, 124, 'AI影视制作：从剧本生成到智能剪辑', 'AI正在渗透影视制作的每个环节。本文梳理AI在剧本创作、视觉特效和智能剪辑中的应用。', '<h2>AI辅助剧本创作</h2><p>大语言模型可以辅助剧本创作——生成故事大纲、丰富角色设定、提供对话参考。但真正打动人心的故事仍需要人类创作者的情感和洞察。</p><h2>AI视觉特效</h2><p>神经辐射场和3D高斯溅射技术可以从2D图像重建3D场景，大幅降低特效制作成本。AI风格迁移让实拍画面一键转换为动画风格。</p><h2>声音合成与克隆</h2><p>AI语音合成技术已能生成高度逼真的人声，用于配音、旁白和角色声音修复。但声音克隆也带来了版权和伦理问题。</p>', 'https://trae-api-cn.mchost.guru/api/ide/v1/text_to_image?prompt=AI%20film%20production%2C%20artificial%20intelligence%20in%20cinema%2C%20digital%20filmmaking%2C%20purple%20and%20blue&image_size=landscape_16_9', 2, 0, 1, 2345, 145, 26, 56, 645.3, '2026-04-05 10:00:00', '2026-04-05 00:00:00', '2026-04-05 10:00:00'),
(290, 15, 134, 'AI音乐创作：当算法开始谱曲', 'AI音乐生成技术正在模糊人与机器的创作边界。本文分析AI音乐的技术原理和版权争议。', '<h2>AI音乐的技术演进</h2><p>Suno、Udio等平台已能根据文本描述生成完整的歌曲，包括旋律、和声、节奏和人声。生成质量已接近业余创作者水平。</p><h2>版权争议</h2><p>AI音乐生成的训练数据来自人类创作的音乐作品，这是否构成侵权？美国版权局裁定AI生成的作品不受版权保护，但人类参与创作的部分可以。</p><h2>音乐人的应对</h2><p>技术可以生成音乐，但无法替代音乐背后的情感、故事和文化。用AI提升效率，用人类情感赋予音乐灵魂，是音乐人的生存之道。</p>', 'https://trae-api-cn.mchost.guru/api/ide/v1/text_to_image?prompt=AI%20music%20creation%2C%20digital%20music%20composition%2C%20algorithmic%20music%2C%20purple%20and%20pink%20neon&image_size=landscape_16_9', 2, 0, 0, 1678, 98, 18, 38, 456.7, '2026-01-30 10:00:00', '2026-01-30 00:00:00', '2026-01-30 10:00:00'),
(291, 15, 134, '电子音乐制作入门：从合成器到数字音频工作站', '电子音乐制作门槛越来越低，一部电脑就能开始创作。本文为零基础读者提供入门指南。', '<h2>硬件与软件</h2><p>一部电脑、一副监听耳机、一个MIDI键盘，这就是电子音乐制作的最低配置。Ableton Live适合电子音乐，Logic Pro适合Mac用户，FL Studio适合初学者。</p><h2>合成器基础</h2><p>减法合成器通过滤波器削减谐波来塑造音色，FM合成器通过频率调制创造复杂音色，波表合成器通过切换波形实现动态变化。</p><h2>混音与母带</h2><p>混音是让各个音轨和谐共处的过程——EQ调整频率平衡，压缩控制动态范围，混响营造空间感。母带处理是最后的润色。</p>', 'https://trae-api-cn.mchost.guru/api/ide/v1/text_to_image?prompt=electronic%20music%20production%2C%20synthesizer%20and%20DAW%20studio%2C%20music%20making%2C%20dark%20purple%20and%20neon%20blue&image_size=landscape_16_9', 2, 0, 0, 1234, 76, 14, 28, 334.5, '2026-03-28 10:00:00', '2026-03-28 00:00:00', '2026-03-28 10:00:00'),
(292, 7, 137, '计算摄影：手机如何拍出单反级照片', '计算摄影正在模糊手机与专业相机的界限。本文解析多帧合成、AI降噪等核心技术。', '<h2>计算摄影的崛起</h2><p>手机摄像头受限于体积，单个镜头的成像质量远不如单反。但计算摄影通过算法弥补了硬件的不足——多帧合成扩展动态范围，AI降噪提升暗光表现。</p><h2>多帧合成</h2><p>按下快门的瞬间，手机实际拍摄了多张不同曝光的照片。HDR算法将这些照片合成为一张高动态范围图像，亮部不过曝、暗部不死黑。</p><h2>语义分割与局部优化</h2><p>AI语义分割模型能识别照片中的人脸、天空、建筑等区域，对每个区域应用不同的优化策略。</p>', 'https://trae-api-cn.mchost.guru/api/ide/v1/text_to_image?prompt=computational%20photography%2C%20smartphone%20camera%20technology%2C%20AI%20enhanced%20photo%2C%20warm%20and%20cool%20tones&image_size=landscape_16_9', 2, 0, 1, 2890, 178, 32, 68, 789.6, '2026-04-28 10:00:00', '2026-04-28 00:00:00', '2026-04-28 10:00:00'),
(293, 7, 137, 'AI修图与生成式填充：摄影后期的革命', 'AI正在彻底改变摄影后期的工作流。本文分析AI修图工具的能力和对摄影行业的影响。', '<h2>从手动到AI</h2><p>传统修图需要掌握Photoshop的各种工具和技巧，学习曲线陡峭。AI修图工具将复杂的操作简化为一键操作——智能选择、一键换天、自动调色。</p><h2>生成式填充</h2><p>Adobe Firefly的生成式填充是最具革命性的功能——选中区域后输入文字描述，AI自动生成匹配的内容。移除不需要的物体、扩展画面边界都变得轻而易举。</p><h2>真实性的边界</h2><p>AI修图工具的强大也带来了真实性的隐忧。新闻摄影和纪实摄影需要严格的后期规范，行业正在建立AI修图的伦理准则和标注规范。</p>', 'https://trae-api-cn.mchost.guru/api/ide/v1/text_to_image?prompt=AI%20photo%20editing%2C%20generative%20fill%20in%20photography%2C%20digital%20retouching%2C%20blue%20and%20warm%20gold&image_size=landscape_16_9', 2, 0, 0, 1890, 112, 20, 45, 523.4, '2026-06-10 10:00:00', '2026-06-10 00:00:00', '2026-06-10 10:00:00'),
(294, 6, 152, '具身认知：身体如何塑造我们的思维', '认知不仅仅发生在大脑中，身体也在积极参与认知过程。本文介绍具身认知理论的核心观点。', '<h2>超越"大脑中心论"</h2><p>传统认知科学将大脑视为计算机。具身认知理论对此提出挑战：认知不是"离身的"，而是深深植根于身体与环境的互动之中。</p><h2>经典实验证据</h2><p>拿着热杯子的人更倾向于评价他人为"温暖的"；点头的人更容易接受说服性信息。这些实验表明，身体状态和动作直接影响认知判断。</p><h2>对人工智能的启示</h2><p>纯语言训练的大模型缺乏物理世界的经验，可能永远无法真正理解"重""冷""痛"等概念。具身AI可能是通向通用人工智能的必要路径。</p>', 'https://trae-api-cn.mchost.guru/api/ide/v1/text_to_image?prompt=embodied%20cognition%2C%20body%20and%20mind%20connection%2C%20cognitive%20science%2C%20warm%20and%20cool%20abstract&image_size=landscape_16_9', 2, 0, 1, 2123, 134, 24, 52, 589.7, '2026-02-08 10:00:00', '2026-02-08 00:00:00', '2026-02-08 10:00:00'),
(295, 6, 152, '注意力经济时代：如何夺回你的专注力', '我们的注意力正在被算法和通知不断切割。本文从认知科学角度分析注意力机制，提供实用策略。', '<h2>注意力的认知机制</h2><p>注意力包含警觉、定向和执行控制三个网络。短视频和社交媒体持续刺激警觉网络，削弱执行控制能力。</p><h2>多任务处理的迷思</h2><p>所谓的"多任务处理"实际上是快速切换注意力。每次切换都有认知成本，频繁切换导致"注意力残留"，降低整体认知效率40%。</p><h2>夺回专注力的策略</h2><p>数字极简：关闭非必要通知。环境设计：创造无干扰的工作空间。注意力训练：正念冥想能增强执行控制网络。节奏管理：利用超日节律安排深度工作。</p>', 'https://trae-api-cn.mchost.guru/api/ide/v1/text_to_image?prompt=attention%20economy%20and%20focus%2C%20mindful%20concentration%2C%20cognitive%20science%2C%20calm%20blue%20and%20warm%20light&image_size=landscape_16_9', 2, 0, 0, 2567, 156, 28, 62, 712.4, '2026-05-02 10:00:00', '2026-05-02 00:00:00', '2026-05-02 10:00:00'),
(296, 8, 36, '智慧种植：数字化技术如何提升粮食产量', '数字化技术正在深入种植业的每个环节。本文介绍精准播种、智能监测和产量优化技术。', '<h2>精准播种</h2><p>基于土壤养分分布图和产量历史数据，变量播种机根据地块条件自动调节播种深度和密度，整体产量提升5%-8%。</p><h2>智能监测系统</h2><p>田间物联网传感器网络实时监测土壤温湿度、光照强度等参数。卫星遥感配合AI算法自动识别作物长势异常区域。</p><h2>产量优化</h2><p>作物生长模型结合实时环境数据，为农户推荐最优的灌溉、施肥和植保方案，实现产量和品质的双重优化。</p>', 'https://trae-api-cn.mchost.guru/api/ide/v1/text_to_image?prompt=smart%20crop%20farming%2C%20digital%20agriculture%20technology%2C%20precision%20planting%2C%20green%20and%20gold%20fields&image_size=landscape_16_9', 2, 0, 0, 1234, 76, 14, 28, 334.5, '2026-01-08 10:00:00', '2026-01-08 00:00:00', '2026-01-08 10:00:00'),
(297, 8, 37, '现代畜牧业转型：从散养到智慧牧场', '畜牧业正在经历规模化、智能化的深刻转型。本文分析智慧牧场的技术应用。', '<h2>规模化与智能化并行</h2><p>中国畜牧业正在从散养为主转向规模化养殖。规模化是智能化的前提——只有达到一定规模，智能化设备的投资才能收回成本。</p><h2>智能环控系统</h2><p>温湿度、氨气浓度、通风量……智能环控系统根据动物生长阶段和外界气候自动调节圈舍环境，降低料肉比3%-5%。</p><h2>疫病预警</h2><p>AI视频分析监测动物的采食量、活动量和体温变化，在出现临床症状前48小时即可识别异常个体，实现疫病早期预警。</p>', 'https://trae-api-cn.mchost.guru/api/ide/v1/text_to_image?prompt=modern%20livestock%20farming%2C%20smart%20animal%20husbandry%2C%20intelligent%20farm%2C%20green%20and%20white&image_size=landscape_16_9', 2, 0, 0, 987, 65, 12, 23, 267.8, '2026-02-15 10:00:00', '2026-02-15 00:00:00', '2026-02-15 10:00:00'),
(298, 8, 38, '深远海养殖：蓝色粮仓的新疆域', '近海养殖空间日趋饱和，深远海养殖成为渔业发展的新方向。', '<h2>从近海到深远海</h2><p>中国近海养殖面积已接近饱和，且近海水域污染问题日益突出。深远海水深流大、水质清洁、病害少，是发展高品质养殖的理想场所。</p><h2>大型养殖装备</h2><p>深水网箱、养殖工船、桁架类网箱是三种主要深远海养殖装备。"国信1号"养殖工船年产3700吨高品质大黄鱼，开创了"船载舱养"新模式。</p><h2>智能化管理</h2><p>水下机器人监测鱼群健康和网箱状况，AI算法分析鱼类行为和生长数据，自动投喂系统根据鱼群摄食状态调节投喂量。</p>', 'https://trae-api-cn.mchost.guru/api/ide/v1/text_to_image?prompt=deep%20sea%20aquaculture%2C%20offshore%20fish%20farming%2C%20blue%20ocean%20and%20nets%2C%20blue%20and%20green&image_size=landscape_16_9', 2, 0, 0, 1123, 72, 13, 25, 298.6, '2026-03-22 10:00:00', '2026-03-22 00:00:00', '2026-03-22 10:00:00'),
(299, 8, 39, '碳汇林业：森林如何成为应对气候变化的利器', '森林是陆地最大的碳库。本文介绍碳汇林业的概念、计量方法和交易机制。', '<h2>森林的碳汇功能</h2><p>全球森林每年吸收约26亿吨二氧化碳，是陆地生态系统中最大的碳库。保护和增加森林面积，是最经济有效的碳汇手段。</p><h2>碳汇计量方法</h2><p>碳汇计量是碳交易的基础。通过样地调查、遥感反演和模型模拟三种方法，估算林分生物量和碳储量。</p><h2>碳汇交易</h2><p>CCER林业碳汇项目允许森林所有者将碳汇量在碳市场出售。造林碳汇、竹林碳汇、森林经营碳汇是三种主要项目类型。</p>', 'https://trae-api-cn.mchost.guru/api/ide/v1/text_to_image?prompt=carbon%20sink%20forestry%2C%20lush%20green%20forest%20carbon%20capture%2C%20climate%20change%20solution%2C%20green%20and%20blue&image_size=landscape_16_9', 2, 0, 0, 1456, 89, 16, 34, 398.7, '2026-04-15 10:00:00', '2026-04-15 00:00:00', '2026-04-15 10:00:00'),
(300, 8, 41, '土壤健康：被忽视的农业根基', '土壤是农业的根基，但全球三分之一的土壤正在退化。本文介绍土壤退化原因和修复策略。', '<h2>土壤退化的严峻现实</h2><p>过度耕作、化肥滥用、有机质流失……全球每年有240亿吨表土流失。中国耕地土壤有机质含量普遍偏低，中低产田占比超过70%。</p><h2>退化原因分析</h2><p>长期单一种植消耗特定养分，化肥替代有机肥导致微生物群落萎缩，重型机械压实破坏土壤结构，农药残留伤害土壤生物。</p><h2>修复策略</h2><p>保护性耕作减少土壤扰动，秸秆还田增加有机质输入，轮作间作恢复土壤生物多样性，生物炭改良土壤结构和保水能力。</p>', 'https://trae-api-cn.mchost.guru/api/ide/v1/text_to_image?prompt=soil%20health%20and%20agriculture%2C%20rich%20dark%20soil%20with%20roots%2C%20sustainable%20farming%2C%20brown%20and%20green&image_size=landscape_16_9', 2, 0, 0, 876, 56, 10, 20, 234.5, '2026-05-20 10:00:00', '2026-05-20 00:00:00', '2026-05-20 10:00:00'),
(301, 8, 42, '石油天然气行业的低碳转型之路', '全球能源转型大潮下，油气行业如何实现低碳发展？本文分析油气行业的转型策略。', '<h2>转型的紧迫性</h2><p>国际能源署预测，在净零排放情景下，2030年全球石油需求将比2022年下降25%。油气企业必须主动转型。</p><h2>甲烷减排</h2><p>甲烷的温室效应是二氧化碳的80倍（20年尺度）。红外光学气体成像检测、LDAR技术、火炬气回收利用，是甲烷减排的三大措施。</p><h2>向综合能源转型</h2><p>越来越多的油气企业向综合能源公司转型——布局可再生能源、氢能、充电桩、碳交易等新业务。</p>', 'https://trae-api-cn.mchost.guru/api/ide/v1/text_to_image?prompt=oil%20gas%20low%20carbon%20transition%2C%20energy%20transformation%2C%20industrial%20landscape%2C%20blue%20and%20green&image_size=landscape_16_9', 2, 0, 0, 1567, 94, 17, 36, 423.5, '2026-01-22 10:00:00', '2026-01-22 00:00:00', '2026-01-22 10:00:00'),
(302, 8, 46, '新型储能技术路线：锂电、钠电与液流电池的竞合', '储能是新能源大规模并网的关键。本文对比分析三条技术路线的优劣势。', '<h2>锂离子电池：当前主流</h2><p>磷酸铁锂电池占据了新型储能市场90%以上的份额。但锂资源分布不均、价格波动大，且锂电池存在热失控风险。</p><h2>钠离子电池：成本优势</h2><p>钠资源储量丰富、价格低廉，钠离子电池的原料成本比锂电池低30%以上。2026年，多个钠离子电池储能项目已投入商业运营。</p><h2>液流电池：长时储能</h2><p>全钒液流电池循环寿命超过20000次，安全性极高，是长时储能的理想选择。但初始投资成本高，限制了其大规模推广。</p>', 'https://trae-api-cn.mchost.guru/api/ide/v1/text_to_image?prompt=energy%20storage%20technology%2C%20battery%20systems%20for%20grid%2C%20sodium%20and%20flow%20batteries%2C%20blue%20and%20green&image_size=landscape_16_9', 2, 0, 1, 2345, 145, 26, 56, 645.3, '2026-03-10 10:00:00', '2026-03-10 00:00:00', '2026-03-10 10:00:00'),
(303, 4, 47, '热力学前沿：从卡诺循环到量子热机', '热力学是理解能量转化的基础学科。本文介绍经典热力学的现代应用和量子热力学前沿。', '<h2>热力学的永恒价值</h2><p>从蒸汽机到核电站，从冰箱到芯片散热，热力学定律是所有能量转化过程的根本约束。卡诺定理至今仍是能源效率的天花板。</p><h2>量子热力学</h2><p>当系统缩小到量子尺度，量子相干性和量子纠缠可以影响热力学过程，量子热机可能突破经典卡诺效率——但这并不违反热力学第二定律。</p><h2>非平衡态热力学</h2><p>普利高津的耗散结构理论揭示，远离平衡态的开放系统可以自发产生有序结构——从贝纳德对流到生命本身。</p>', 'https://trae-api-cn.mchost.guru/api/ide/v1/text_to_image?prompt=thermodynamics%20frontier%2C%20quantum%20heat%20engine%2C%20energy%20transformation%2C%20red%20and%20blue%20gradient&image_size=landscape_16_9', 2, 0, 0, 987, 67, 12, 25, 278.9, '2026-04-02 10:00:00', '2026-04-02 00:00:00', '2026-04-02 10:00:00'),
(304, 7, 48, '智慧水务：数字化技术助力水资源精细管理', '水资源短缺是全球性挑战。本文介绍智慧水务系统如何实现水资源的精细化管理。', '<h2>水资源管理的新挑战</h2><p>全球有20亿人面临水资源短缺。传统的水资源管理方式已难以应对，数字化技术提供了新的解决方案。</p><h2>智慧水务平台</h2><p>智慧水务平台整合了水源地监测、管网监控、水厂运行、用户计量等全链条数据。数字孪生技术为供水系统创建虚拟镜像。</p><h2>漏损控制</h2><p>中国城市供水管网漏损率平均约14%。声学传感器和AI算法能精确定位漏点，分区计量管理缩小排查范围。</p>', 'https://trae-api-cn.mchost.guru/api/ide/v1/text_to_image?prompt=smart%20water%20management%2C%20digital%20water%20network%2C%20water%20resource%20monitoring%2C%20blue%20and%20teal&image_size=landscape_16_9', 2, 0, 0, 1123, 72, 13, 25, 298.6, '2026-02-20 10:00:00', '2026-02-20 00:00:00', '2026-02-20 10:00:00'),
(305, 7, 49, '污水处理新技术：从末端治理到资源回收', '污水处理正在从"去除污染物"转向"资源回收"。本文介绍新技术和新趋势。', '<h2>污水处理理念的转变</h2><p>传统污水处理以去除污染物为目标，消耗大量能源。新理念将污水视为资源——水、碳、氮、磷都可以回收利用。</p><h2>厌氧消化与能源回收</h2><p>污泥厌氧消化产生沼气，可用于发电或提纯为生物天然气。先进的厌氧消化技术能让污水处理厂实现能源自给。</p><h2>磷回收</h2><p>磷是不可再生的战略资源，全球磷矿储量仅够使用50-100年。通过化学沉淀或离子交换技术回收磷，既减少水体富营养化，又实现资源循环。</p>', 'https://trae-api-cn.mchost.guru/api/ide/v1/text_to_image?prompt=wastewater%20treatment%20technology%2C%20water%20recycling%20plant%2C%20clean%20water%20process%2C%20blue%20and%20green&image_size=landscape_16_9', 2, 0, 0, 876, 56, 10, 20, 234.5, '2026-05-25 10:00:00', '2026-05-25 00:00:00', '2026-05-25 10:00:00'),
(306, 4, 50, '极端天气频发：气象科学如何应对气候危机', '极端天气事件越来越频繁和剧烈。本文介绍气象科学的最新进展和预警体系。', '<h2>极端天气的新常态</h2><p>2025年是有记录以来最热的一年，极端高温、暴雨、干旱和风暴事件的频率和强度都在增加。</p><h2>AI天气预报</h2><p>AI天气预报模型在部分指标上已超越传统数值模式，将计算时间从小时级缩短到秒级。但预警到响应之间仍有"最后一公里"的差距。</p><h2>气候适应策略</h2><p>城市排水系统升级、耐旱作物品种选育、海绵城市建设、气候风险评估纳入城市规划——适应策略需要系统性和前瞻性。</p>', 'https://trae-api-cn.mchost.guru/api/ide/v1/text_to_image?prompt=extreme%20weather%20forecasting%2C%20meteorological%20science%2C%20storm%20and%20climate%2C%20dramatic%20sky%20blue%20and%20orange&image_size=landscape_16_9', 2, 0, 0, 1678, 98, 18, 38, 456.7, '2026-06-15 10:00:00', '2026-06-15 00:00:00', '2026-06-15 10:00:00'),
(307, 4, 51, '深海探索：海洋学的最后疆域', '人类对深海的了解还不如月球表面。本文介绍深海探测技术和最新发现。', '<h2>深海的未知世界</h2><p>海洋覆盖地球71%的面积，但超过80%的海底从未被测绘。深海是地球上最大的生物栖息地。</p><h2>深海探测技术</h2><p>载人深潜器"奋斗者"号可下潜至10909米。AUV和ROV是深海探测的主力装备。多波束声呐实现海底高精度地形测绘。</p><h2>深海生态系统</h2><p>深海热液口周围生存着不依赖阳光的化能自养生物群落，颠覆了"一切生命都依赖阳光"的传统认知。</p>', 'https://trae-api-cn.mchost.guru/api/ide/v1/text_to_image?prompt=deep%20sea%20exploration%2C%20oceanography%20submarine%2C%20underwater%20discovery%2C%20dark%20blue%20and%20teal&image_size=landscape_16_9', 2, 0, 0, 1345, 82, 15, 30, 367.8, '2026-01-05 10:00:00', '2026-01-05 00:00:00', '2026-01-05 10:00:00'),
(308, 4, 52, '地质勘探新技术：AI与地球物理的深度融合', '找矿从"经验驱动"转向"数据驱动"。本文介绍AI在地质勘探中的应用。', '<h2>找矿的新范式</h2><p>浅部易识别矿床日益稀少。AI技术通过融合地质、地球物理、地球化学和遥感等多源数据，建立综合找矿预测模型。</p><h2>地球物理数据AI解读</h2><p>深度学习模型能从复杂信号中识别矿体异常，自动圈定靶区。相比传统人工解释，AI处理速度提升百倍。</p><h2>三维地质建模</h2><p>基于多源数据的三维地质建模，让地质学家能够在虚拟空间中"透视"地下结构。AI辅助建模能自动推断地质界面和断裂构造。</p>', 'https://trae-api-cn.mchost.guru/api/ide/v1/text_to_image?prompt=geological%20exploration%20technology%2C%20AI%20mineral%20discovery%2C%20earth%20science%2C%20brown%20and%20blue&image_size=landscape_16_9', 2, 0, 0, 987, 65, 12, 23, 267.8, '2026-02-28 10:00:00', '2026-02-28 00:00:00', '2026-02-28 10:00:00'),
(309, 4, 53, '智能采矿：5G与AI重塑矿业生产', '采矿行业正在经历数字化和智能化的深刻变革。本文介绍5G智慧矿山和无人驾驶矿卡。', '<h2>智慧矿山的架构</h2><p>5G网络覆盖矿区，为无人设备提供低延迟通信保障。数字孪生平台为矿山生产提供全局可视化和优化决策支持。</p><h2>无人驾驶矿卡</h2><p>百吨级无人驾驶矿卡已在多个大型露天矿投入运营。激光雷达、毫米波雷达和摄像头融合感知，运输效率提升20%以上。</p><h2>安全与效率</h2><p>智能采矿最大的价值是安全——将人员从危险环境中解放出来。井下无人凿岩、无人支护、无人运输，让矿工从"地下工作者"变为"地面操控者"。</p>', 'https://trae-api-cn.mchost.guru/api/ide/v1/text_to_image?prompt=smart%20mining%20technology%2C%205G%20intelligent%20mine%2C%20autonomous%20mining%20truck%2C%20orange%20and%20blue&image_size=landscape_16_9', 2, 0, 0, 1123, 72, 13, 25, 298.6, '2026-04-08 10:00:00', '2026-04-08 00:00:00', '2026-04-08 10:00:00'),
(310, 10, 54, 'TOD模式：以公共交通为导向的城市开发', 'TOD模式正在成为中国城市开发的主流范式。本文分析TOD的规划理念和实践案例。', '<h2>什么是TOD</h2><p>TOD是以公共交通为导向的城市开发模式。核心原则是：在地铁站等交通枢纽周边400-800米范围内，集中布局商业、办公、居住等功能。</p><h2>中国TOD实践</h2><p>万科天空之城、龙湖光年、华润城等TOD项目已成为行业标杆。这些项目将地铁站、商业体、住宅和办公空间有机整合。</p><h2>未来趋势</h2><p>TOD正在从单站开发走向片区统筹，从交通导向走向生态导向。站城融合、产城融合、生态融合，是TOD发展的新方向。</p>', 'https://trae-api-cn.mchost.guru/api/ide/v1/text_to_image?prompt=TOD%20transit%20oriented%20development%2C%20urban%20planning%20around%20metro%2C%20modern%20city%20design%2C%20blue%20and%20green&image_size=landscape_16_9', 2, 0, 0, 1567, 94, 17, 36, 423.5, '2026-03-15 10:00:00', '2026-03-15 00:00:00', '2026-03-15 10:00:00'),
(311, 10, 55, '参数化设计：算法如何重塑建筑形态', '参数化设计正在改变建筑师的创作方式。本文介绍参数化设计的工具和代表性作品。', '<h2>从手绘到算法</h2><p>传统建筑设计依赖建筑师的手绘和直觉。参数化设计引入算法思维——通过定义参数和规则，让计算机生成和优化建筑形态。</p><h2>性能驱动设计</h2><p>参数化设计不仅是形态生成工具，更是性能优化工具。通过将日照、风环境、能耗等性能指标作为参数输入优化算法，自动寻找性能最优的建筑形态。</p><h2>数字化建造</h2><p>CNC数控加工、3D打印模板、机器人砌砖等技术，让复杂的参数化设计从屏幕走向现实。</p>', 'https://trae-api-cn.mchost.guru/api/ide/v1/text_to_image?prompt=parametric%20architecture%20design%2C%20algorithmic%20building%20form%2C%20modern%20architecture%2C%20white%20and%20blue&image_size=landscape_16_9', 2, 0, 0, 1345, 82, 15, 30, 367.8, '2026-05-10 10:00:00', '2026-05-10 00:00:00', '2026-05-10 10:00:00'),
(312, 10, 56, '超高层建筑结构创新：突破天际线的工程智慧', '超高层建筑是结构工程的巅峰挑战。本文介绍超高层建筑的结构体系和抗风抗震设计。', '<h2>结构体系的演进</h2><p>从框架结构到框架-核心筒，从筒中筒到束筒，超高层建筑的结构体系不断演进。上海中心大厦采用的"巨型框架+核心筒+伸臂桁架"体系是当前600米级超高层的标准方案。</p><h2>抗风设计</h2><p>风荷载是超高层设计的控制因素。空气动力学优化——如锥形收进、开洞、螺旋扭转——能有效减小风压。调谐质量阻尼器用于控制风振加速度。</p><h2>建造技术</h2><p>爬模体系、顶升平台、自升式塔吊……超高层建造技术不断创新。模块化施工和BIM技术的应用，大幅提升了施工效率。</p>', 'https://trae-api-cn.mchost.guru/api/ide/v1/text_to_image?prompt=super%20tall%20building%20structure%2C%20skyscraper%20engineering%2C%20structural%20design%2C%20silver%20and%20blue%20sky&image_size=landscape_16_9', 2, 0, 0, 1123, 72, 13, 25, 298.6, '2026-01-15 10:00:00', '2026-01-15 00:00:00', '2026-01-15 10:00:00'),
(313, 10, 57, '大跨度桥梁技术：跨越天堑的中国智慧', '中国桥梁建设水平已位居世界前列。本文介绍大跨度桥梁的设计创新和建造技术。', '<h2>桥梁大国的崛起</h2><p>中国已建桥梁超过100万座。世界跨径前十的悬索桥、斜拉桥和拱桥中，中国各占半数以上。</p><h2>悬索桥技术</h2><p>悬索桥是跨越能力最大的桥型。主缆架设是关键工序，预制平行钢丝索股法已成为主流。抗风稳定性是设计重点。</p><h2>智能建造</h2><p>BIM技术贯穿桥梁设计施工全流程，数字孪生实现桥梁健康状态的实时监测。3D打印桥墩、机器人焊接、无人机巡检，智能建造技术正在改变桥梁工程。</p>', 'https://trae-api-cn.mchost.guru/api/ide/v1/text_to_image?prompt=long%20span%20bridge%20engineering%2C%20cable%20stayed%20bridge%2C%20modern%20infrastructure%2C%20blue%20sky%20and%20steel&image_size=landscape_16_9', 2, 0, 0, 1456, 89, 16, 34, 398.7, '2026-03-02 10:00:00', '2026-03-02 00:00:00', '2026-03-02 10:00:00'),
(314, 9, 58, '房地产数字化转型：从开发到运营的商业模式重构', '房地产行业正在从增量开发转向存量运营。本文分析数字化转型的方向和路径。', '<h2>行业拐点</h2><p>中国房地产市场已从增量时代进入存量时代。"高周转、高杠杆、高负债"的开发模式难以为继，精细化运营和数字化转型成为行业共识。</p><h2>智慧社区</h2><p>物联网设备覆盖安防、停车、电梯、能耗等场景，AI物业助手24小时响应业主需求。智慧社区不仅提升居住体验，也为物业运营降本增效。</p><h2>资产证券化</h2><p>公募REITs为商业地产提供了退出通道，推动行业从"开发-销售"向"投资-运营-退出"的资管模式转型。</p>', 'https://trae-api-cn.mchost.guru/api/ide/v1/text_to_image?prompt=real%20estate%20digital%20transformation%2C%20smart%20property%20management%2C%20proptech%2C%20blue%20and%20gold&image_size=landscape_16_9', 2, 0, 0, 1678, 98, 18, 38, 456.7, '2026-04-20 10:00:00', '2026-04-20 00:00:00', '2026-04-20 10:00:00'),
(315, 10, 59, '2026年室内设计趋势：自然主义与数字美学的融合', '室内设计正在经历自然主义与数字美学的碰撞与融合。本文盘点2026年最值得关注的趋势。', '<h2>自然主义的回归</h2><p>后疫情时代，人们对自然的渴望前所未有。天然材料、植物元素、自然光线的最大化引入，让室内空间成为都市人的"自然避难所"。</p><h2>数字美学的兴起</h2><p>参数化设计家具、3D打印灯具、AI生成的装饰图案……数字技术正在创造全新的美学语言。</p><h2>可持续设计</h2><p>环保材料、节能设备、可拆装设计——可持续不再是一种选择，而是设计的基本要求。二手家具翻新、本地材料采购正在成为行业新标准。</p>', 'https://trae-api-cn.mchost.guru/api/ide/v1/text_to_image?prompt=interior%20design%20trends%202026%2C%20natural%20and%20digital%20aesthetic%2C%20modern%20living%20space%2C%20warm%20and%20cool%20tones&image_size=landscape_16_9', 2, 0, 1, 1890, 112, 20, 45, 523.4, '2026-06-08 10:00:00', '2026-06-08 00:00:00', '2026-06-08 10:00:00'),
(316, 3, 60, '数字孪生在机械工程中的应用', '数字孪生正在从概念走向工程实践。本文介绍数字孪生在机械设计、制造和运维中的应用。', '<h2>数字孪生的工程价值</h2><p>数字孪生不仅是3D模型，更是物理设备的动态虚拟映射。通过实时数据驱动，实现从"定期维护"到"预测性维护"的转变。</p><h2>设计阶段</h2><p>将CAD模型与多物理场仿真结合，在虚拟环境中验证设计方案，减少物理试制次数，缩短开发周期30%以上。</p><h2>运维阶段</h2><p>通过传感器数据驱动数字孪生模型，实时评估设备健康状态，预测剩余使用寿命，将非计划停机减少50%以上。</p>', 'https://trae-api-cn.mchost.guru/api/ide/v1/text_to_image?prompt=digital%20twin%20mechanical%20engineering%2C%20virtual%20machine%20model%2C%20industrial%20simulation%2C%20blue%20and%20orange&image_size=landscape_16_9', 2, 0, 0, 1345, 82, 15, 30, 367.8, '2026-02-05 10:00:00', '2026-02-05 00:00:00', '2026-02-05 10:00:00'),
(317, 3, 61, '新能源汽车技术路线：纯电、插混与氢能的竞合', '新能源汽车市场呈现多元化技术路线并存的格局。本文对比分析各技术路线的优劣。', '<h2>纯电动：主流之选</h2><p>2026年中国新能源汽车渗透率已超过50%。电池能量密度突破300Wh/kg，800V高压平台和5C快充让充电10分钟续航400公里成为现实。</p><h2>插电混动：长期选择</h2><p>插电混动车型凭借"可油可电"的灵活性，在下沉市场快速渗透。比亚迪DM-i热效率超过44%，亏电油耗低于4L/100km。</p><h2>智能化：新的竞争维度</h2><p>电动化是上半场，智能化是下半场。智能座舱、自动驾驶、车路协同正在成为新能源汽车的核心竞争力。</p>', 'https://trae-api-cn.mchost.guru/api/ide/v1/text_to_image?prompt=new%20energy%20vehicle%20technology%2C%20electric%20car%20charging%2C%20hydrogen%20fuel%20cell%2C%20green%20and%20blue&image_size=landscape_16_9', 2, 0, 1, 3234, 189, 34, 72, 878.9, '2026-04-25 10:00:00', '2026-04-25 00:00:00', '2026-04-25 10:00:00'),
(318, 3, 62, '商用飞机国产化：C919之后的挑战与机遇', 'C919成功商业运营，开启了中国商用飞机的新纪元。本文分析产业的技术挑战和未来方向。', '<h2>C919的意义</h2><p>C919是中国首款按照国际通行适航标准自行研制的喷气式干线客机。2023年投入商业运营以来，已交付超过100架，运营表现稳定。</p><h2>供应链挑战</h2><p>C919的发动机、航电系统等核心部件仍依赖进口。国产长江1000A发动机正在加速验证，国产航电和飞控系统也在推进中。</p><h2>宽体客机C929</h2><p>C929是正在研制的宽体远程客机，对标波音787和空客A350。复合材料用量超过50%，对设计、制造和供应链提出更高要求。</p>', 'https://trae-api-cn.mchost.guru/api/ide/v1/text_to_image?prompt=commercial%20aircraft%20manufacturing%2C%20C919%20airplane%2C%20aviation%20industry%2C%20white%20and%20blue%20sky&image_size=landscape_16_9', 2, 0, 0, 2345, 145, 26, 56, 645.3, '2026-05-30 10:00:00', '2026-05-30 00:00:00', '2026-05-30 10:00:00'),
(319, 3, 63, '绿色船舶：航运业的低碳转型', '国际航运业面临严格的减排要求。本文介绍LNG动力船、甲醇和氨燃料船等绿色技术。', '<h2>航运减排的压力</h2><p>国际海事组织要求2050年航运业温室气体排放比2008年减少50%。欧盟已将航运纳入碳排放交易体系。</p><h2>甲醇和氨燃料</h2><p>绿色甲醇和绿色氨是零碳燃料的候选方案。马士基已订造18艘甲醇动力集装箱船，全球首艘氨燃料动力船也在建造中。</p><h2>风帆辅助推进</h2><p>旋筒风帆、硬帆和风筝帆等风力辅助推进技术，可节省10%-30%的燃料消耗。这种古老动力源的现代化回归，是航运减排的有趣方向。</p>', 'https://trae-api-cn.mchost.guru/api/ide/v1/text_to_image?prompt=green%20ship%20technology%2C%20sustainable%20maritime%2C%20clean%20shipping%2C%20blue%20and%20green%20ocean&image_size=landscape_16_9', 2, 0, 0, 987, 65, 12, 23, 267.8, '2026-01-20 10:00:00', '2026-01-20 00:00:00', '2026-01-20 10:00:00'),
(320, 3, 64, '精密仪器国产化：测量之尺必须掌握在自己手中', '精密仪器是科学研究和工业生产的基础。本文分析精密仪器的技术壁垒和国产化进展。', '<h2>精密仪器的战略地位</h2><p>科学仪器是科研的"眼睛"和"尺子"。全球科学仪器市场被美国、日本、德国企业主导，国产化率不足20%。</p><h2>国产化进展</h2><p>国产质谱仪在环境监测和食品安全领域已实现替代，国产光谱仪在中端市场逐步渗透。高端电子显微镜和高端质谱仪仍是难点。</p><h2>突破路径</h2><p>从用户需求出发、与科研机构协同创新、建立应用验证体系。精密仪器国产化需要"产学研用"深度协同，是一场持久战。</p>', 'https://trae-api-cn.mchost.guru/api/ide/v1/text_to_image?prompt=precision%20instruments%2C%20scientific%20measurement%20equipment%2C%20laboratory%20devices%2C%20blue%20and%20silver&image_size=landscape_16_9', 2, 0, 0, 876, 56, 10, 20, 234.5, '2026-03-28 10:00:00', '2026-03-28 00:00:00', '2026-03-28 10:00:00'),
(321, 4, 66, '生物基高分子材料：从石油基到生物基的材料革命', '生物基材料正在替代传统石油基高分子。本文介绍PLA、PHA等生物基高分子的技术进展。', '<h2>为什么需要生物基材料</h2><p>传统塑料来自石油，难以降解，造成严重的白色污染。生物基高分子以可再生生物质为原料，部分品种可生物降解。</p><h2>PLA：最成熟的生物基塑料</h2><p>聚乳酸是目前产量最大的生物基塑料，以玉米淀粉为原料。已广泛用于食品包装、3D打印和医疗器械。但耐热性差、韧性不足限制了其应用范围。</p><h2>未来方向</h2><p>第二代生物基材料将利用非粮生物质和CO2为原料，避免与粮食竞争。生物基材料的循环利用体系也需同步建设。</p>', 'https://trae-api-cn.mchost.guru/api/ide/v1/text_to_image?prompt=bio%20based%20polymer%20materials%2C%20sustainable%20plastics%2C%20green%20chemistry%2C%20green%20and%20white&image_size=landscape_16_9', 2, 0, 0, 1123, 72, 13, 25, 298.6, '2026-05-05 10:00:00', '2026-05-05 00:00:00', '2026-05-05 10:00:00'),
(322, 4, 67, '绿色冶金：钢铁行业的低碳转型路径', '钢铁行业是碳排放大户，绿色冶金是减排关键。本文介绍氢冶金和电炉短流程等低碳技术。', '<h2>钢铁行业的碳挑战</h2><p>钢铁行业贡献了全球约7%的碳排放。传统高炉-转炉长流程每吨钢排放约2吨二氧化碳。</p><h2>氢冶金</h2><p>氢冶金用氢气替代焦炭作为还原剂，副产物是水而非二氧化碳。瑞典HYBRIT项目已成功生产出零碳钢，但绿氢成本高是大规模推广的障碍。</p><h2>电炉短流程</h2><p>以废钢为原料的电弧炉炼钢，碳排放仅为高炉流程的1/4。中国废钢资源量正在快速增长，电炉钢比例有望提升至20%以上。</p>', 'https://trae-api-cn.mchost.guru/api/ide/v1/text_to_image?prompt=green%20metallurgy%2C%20low%20carbon%20steel%20production%2C%20hydrogen%20reduction%2C%20orange%20and%20green&image_size=landscape_16_9', 2, 0, 0, 1345, 82, 15, 30, 367.8, '2026-02-12 10:00:00', '2026-02-12 00:00:00', '2026-02-12 10:00:00'),
(323, 4, 68, '纳米技术前沿：从实验室到产业化的跨越', '纳米技术正在从实验室走向产业化。本文盘点纳米技术在电子、能源、医药等领域的应用进展。', '<h2>碳纳米管的应用</h2><p>碳纳米管作为导电添加剂已广泛用于锂电池，提升电池的倍率性能和循环寿命。碳纳米管纤维的强度是钢的100倍，在航空航天复合材料中展现应用潜力。</p><h2>量子点显示</h2><p>量子点显示技术凭借高色域、高亮度和低功耗，正在从高端电视向中小尺寸显示渗透。无镉量子点解决了环保问题。</p><h2>纳米医药</h2><p>脂质纳米颗粒是mRNA疫苗的递送载体，在新冠疫情期间发挥了关键作用。纳米药物递送系统在肿瘤靶向治疗领域的应用前景广阔。</p>', 'https://trae-api-cn.mchost.guru/api/ide/v1/text_to_image?prompt=nanotechnology%20frontier%2C%20carbon%20nanotubes%20and%20quantum%20dots%2C%20microscopic%20world%2C%20blue%20and%20purple&image_size=landscape_16_9', 2, 0, 0, 1567, 94, 17, 36, 423.5, '2026-04-10 10:00:00', '2026-04-10 00:00:00', '2026-04-10 10:00:00'),
(324, 4, 69, '化工过程强化：让化学反应更高效更绿色', '化工过程强化通过创新设备和工艺，大幅提升化学反应效率。本文介绍微反应器等新技术。', '<h2>过程强化的理念</h2><p>传统化工设备体积大、效率低、能耗高。过程强化的核心理念是：用更小的设备、更少的能耗、更短的时间，实现更高的转化率和选择性。</p><h2>微反应器</h2><p>微反应器的通道尺寸在微米级，具有极大的比表面积和极快的传质传热速率。危险反应在微反应器中变得安全可控。</p><h2>超临界流体</h2><p>超临界二氧化碳兼具气体的扩散性和液体的溶解力，是无毒、不燃、易分离的绿色溶剂。超临界CO2萃取已广泛用于天然产物提取。</p>', 'https://trae-api-cn.mchost.guru/api/ide/v1/text_to_image?prompt=chemical%20process%20intensification%2C%20microreactor%20technology%2C%20green%20chemistry%2C%20blue%20and%20green&image_size=landscape_16_9', 2, 0, 0, 987, 65, 12, 23, 267.8, '2026-06-18 10:00:00', '2026-06-18 00:00:00', '2026-06-18 10:00:00'),
(325, 6, 70, '创新药研发：从靶点发现到临床上市的全流程', '一款新药从发现到上市平均需要10年和20亿美元。本文梳理创新药研发的全流程和前沿技术。', '<h2>药物发现</h2><p>AI辅助靶点发现和分子设计正在加速药物发现过程。AlphaFold预测蛋白质结构，AI虚拟筛选从数十亿分子中找到候选药物。</p><h2>临床试验</h2><p>适应性设计、篮式试验和伞式试验等创新设计，提升了临床试验的效率。真实世界数据作为临床试验的补充，加速药物审批。</p><h2>前沿技术</h2><p>PROTAC、RNA疗法、细胞治疗和基因治疗等新技术平台，正在拓展药物的定义和治疗的边界。ADC在肿瘤治疗领域取得突破性进展。</p>', 'https://trae-api-cn.mchost.guru/api/ide/v1/text_to_image?prompt=innovative%20drug%20development%2C%20pharmaceutical%20research%2C%20medicine%20discovery%2C%20blue%20and%20white&image_size=landscape_16_9', 2, 0, 1, 2123, 134, 24, 52, 589.7, '2026-03-05 10:00:00', '2026-03-05 00:00:00', '2026-03-05 10:00:00'),
(326, 8, 71, '智能纺织：可穿戴电子织物技术', '纺织品正在从被动防护走向主动感知。本文介绍导电纤维和智能纺织品的最新进展。', '<h2>从传统到智能</h2><p>智能纺织品集成了传感、驱动和通信功能，能够感知人体生理信号、调节温度、甚至显示信息。</p><h2>导电纤维</h2><p>不锈钢纤维、镀银尼龙、碳纳米管纤维和石墨烯纤维是主要品种。这些纤维既保持纺织品的柔性，又具备导电功能。</p><h2>应用场景</h2><p>医疗健康监测、运动表现分析、军事防护、汽车内饰……智能纺织品的应用场景正在不断扩展。耐水洗性和长期稳定性仍是关键挑战。</p>', 'https://trae-api-cn.mchost.guru/api/ide/v1/text_to_image?prompt=smart%20textile%20technology%2C%20wearable%20electronic%20fabric%2C%20conductive%20fibers%2C%20purple%20and%20silver&image_size=landscape_16_9', 2, 0, 0, 876, 56, 10, 20, 234.5, '2026-05-12 10:00:00', '2026-05-12 00:00:00', '2026-05-12 10:00:00'),
(327, 3, 73, '集成电路设计自动化：从RTL到GDSII的全流程', '集成电路设计是芯片产业的核心环节。本文介绍数字集成电路设计的主要流程和关键工具。', '<h2>设计流程概览</h2><p>数字集成电路设计从系统规格定义开始，经过RTL编码、功能仿真、逻辑综合、物理设计、时序分析，最终生成GDSII版图文件。</p><h2>逻辑综合</h2><p>逻辑综合将RTL代码转换为门级网表。综合工具需要在时序、面积和功耗之间寻找最优平衡。多阈值电压和多供电域设计是低功耗综合的常用技术。</p><h2>验证挑战</h2><p>验证占据了芯片设计70%以上的工作量。形式验证、UVM方法学、硬件仿真加速是应对验证挑战的主要手段。</p>', 'https://trae-api-cn.mchost.guru/api/ide/v1/text_to_image?prompt=integrated%20circuit%20design%20automation%2C%20EDA%20chip%20layout%2C%20semiconductor%20blue%20and%20green&image_size=landscape_16_9', 2, 0, 0, 1567, 94, 17, 36, 423.5, '2026-02-18 10:00:00', '2026-02-18 00:00:00', '2026-02-18 10:00:00'),
(328, 5, 74, '5G-A演进：通向6G的桥梁', '5G-Advanced是5G向6G演进的关键阶段。本文分析5G-A的新特性和6G的技术愿景。', '<h2>5G-A的关键增强</h2><p>5G-A在5G基础上增强了三大方向：10Gbps下行速率、毫秒级确定性延迟、厘米级定位精度。通感一体化让基站同时具备通信和感知能力。</p><h2>RedCap：轻量化5G</h2><p>RedCap降低了5G终端的复杂度和成本，使5G能够渗透到可穿戴设备、工业传感器等中速物联场景。</p><h2>6G的愿景</h2><p>6G将实现太比特级速率、亚毫秒级延迟和全球无缝覆盖。太赫兹通信、智能超表面、AI原生通信将让6G成为真正的"万物智联"网络。</p>', 'https://trae-api-cn.mchost.guru/api/ide/v1/text_to_image?prompt=5G%20Advanced%20and%206G%20communication%2C%20cell%20tower%20with%20digital%20waves%2C%20futuristic%20purple%20and%20blue&image_size=landscape_16_9', 2, 0, 1, 2123, 134, 24, 52, 589.7, '2026-01-10 10:00:00', '2026-01-10 00:00:00', '2026-01-10 10:00:00'),
(329, 5, 75, '空芯光纤：下一代光通信的突破性技术', '空芯反谐振光纤将光速提升了约50%，正在改变光通信的格局。', '<h2>空芯光纤的原理</h2><p>传统光纤的光在玻璃芯中传输，折射率限制了光速。空芯反谐振光纤的光在空气中传输，光速比传统光纤快约50%，延迟降低约30%。</p><h2>技术突破</h2><p>空芯光纤的衰减已降至0.174dB/km，接近传统单模光纤水平。这一突破使空芯光纤从实验室走向商用成为可能。</p><h2>应用场景</h2><p>金融高频交易对延迟极度敏感，空芯光纤可提供关键的纳秒级优势。数据中心互联、AI集群互联也是重要应用场景。</p>', 'https://trae-api-cn.mchost.guru/api/ide/v1/text_to_image?prompt=hollow%20core%20fiber%20optic%2C%20light%20transmission%20technology%2C%20blue%20and%20white%20optical&image_size=landscape_16_9', 2, 0, 0, 1123, 72, 13, 25, 298.6, '2026-03-30 10:00:00', '2026-03-30 00:00:00', '2026-03-30 10:00:00'),
(330, 5, 76, '消费电子2026：AI原生设备的崛起', 'AI正在从云端走向端侧，AI原生消费电子设备正在崛起。', '<h2>AI PC</h2><p>搭载NPU的AI PC已成为主流。本地大模型推理能力让PC能够在不联网的情况下完成智能摘要、代码补全、图像生成等任务。</p><h2>AI手机</h2><p>端侧大模型让手机具备了更智能的交互能力。自然语言理解、实时翻译、智能拍照、个性化推荐，AI手机正在重新定义移动计算。</p><h2>AR眼镜</h2><p>轻量化AR眼镜正在从概念走向产品。Meta Ray-Ban、苹果Vision Pro Lite等产品让AR眼镜更接近日常佩戴。AI+AR的结合将创造全新的交互范式。</p>', 'https://trae-api-cn.mchost.guru/api/ide/v1/text_to_image?prompt=AI%20native%20consumer%20electronics%202026%2C%20smart%20devices%20with%20AI%2C%20modern%20gadgets%2C%20silver%20and%20blue&image_size=landscape_16_9', 2, 0, 1, 2567, 156, 28, 62, 712.4, '2026-04-15 10:00:00', '2026-04-15 00:00:00', '2026-04-15 10:00:00'),
(331, 3, 77, '工业互联网平台：连接万物的数字枢纽', '工业互联网平台是智能制造的核心基础设施。本文分析工业互联网平台的架构和典型应用。', '<h2>平台架构</h2><p>工业互联网平台采用"边缘-云端"协同架构。边缘层负责数据采集和实时控制，平台层提供数据管理和模型服务，应用层承载各类工业APP。</p><h2>数据中台</h2><p>工业数据具有多源异构、高频率、大体量的特征。数据中台统一数据标准、打通数据孤岛，为上层应用提供一致的数据服务。</p><h2>典型应用</h2><p>预测性维护、质量追溯、能耗优化、供应链协同……工业互联网平台的应用场景不断扩展。标杆企业的实践证明，工业互联网能带来10%-30%的综合效率提升。</p>', 'https://trae-api-cn.mchost.guru/api/ide/v1/text_to_image?prompt=industrial%20internet%20platform%2C%20connected%20factory%20IoT%2C%20digital%20manufacturing%2C%20blue%20and%20orange&image_size=landscape_16_9', 2, 0, 0, 1678, 98, 18, 38, 456.7, '2026-02-22 10:00:00', '2026-02-22 00:00:00', '2026-02-22 10:00:00'),
(332, 3, 81, '云原生架构演进：从微服务到Serverless', '云原生技术栈正在从微服务向Serverless演进。本文分析云原生架构的发展趋势和最佳实践。', '<h2>从微服务到Serverless</h2><p>微服务解决了单体架构的问题，但引入了服务治理的复杂性。Serverless将基础设施管理完全交给云平台，开发者只需关注业务逻辑。</p><h2>Kubernetes的统治地位</h2><p>K8s已成为容器编排的事实标准。但K8s的复杂性也是公认的。平台工程正在降低K8s的使用门槛。</p><h2>FinOps：云成本优化</h2><p>云账单是越来越多企业的痛点。FinOps实践通过成本可视化、使用率优化和预留实例策略，将云支出降低20%-40%。</p>', 'https://trae-api-cn.mchost.guru/api/ide/v1/text_to_image?prompt=cloud%20native%20architecture%2C%20serverless%20computing%2C%20Kubernetes%20containers%2C%20blue%20and%20purple%20tech&image_size=landscape_16_9', 2, 0, 0, 1890, 112, 20, 45, 523.4, '2026-05-08 10:00:00', '2026-05-08 00:00:00', '2026-05-08 10:00:00'),
(333, 13, 82, '数据治理：让数据从负担变为资产', '数据治理是数据价值释放的前提。本文介绍数据治理的框架、工具和落地实践。', '<h2>为什么需要数据治理</h2><p>企业积累了海量数据，但数据质量差、标准不统一、权属不清晰，导致数据无法有效利用。"有数据但用不好"是普遍困境。</p><h2>治理框架</h2><p>数据治理包含数据标准管理、数据质量管理、元数据管理、数据安全和数据资产管理五大领域。组织架构上需要建立数据治理委员会、数据管家和数据所有者三层体系。</p><h2>落地实践</h2><p>数据治理不是一次性项目，而是持续运营。从最关键的业务域开始，先建立标准再逐步扩展。数据质量监控自动化、数据血缘追踪可视化是关键工具。</p>', 'https://trae-api-cn.mchost.guru/api/ide/v1/text_to_image?prompt=data%20governance%20framework%2C%20data%20quality%20management%2C%20big%20data%20platform%2C%20blue%20and%20teal&image_size=landscape_16_9', 2, 0, 0, 1345, 82, 15, 30, 367.8, '2026-03-12 10:00:00', '2026-03-12 00:00:00', '2026-03-12 10:00:00'),
(334, 9, 83, 'Web3与区块链：去中心化互联网的机遇与挑战', 'Web3正在从概念走向应用。本文分析区块链技术在金融、社交和数字资产领域的应用现状。', '<h2>Web3的核心价值</h2><p>Web3的核心是数据所有权回归用户。在Web2中，用户数据被平台垄断；在Web3中，用户通过钱包和智能合约掌控自己的数据和资产。</p><h2>DeFi的成熟</h2><p>去中心化金融已形成完整的金融服务体系。以太坊Layer2和新兴公链解决了高Gas费问题，DeFi的用户体验已接近传统金融。</p><h2>挑战与展望</h2><p>监管不确定性、用户体验门槛、安全风险仍是Web3面临的主要挑战。但区块链作为信任基础设施的价值已被认可。</p>', 'https://trae-api-cn.mchost.guru/api/ide/v1/text_to_image?prompt=Web3%20blockchain%20decentralized%20internet%2C%20crypto%20network%2C%20purple%20and%20blue%20digital&image_size=landscape_16_9', 2, 0, 0, 1567, 94, 17, 36, 423.5, '2026-01-28 10:00:00', '2026-01-28 00:00:00', '2026-01-28 10:00:00'),
(335, 10, 84, '人机交互新范式：从触屏到空间计算', '人机交互正在经历从触屏到空间计算的范式转换。本文分析XR、脑机接口和自然交互的发展趋势。', '<h2>触屏的局限</h2><p>触屏交互已统治移动计算15年，但2D平面的交互空间有限。空间计算将交互从2D平面扩展到3D空间，手势、眼动和语音成为新的输入方式。</p><h2>空间计算的里程碑</h2><p>Apple Vision Pro的发布标志着空间计算时代的开启。手势+眼动+语音的多模态交互范式已经确立。</p><h2>自然交互的终极目标</h2><p>最自然的交互是"零交互"——系统通过理解用户的意图主动提供服务。AI+传感器的融合让"零交互"越来越接近现实。</p>', 'https://trae-api-cn.mchost.guru/api/ide/v1/text_to_image?prompt=human%20computer%20interaction%2C%20spatial%20computing%20XR%2C%20gesture%20control%2C%20blue%20and%20white&image_size=landscape_16_9', 2, 0, 1, 1890, 112, 20, 45, 523.4, '2026-04-02 10:00:00', '2026-04-02 00:00:00', '2026-04-02 10:00:00'),
(336, 9, 85, '智慧物流：供应链的数字化转型', '物流行业正在经历数字化和智能化的深刻变革。本文介绍智慧物流的关键技术和应用场景。', '<h2>智慧物流的架构</h2><p>智慧物流通过物联网、AI和大数据技术，实现仓储、运输、配送全链条的数字化和智能化。</p><h2>智能仓储</h2><p>AGV/AMR机器人实现"货到人"拣选，效率是人工的3-5倍。AI算法优化库位分配和拣选路径，进一步提升仓储效率。</p><h2>供应链可视化</h2><p>端到端的供应链可视化让企业实时掌握从原材料到终端的全链条状态。异常预警和智能调度帮助企业快速应对供应链风险。</p>', 'https://trae-api-cn.mchost.guru/api/ide/v1/text_to_image?prompt=smart%20logistics%20supply%20chain%2C%20automated%20warehouse%2C%20digital%20shipping%2C%20blue%20and%20orange&image_size=landscape_16_9', 2, 0, 0, 1456, 89, 16, 34, 398.7, '2026-02-05 10:00:00', '2026-02-05 00:00:00', '2026-02-05 10:00:00'),
(337, 3, 86, '中国高铁技术出海：从追赶到领跑', '中国高铁运营里程超过4.5万公里，正在加速"走出去"。本文分析中国高铁出海的机遇与挑战。', '<h2>雅万高铁的里程碑意义</h2><p>雅万高铁是中国高铁首次全系统、全要素、全产业链在海外落地，标志着中国高铁"走出去"取得重大突破。</p><h2>技术优势</h2><p>中国高铁在建设成本、运营效率、适应复杂地质条件方面具有显著优势。复兴号在安全性、经济性、舒适性等方面全面超越进口车型。</p><h2>出海挑战</h2><p>地缘政治风险、标准体系差异、本地化运营能力是三大挑战。中国高铁需要从"卖设备"转向"卖标准、卖服务"。</p>', 'https://trae-api-cn.mchost.guru/api/ide/v1/text_to_image?prompt=Chinese%20high%20speed%20train%20racing%2C%20modern%20Fuxing%20bullet%20train%2C%20dynamic%20photography&image_size=landscape_16_9', 2, 0, 0, 2123, 134, 24, 52, 589.7, '2026-06-12 10:00:00', '2026-06-12 00:00:00', '2026-06-12 10:00:00'),
(338, 3, 87, '可持续航空燃料：航空业脱碳的关键路径', '航空业难以电气化，可持续航空燃料是当前最可行的脱碳方案。', '<h2>航空脱碳的困境</h2><p>航空业占全球碳排放约2.5%，且仍在快速增长。电池能量密度远不足以支撑远程飞行，SAF是当前唯一可规模化应用的脱碳方案。</p><h2>SAF的技术路线</h2><p>HEFA是最成熟的路线，以废弃油脂为原料。醇基航空燃料和电转液是新兴路线，原料来源更广但成本更高。</p><h2>政策推动</h2><p>欧盟要求2025年起航班燃料中SAF占比2%，2030年提升至6%。中国也在制定SAF的产业扶持政策。</p>', 'https://trae-api-cn.mchost.guru/api/ide/v1/text_to_image?prompt=sustainable%20aviation%20fuel%2C%20airplane%20with%20green%20energy%2C%20clean%20aviation%2C%20blue%20sky%20and%20green&image_size=landscape_16_9', 2, 0, 0, 1123, 72, 13, 25, 298.6, '2026-03-18 10:00:00', '2026-03-18 00:00:00', '2026-03-18 10:00:00'),
(339, 3, 88, '智能航运：数字化技术重塑海事行业', '航运业正在经历数字化转型。本文介绍智能船舶、数字港口和航运区块链等新技术。', '<h2>智能船舶</h2><p>智能船舶集成了自主航行、能效优化和远程监控功能。L3级自主航行船舶已在部分航线投入运营。</p><h2>数字港口</h2><p>自动化码头已在全球多个港口部署，中国上海港和青岛港的自动化程度领先世界。5G+AI实现港口设备的远程操控和智能调度。</p><h2>航运区块链</h2><p>区块链技术用于提单数字化、货物追踪和贸易融资，解决航运业信息不透明和信任成本高的问题。</p>', 'https://trae-api-cn.mchost.guru/api/ide/v1/text_to_image?prompt=smart%20shipping%20maritime%2C%20digital%20port%20automation%2C%20intelligent%20vessel%2C%20blue%20and%20teal&image_size=landscape_16_9', 2, 0, 0, 987, 65, 12, 23, 267.8, '2026-05-15 10:00:00', '2026-05-15 00:00:00', '2026-05-15 10:00:00'),
(340, 3, 89, '智慧交通工程：数据驱动的交通系统优化', '交通工程正在从经验驱动转向数据驱动。本文介绍交通大数据分析和智能交通管理技术。', '<h2>交通大数据分析</h2><p>手机信令、交通卡口、导航APP等多源数据融合，构建城市交通的数字画像。OD分析揭示出行需求的空间分布。</p><h2>智能交通管理</h2><p>AI交通管理系统能实时感知交通状态、预测拥堵趋势、自动优化信号配时。从"经验调度"到"算法调度"，交通管理正在实现质的飞跃。</p><h2>出行即服务</h2><p>MaaS平台整合多种出行方式，为用户提供一站式出行规划。动态定价和预约机制引导错峰出行。</p>', 'https://trae-api-cn.mchost.guru/api/ide/v1/text_to_image?prompt=intelligent%20traffic%20engineering%2C%20smart%20road%20management%2C%20urban%20mobility%2C%20green%20and%20blue&image_size=landscape_16_9', 2, 0, 0, 1345, 82, 15, 30, 367.8, '2026-01-15 10:00:00', '2026-01-15 00:00:00', '2026-01-15 10:00:00'),
(341, 9, 90, '2026年全球经济走势分析：分化与重构', '全球经济正在经历深刻调整。本文分析2026年全球经济的六大趋势和中国经济的转型方向。', '<h2>全球分化加剧</h2><p>美国经济在高利率下保持韧性，欧洲增长乏力，日本走出通缩，新兴市场分化明显。全球经济格局正在重塑。</p><h2>中国经济转型</h2><p>中国经济正在从投资驱动转向创新驱动。新能源、人工智能、生物医药等新兴产业成为增长新引擎。</p><h2>供应链重构</h2><p>地缘政治因素推动全球供应链从"效率优先"转向"安全优先"。近岸外包和友岸外包成为新趋势，但完全脱钩并不现实。</p>', 'https://trae-api-cn.mchost.guru/api/ide/v1/text_to_image?prompt=global%20economy%20outlook%202026%2C%20world%20map%20with%20financial%20data%20overlays%2C%20blue%20and%20gold&image_size=landscape_16_9', 2, 0, 1, 2890, 178, 32, 68, 789.6, '2026-01-20 10:00:00', '2026-01-20 00:00:00', '2026-01-20 10:00:00'),
(342, 9, 91, 'RCEP效应显现：亚太区域贸易新格局', 'RCEP生效以来，亚太区域贸易格局正在发生深刻变化。', '<h2>RCEP的规模与影响</h2><p>RCEP覆盖全球30%的人口和GDP，是迄今规模最大的自由贸易协定。原产地累积规则降低了享受关税优惠的门槛。</p><h2>贸易创造效应</h2><p>RCEP生效后，成员国间贸易额显著增长。中国与东盟的贸易额创新高，中间品贸易占比提升，供应链联系更加紧密。</p><h2>挑战与展望</h2><p>规则落地执行、标准互认、数字贸易规则缺失等问题仍需解决。RCEP的深化需要成员国在服务贸易、投资和数字经济领域进一步开放。</p>', 'https://trae-api-cn.mchost.guru/api/ide/v1/text_to_image?prompt=RCEP%20Asia%20Pacific%20trade%2C%20regional%20economic%20partnership%2C%20global%20commerce%2C%20blue%20and%20gold&image_size=landscape_16_9', 2, 0, 0, 1567, 94, 17, 36, 423.5, '2026-02-28 10:00:00', '2026-02-28 00:00:00', '2026-02-28 10:00:00'),
(343, 9, 92, '数字人民币：央行数字货币的中国实践', '数字人民币试点已覆盖全国多个城市。本文分析数字人民币的技术架构和战略意义。', '<h2>技术架构</h2><p>数字人民币采用"央行-商业银行"双层运营架构。支持离线支付和可控匿名，兼顾便利性和安全性。</p><h2>应用场景</h2><p>从零售消费到政务缴费，从交通出行到跨境支付，数字人民币的应用场景不断扩展。智能合约功能支持定向发放、条件支付等创新应用。</p><h2>战略意义</h2><p>数字人民币是人民币国际化的重要基础设施。mBridge多边央行数字货币桥项目正在探索跨境支付的全新模式。</p>', 'https://trae-api-cn.mchost.guru/api/ide/v1/text_to_image?prompt=digital%20yuan%20CBDC%2C%20central%20bank%20digital%20currency%20China%2C%20fintech%2C%20red%20and%20gold&image_size=landscape_16_9', 2, 0, 0, 1890, 112, 20, 45, 523.4, '2026-04-08 10:00:00', '2026-04-08 00:00:00', '2026-04-08 10:00:00'),
(344, 9, 93, '保险科技：AI如何重塑保险行业', 'AI正在改变保险行业的核保、理赔和产品设计。本文分析保险科技的最新应用。', '<h2>智能核保</h2><p>AI核保模型能在秒级内完成风险评估和定价，替代传统的人工核保流程。基于健康数据、驾驶行为和消费记录的多维风险评估，让定价更加精准。</p><h2>智能理赔</h2><p>AI图像识别技术让车险理赔从天级缩短到分钟级——拍照上传，AI自动定损，即时赔付。</p><h2>监管与创新</h2><p>保险科技的创新需要在监管框架内进行。数据隐私、算法公平性和可解释性是监管关注的重点。监管沙盒为创新提供了安全试验空间。</p>', 'https://trae-api-cn.mchost.guru/api/ide/v1/text_to_image?prompt=insurtech%20AI%20insurance%2C%20digital%20claims%20processing%2C%20fintech%2C%20blue%20and%20green&image_size=landscape_16_9', 2, 0, 0, 1123, 72, 13, 25, 298.6, '2026-03-25 10:00:00', '2026-03-25 00:00:00', '2026-03-25 10:00:00'),
(345, 9, 94, 'ESG会计准则：可持续发展报告的新标准', 'ESG信息披露正在从自愿走向强制。本文介绍ISSB准则和ESG会计的最新发展。', '<h2>ISSB准则的发布</h2><p>国际可持续准则理事会发布的IFRS S1和S2准则，为全球ESG信息披露提供了统一标准。越来越多的国家和地区将ISSB准则纳入强制披露要求。</p><h2>中国ESG披露进展</h2><p>中国三大交易所已发布可持续发展报告指引，要求特定上市公司从2025年起强制披露ESG信息。</p><h2>对企业的影响</h2><p>ESG披露要求将推动企业建立ESG管理体系、完善数据采集流程、提升可持续发展绩效。先行者将获得资本市场青睐。</p>', 'https://trae-api-cn.mchost.guru/api/ide/v1/text_to_image?prompt=ESG%20accounting%20standards%2C%20sustainability%20reporting%2C%20green%20finance%2C%20green%20and%20blue&image_size=landscape_16_9', 2, 0, 0, 987, 65, 12, 23, 267.8, '2026-06-22 10:00:00', '2026-06-22 00:00:00', '2026-06-22 10:00:00'),
(346, 9, 95, '金税四期：数字化税务监管的新时代', '金税四期正在重塑中国的税务监管体系。本文分析金税四期的技术架构和对企业的影响。', '<h2>金税四期的升级</h2><p>金税四期在金税三期基础上实现了"以数治税"的跨越。大数据分析、AI风险识别和多部门数据共享，构建了全方位的税务监管网络。</p><h2>对企业的影响</h2><p>企业的每一笔交易、每一张发票都在税务大数据的监控之下。传统的不合规操作空间被大幅压缩，税务合规成为企业的必选项。</p><h2>合规建议</h2><p>企业应建立完善的税务风险管理体系，加强发票管理和合同审核，利用数字化工具提升税务合规效率。</p>', 'https://trae-api-cn.mchost.guru/api/ide/v1/text_to_image?prompt=digital%20tax%20system%2C%20Golden%20Tax%20Phase%20IV%2C%20fintech%20governance%2C%20blue%20and%20gold&image_size=landscape_16_9', 2, 0, 0, 1345, 82, 15, 30, 367.8, '2026-02-10 10:00:00', '2026-02-10 00:00:00', '2026-02-10 10:00:00'),
(347, 9, 96, '金融科技监管科技：用技术监管技术', '金融科技创新与监管需要同步推进。本文分析监管科技的技术方案和实践案例。', '<h2>监管科技的兴起</h2><p>金融科技创新速度远超监管更新速度。监管科技（RegTech）用技术手段解决监管合规问题——自动化合规检查、实时风险监测、智能反洗钱。</p><h2>AI反欺诈</h2><p>AI反欺诈系统能实时分析交易行为，识别异常模式，在毫秒级完成风险决策。图神经网络技术揭露隐藏的欺诈团伙。</p><h2>数据合规</h2><p>个人信息保护法对金融数据的收集、使用和跨境传输提出了严格要求。隐私计算技术（联邦学习、多方安全计算）让数据"可用不可见"，在合规前提下释放数据价值。</p>', 'https://trae-api-cn.mchost.guru/api/ide/v1/text_to_image?prompt=fintech%20regulatory%20technology%2C%20RegTech%20compliance%2C%20digital%20finance%2C%20blue%20and%20green&image_size=landscape_16_9', 2, 0, 0, 1567, 94, 17, 36, 423.5, '2026-05-02 10:00:00', '2026-05-02 00:00:00', '2026-05-02 10:00:00'),
(348, 9, 98, '人力资源数字化转型：从人事管理到人才运营', '人力资源管理正在从行政事务转向战略伙伴。本文分析HR数字化的关键方向。', '<h2>HR的角色转变</h2><p>传统HR以行政事务为主——招聘、薪酬、考勤。数字化时代，HR需要成为战略伙伴——人才规划、组织发展、文化塑造。</p><h2>AI招聘</h2><p>AI简历筛选、智能面试、人才画像……AI正在重塑招聘流程。但算法偏见和候选人体验是需要平衡的两个方面。</p><h2>人才分析</h2><p>人才分析（People Analytics）用数据驱动人才决策——预测离职风险、识别高潜力人才、优化团队配置。数据让HR决策从直觉走向科学。</p>', 'https://trae-api-cn.mchost.guru/api/ide/v1/text_to_image?prompt=HR%20digital%20transformation%2C%20talent%20management%20technology%2C%20people%20analytics%2C%20blue%20and%20orange&image_size=landscape_16_9', 2, 0, 0, 1123, 72, 13, 25, 298.6, '2026-03-28 10:00:00', '2026-03-28 00:00:00', '2026-03-28 10:00:00'),
(349, 9, 99, '战略规划方法论：在不确定性中寻找确定性', '在VUCA时代，传统战略规划方法需要升级。本文介绍适应不确定性的战略规划新方法。', '<h2>VUCA时代的战略挑战</h2><p>波动性、不确定性、复杂性和模糊性是当前商业环境的常态。五年规划式的传统战略规划已难以适应快速变化的环境。</p><h2>情景规划</h2><p>情景规划不预测未来，而是构建多个可能的未来场景，为每个场景准备应对策略。壳牌石油在1970年代石油危机中的成功应对，是情景规划的经典案例。</p><h2>敏捷战略</h2><p>敏捷战略将战略规划从年度事件变为持续过程。季度战略审视、快速假设验证、灵活资源调配，让组织能够快速响应变化。</p>', 'https://trae-api-cn.mchost.guru/api/ide/v1/text_to_image?prompt=strategic%20planning%20methodology%2C%20business%20strategy%20framework%2C%20VUCA%20management%2C%20blue%20and%20gold&image_size=landscape_16_9', 2, 0, 0, 1456, 89, 16, 34, 398.7, '2026-04-18 10:00:00', '2026-04-18 00:00:00', '2026-04-18 10:00:00'),
(350, 9, 100, '硬科技创业：从实验室到市场的跨越', '硬科技创业正在成为新的投资热点。本文分析硬科技创业的机遇、挑战和成功要素。', '<h2>硬科技创业的浪潮</h2><p>互联网创业红利消退后，硬科技创业成为新的焦点。半导体、生物医药、新能源、新材料……这些领域的技术突破正在创造巨大的商业价值。</p><h2>独特的挑战</h2><p>硬科技创业周期长、投入大、风险高。从实验室到量产，需要跨越"死亡之谷"。技术成熟度、供应链建设、市场验证每一步都充满不确定性。</p><h2>成功要素</h2><p>核心技术壁垒、互补的创始团队、耐心资本的支持、清晰的商业化路径，是硬科技创业成功的四大要素。</p>', 'https://trae-api-cn.mchost.guru/api/ide/v1/text_to_image?prompt=deep%20tech%20startup%2C%20hard%20technology%20entrepreneurship%2C%20lab%20to%20market%2C%20blue%20and%20orange&image_size=landscape_16_9', 2, 0, 1, 1890, 112, 20, 45, 523.4, '2026-01-05 10:00:00', '2026-01-05 00:00:00', '2026-01-05 10:00:00'),
(351, 9, 101, '项目管理新范式：从瀑布到敏捷到混合', '项目管理方法论正在从单一模式走向混合模式。本文分析不同方法论的特点和适用场景。', '<h2>方法论的演进</h2><p>从瀑布到敏捷，项目管理方法论经历了深刻变革。但现实是，没有一种方法论适用于所有项目。混合模式正在成为主流。</p><h2>规模化敏捷</h2><p>SAFe、LeSS、Spotify模型……规模化敏捷框架解决了敏捷在大型组织中的落地问题。核心是在保持敏捷灵活性的同时，确保跨团队协调和战略对齐。</p><h2>AI辅助项目管理</h2><p>AI工具能预测项目风险、优化资源分配、自动生成进度报告。项目经理的角色从"执行监督"转向"战略引导"。</p>', 'https://trae-api-cn.mchost.guru/api/ide/v1/text_to_image?prompt=project%20management%20methodology%2C%20agile%20and%20waterfall%2C%20hybrid%20framework%2C%20blue%20and%20green&image_size=landscape_16_9', 2, 0, 0, 1345, 82, 15, 30, 367.8, '2026-05-22 10:00:00', '2026-05-22 00:00:00', '2026-05-22 10:00:00'),
(352, 6, 103, '人工智能立法：技术治理的法律框架', '全球主要经济体正在加紧AI立法。本文分析欧盟AI法案、中国AI治理框架和美国AI行政令的异同。', '<h2>欧盟AI法案</h2><p>欧盟AI法案采用风险分级方法，将AI系统分为不可接受风险、高风险、有限风险和最小风险四类，对应不同层级的监管要求。这是全球首部全面的AI法律。</p><h2>中国AI治理框架</h2><p>中国采取了"场景化+算法治理"的路径。深度合成规定、生成式AI管理办法、算法推荐规定等，针对不同应用场景制定专门规则。</p><h2>全球协调</h2><p>各国AI立法的差异可能导致监管套利和贸易壁垒。G7广岛AI进程、联合国AI治理倡议等正在推动全球AI治理的协调。</p>', 'https://trae-api-cn.mchost.guru/api/ide/v1/text_to_image?prompt=AI%20legislation%20and%20governance%2C%20legal%20framework%20for%20technology%2C%20law%20and%20AI%2C%20blue%20and%20white&image_size=landscape_16_9', 2, 0, 0, 1678, 98, 18, 38, 456.7, '2026-02-15 10:00:00', '2026-02-15 00:00:00', '2026-02-15 10:00:00'),
(353, 6, 104, '数字政府建设：公共服务的智能化转型', '数字政府正在从"网上办事"走向"智能治理"。本文分析数字政府的技术架构和服务创新。', '<h2>从信息化到智能化</h2><p>数字政府1.0实现了政务服务的线上化——网上办事、电子证照、一网通办。数字政府2.0的目标是智能化——主动服务、精准治理、科学决策。</p><h2>一网统管</h2><p>城市运行一网统管平台整合了城管、环保、交通、应急等多部门数据，实现城市治理的跨部门协同和智能调度。</p><h2>数据要素市场</h2><p>公共数据开放和授权运营是数字政府的重要方向。数据要素市场的培育，将释放公共数据的经济价值。</p>', 'https://trae-api-cn.mchost.guru/api/ide/v1/text_to_image?prompt=digital%20government%2C%20smart%20public%20services%2C%20e%20governance%2C%20blue%20and%20white&image_size=landscape_16_9', 2, 0, 0, 1456, 89, 16, 34, 398.7, '2026-04-02 10:00:00', '2026-04-02 00:00:00', '2026-04-02 10:00:00'),
(354, 6, 105, '大国博弈：2026年国际关系的五大看点', '国际格局正在经历深刻调整。本文分析2026年国际关系的五大关键议题。', '<h2>中美关系的再平衡</h2><p>中美关系在竞争中寻求稳定。经贸领域的脱钩与再挂钩并存，科技领域的竞争加剧，气候合作是少数共识领域。</p><h2>多极化加速</h2><p>全球南方国家的话语权持续提升。金砖扩员、上合组织发展，多极化趋势不可逆转。</p><h2>技术竞争与规则制定</h2><p>AI治理、半导体出口管制、数据跨境流动规则……技术竞争正在重塑国际关系的底层逻辑。技术标准制定权成为新的博弈焦点。</p>', 'https://trae-api-cn.mchost.guru/api/ide/v1/text_to_image?prompt=international%20relations%202026%2C%20global%20geopolitics%2C%20diplomacy%20and%20power%2C%20blue%20and%20gold&image_size=landscape_16_9', 2, 0, 1, 2123, 134, 24, 52, 589.7, '2026-06-01 10:00:00', '2026-06-01 00:00:00', '2026-06-01 10:00:00'),
(355, 6, 106, '数字时代的社会学：算法如何重塑社会结构', '算法正在深刻影响社会的运行方式。本文从社会学视角分析算法对社会结构的影响。', '<h2>算法社会的到来</h2><p>算法决定了我们看什么新闻、买什么商品、获得什么信用评分。算法正在成为社会资源分配的重要机制，深刻影响着社会结构。</p><h2>算法偏见与社会不平等</h2><p>算法不是中立的——训练数据中的偏见会被算法放大。招聘算法可能歧视特定群体，信贷算法可能加剧金融排斥。算法公平性是社会公正的新议题。</p><h2>数字劳动</h2><p>外卖骑手、网约车司机、内容审核员……数字劳动者的权益保障是算法社会的重要议题。平台经济需要建立更公平的劳动规则。</p>', 'https://trae-api-cn.mchost.guru/api/ide/v1/text_to_image?prompt=digital%20sociology%2C%20algorithm%20and%20society%2C%20social%20structure%20in%20digital%20age%2C%20purple%20and%20blue&image_size=landscape_16_9', 2, 0, 0, 1567, 94, 17, 36, 423.5, '2026-03-08 10:00:00', '2026-03-08 00:00:00', '2026-03-08 10:00:00');


-- ============================================================
-- 2. 文章标签关联 (ID 1005+)
-- ============================================================

INSERT INTO cms_article_tag (id, article_id, tag_id) VALUES
(1005, 256, 13), (1006, 256, 15), (1007, 256, 14), (1008, 256, 101),
(1009, 257, 13), (1010, 257, 15), (1011, 257, 18),
(1012, 258, 101), (1013, 258, 10), (1014, 258, 24), (1015, 258, 1),
(1016, 259, 101), (1017, 259, 33), (1018, 259, 10), (1019, 259, 3),
(1020, 260, 27), (1021, 260, 13), (1022, 260, 26),
(1023, 261, 27), (1024, 261, 13), (1025, 261, 14), (1026, 261, 15),
(1027, 262, 43), (1028, 262, 44), (1029, 262, 46), (1030, 262, 45),
(1031, 263, 43), (1032, 263, 92), (1033, 263, 45),
(1034, 264, 97), (1035, 264, 98), (1036, 264, 31), (1037, 264, 72),
(1038, 265, 97), (1039, 265, 98), (1040, 265, 3),
(1041, 266, 65), (1042, 266, 13), (1043, 266, 14), (1044, 266, 88),
(1045, 267, 65), (1046, 267, 18), (1047, 267, 13),
(1048, 268, 105), (1049, 268, 13), (1050, 268, 103), (1051, 268, 77),
(1052, 269, 105), (1053, 269, 74), (1054, 269, 89), (1055, 269, 30),
(1056, 270, 104), (1057, 270, 89), (1058, 270, 13), (1059, 270, 61),
(1060, 271, 97), (1061, 271, 98), (1062, 271, 104),
(1063, 272, 41), (1064, 272, 112), (1065, 272, 67), (1066, 272, 37),
(1067, 273, 41), (1068, 273, 76), (1069, 273, 82),
(1070, 274, 113), (1071, 274, 40), (1072, 274, 13),
(1073, 275, 113), (1074, 275, 67), (1075, 275, 40),
(1076, 276, 108), (1077, 276, 90), (1078, 276, 109), (1079, 276, 110),
(1080, 277, 109), (1081, 277, 99), (1082, 277, 74), (1083, 277, 30),
(1084, 278, 44), (1085, 278, 43), (1086, 278, 46), (1087, 278, 26),
(1088, 279, 44), (1089, 279, 43), (1090, 279, 46),
(1091, 280, 40), (1092, 280, 29), (1093, 280, 19), (1094, 280, 43),
(1095, 281, 40), (1096, 281, 65), (1097, 281, 29),
(1098, 282, 115), (1099, 282, 41), (1100, 282, 13), (1101, 282, 67),
(1102, 283, 115), (1103, 283, 65), (1104, 283, 13),
(1105, 284, 51), (1106, 284, 19), (1107, 284, 50),
(1108, 285, 51), (1109, 285, 119), (1110, 285, 75),
(1111, 286, 53), (1112, 286, 91), (1113, 286, 49),
(1114, 287, 53), (1115, 287, 13), (1116, 287, 119),
(1117, 288, 107), (1118, 288, 61), (1119, 288, 13),
(1120, 289, 74), (1121, 289, 13), (1122, 289, 15), (1123, 289, 61),
(1124, 290, 75), (1125, 290, 13), (1126, 290, 72),
(1127, 291, 75), (1128, 291, 72), (1129, 291, 11),
(1130, 292, 60), (1131, 292, 13), (1132, 292, 100),
(1133, 293, 100), (1134, 293, 13), (1135, 293, 60),
(1136, 294, 64), (1137, 294, 62), (1138, 294, 13), (1139, 294, 63),
(1140, 295, 64), (1141, 295, 62), (1142, 295, 76),
(1143, 296, 36), (1144, 296, 40), (1145, 296, 29),
(1146, 297, 37), (1147, 297, 40), (1148, 297, 29),
(1149, 298, 38), (1150, 298, 29), (1151, 298, 51),
(1152, 299, 39), (1153, 299, 42), (1154, 299, 44),
(1155, 300, 41), (1156, 300, 40), (1157, 300, 43),
(1158, 301, 42), (1159, 301, 44), (1160, 301, 43),
(1161, 302, 46), (1162, 302, 43), (1163, 302, 44), (1164, 302, 92),
(1165, 303, 47), (1166, 303, 35), (1167, 303, 34),
(1168, 304, 48), (1169, 304, 77), (1170, 304, 19),
(1171, 305, 49), (1172, 305, 43), (1173, 305, 94),
(1174, 306, 50), (1175, 306, 44), (1176, 306, 13),
(1177, 307, 51), (1178, 307, 29), (1179, 307, 90),
(1180, 308, 52), (1181, 308, 13), (1182, 308, 19),
(1183, 309, 53), (1184, 309, 25), (1185, 309, 77), (1186, 309, 13),
(1187, 310, 54), (1188, 310, 85), (1189, 310, 105),
(1190, 311, 55), (1191, 311, 58), (1192, 311, 56),
(1193, 312, 56), (1194, 312, 86), (1195, 312, 87),
(1196, 313, 57), (1197, 313, 87), (1198, 313, 88),
(1199, 314, 58), (1200, 314, 26), (1201, 314, 49),
(1202, 315, 59), (1203, 315, 56), (1204, 315, 58),
(1205, 316, 60), (1206, 316, 106), (1207, 316, 88),
(1208, 317, 61), (1209, 317, 43), (1210, 317, 89), (1211, 317, 104),
(1212, 318, 62), (1213, 318, 90), (1214, 318, 97),
(1215, 319, 63), (1216, 319, 43), (1217, 319, 44),
(1218, 320, 64), (1219, 320, 92), (1220, 320, 93),
(1221, 321, 66), (1222, 321, 92), (1223, 321, 43),
(1224, 322, 67), (1225, 322, 44), (1226, 322, 43),
(1227, 323, 68), (1228, 323, 93), (1229, 323, 92),
(1230, 324, 69), (1231, 324, 94), (1232, 324, 43),
(1233, 325, 70), (1234, 325, 67), (1235, 325, 13), (1236, 325, 41),
(1237, 326, 71), (1238, 326, 29), (1239, 326, 92),
(1240, 327, 73), (1241, 327, 97), (1242, 327, 3),
(1243, 328, 74), (1244, 328, 30), (1245, 328, 77),
(1246, 329, 75), (1247, 329, 99), (1248, 329, 74),
(1249, 330, 76), (1250, 330, 100), (1251, 330, 13),
(1252, 331, 77), (1253, 331, 25), (1254, 331, 103),
(1255, 332, 81), (1256, 332, 24), (1257, 332, 23),
(1258, 333, 82), (1259, 333, 103), (1260, 333, 19),
(1261, 334, 83), (1262, 334, 49), (1263, 334, 27),
(1264, 335, 84), (1265, 335, 102), (1266, 335, 13),
(1267, 336, 85), (1268, 336, 77), (1269, 336, 25),
(1270, 337, 86), (1271, 337, 89), (1272, 337, 88),
(1273, 338, 87), (1274, 338, 43), (1275, 338, 44),
(1276, 339, 88), (1277, 339, 77), (1278, 339, 83),
(1279, 340, 89), (1280, 340, 77), (1281, 340, 105),
(1282, 341, 90), (1283, 341, 48), (1284, 341, 91),
(1285, 342, 91), (1286, 342, 48), (1287, 342, 53),
(1288, 343, 92), (1289, 343, 49), (1290, 343, 96),
(1291, 344, 93), (1292, 344, 13), (1293, 344, 49),
(1294, 345, 94), (1295, 345, 48), (1296, 345, 116),
(1297, 346, 95), (1298, 346, 49), (1299, 346, 96),
(1300, 347, 96), (1301, 347, 27), (1302, 347, 49),
(1303, 348, 98), (1304, 348, 13), (1305, 348, 51),
(1306, 349, 99), (1307, 349, 50), (1308, 349, 52),
(1309, 350, 100), (1310, 350, 50), (1311, 350, 97),
(1312, 351, 101), (1313, 351, 52), (1314, 351, 24),
(1315, 352, 103), (1316, 352, 13), (1317, 352, 82),
(1318, 353, 104), (1319, 353, 26), (1320, 353, 103),
(1321, 354, 105), (1322, 354, 83), (1323, 354, 48),
(1324, 355, 106), (1325, 355, 81), (1326, 355, 13);


-- ============================================================
-- 3. 文章图片 (ID 496+)
-- ============================================================

INSERT INTO cms_article_image (id, article_id, url, type, width, height, sort_order, created_at) VALUES
(496, 256, 'https://trae-api-cn.mchost.guru/api/ide/v1/text_to_image?prompt=AI%20agent%20architecture%20diagram%2C%20system%20flow&image_size=landscape_16_9', 1, 1920, 1080, 0, '2026-01-18 10:00:00'),
(497, 258, 'https://trae-api-cn.mchost.guru/api/ide/v1/text_to_image?prompt=CI%20CD%20pipeline%20dashboard%2C%20automated%20testing&image_size=landscape_16_9', 1, 1920, 1080, 0, '2026-02-08 14:00:00'),
(498, 260, 'https://trae-api-cn.mchost.guru/api/ide/v1/text_to_image?prompt=zero%20trust%20network%20diagram%2C%20security%20layers&image_size=landscape_16_9', 1, 1920, 1080, 0, '2026-01-28 09:00:00'),
(499, 262, 'https://trae-api-cn.mchost.guru/api/ide/v1/text_to_image?prompt=hydrogen%20electrolyzer%20facility%2C%20green%20energy&image_size=landscape_16_9', 1, 1920, 1080, 0, '2026-02-22 10:00:00'),
(500, 264, 'https://trae-api-cn.mchost.guru/api/ide/v1/text_to_image?prompt=Chiplet%203D%20packaging%20cross%20section%2C%20semiconductor&image_size=landscape_16_9', 1, 1920, 1080, 0, '2026-03-05 10:00:00'),
(501, 266, 'https://trae-api-cn.mchost.guru/api/ide/v1/text_to_image?prompt=humanoid%20robot%20actuator%20components%2C%20engineering&image_size=landscape_16_9', 1, 1920, 1080, 0, '2026-02-14 10:00:00'),
(502, 268, 'https://trae-api-cn.mchost.guru/api/ide/v1/text_to_image?prompt=city%20brain%20dashboard%2C%20traffic%20monitoring&image_size=landscape_16_9', 1, 1920, 1080, 0, '2026-03-20 10:00:00'),
(503, 270, 'https://trae-api-cn.mchost.guru/api/ide/v1/text_to_image?prompt=Robotaxi%20fleet%20on%20road%2C%20autonomous%20driving&image_size=landscape_16_9', 1, 1920, 1080, 0, '2026-01-25 10:00:00'),
(504, 272, 'https://trae-api-cn.mchost.guru/api/ide/v1/text_to_image?prompt=CRISPR%20gene%20editing%20process%2C%20medical&image_size=landscape_16_9', 1, 1920, 1080, 0, '2026-02-05 10:00:00'),
(505, 274, 'https://trae-api-cn.mchost.guru/api/ide/v1/text_to_image?prompt=EEG%20brain%20signal%20processing%2C%20BCI&image_size=landscape_16_9', 1, 1920, 1080, 0, '2026-03-15 10:00:00'),
(506, 276, 'https://trae-api-cn.mchost.guru/api/ide/v1/text_to_image?prompt=reusable%20rocket%20recovery%20process%2C%20space&image_size=landscape_16_9', 1, 1920, 1080, 0, '2026-02-28 10:00:00'),
(507, 278, 'https://trae-api-cn.mchost.guru/api/ide/v1/text_to_image?prompt=renewable%20energy%20grid%2C%20wind%20solar%20integration&image_size=landscape_16_9', 1, 1920, 1080, 0, '2026-03-08 10:00:00'),
(508, 280, 'https://trae-api-cn.mchost.guru/api/ide/v1/text_to_image?prompt=precision%20agriculture%20drone%20field%2C%20farming&image_size=landscape_16_9', 1, 1920, 1080, 0, '2026-01-12 10:00:00'),
(509, 282, 'https://trae-api-cn.mchost.guru/api/ide/v1/text_to_image?prompt=genomic%20sequencing%20lab%2C%20precision%20medicine&image_size=landscape_16_9', 1, 1920, 1080, 0, '2026-02-18 10:00:00'),
(510, 284, 'https://trae-api-cn.mchost.guru/api/ide/v1/text_to_image?prompt=growth%20hacking%20funnel%20chart%2C%20analytics&image_size=landscape_16_9', 1, 1920, 1080, 0, '2026-02-25 10:00:00'),
(511, 287, 'https://trae-api-cn.mchost.guru/api/ide/v1/text_to_image?prompt=live%20streaming%20ecommerce%20studio%2C%20digital&image_size=landscape_16_9', 1, 1920, 1080, 0, '2026-06-05 10:00:00'),
(512, 288, 'https://trae-api-cn.mchost.guru/api/ide/v1/text_to_image?prompt=LED%20wall%20virtual%20production%20set%2C%20filmmaking&image_size=landscape_16_9', 1, 1920, 1080, 0, '2026-02-12 10:00:00'),
(513, 290, 'https://trae-api-cn.mchost.guru/api/ide/v1/text_to_image?prompt=AI%20music%20generation%20interface%2C%20digital%20composition&image_size=landscape_16_9', 1, 1920, 1080, 0, '2026-01-30 10:00:00'),
(514, 292, 'https://trae-api-cn.mchost.guru/api/ide/v1/text_to_image?prompt=computational%20photography%20pipeline%2C%20HDR&image_size=landscape_16_9', 1, 1920, 1080, 0, '2026-04-28 10:00:00'),
(515, 294, 'https://trae-api-cn.mchost.guru/api/ide/v1/text_to_image?prompt=embodied%20cognition%20experiment%2C%20psychology&image_size=landscape_16_9', 1, 1920, 1080, 0, '2026-02-08 10:00:00'),
(516, 302, 'https://trae-api-cn.mchost.guru/api/ide/v1/text_to_image?prompt=battery%20storage%20comparison%2C%20lithium%20sodium%20flow&image_size=landscape_16_9', 1, 1920, 1080, 0, '2026-03-10 10:00:00'),
(517, 317, 'https://trae-api-cn.mchost.guru/api/ide/v1/text_to_image?prompt=EV%20battery%20technology%2C%20charging%20station&image_size=landscape_16_9', 1, 1920, 1080, 0, '2026-04-25 10:00:00'),
(518, 325, 'https://trae-api-cn.mchost.guru/api/ide/v1/text_to_image?prompt=drug%20discovery%20AI%20platform%2C%20pharmaceutical&image_size=landscape_16_9', 1, 1920, 1080, 0, '2026-03-05 10:00:00'),
(519, 330, 'https://trae-api-cn.mchost.guru/api/ide/v1/text_to_image?prompt=AI%20native%20devices%202026%2C%20AR%20glasses&image_size=landscape_16_9', 1, 1920, 1080, 0, '2026-04-15 10:00:00'),
(520, 341, 'https://trae-api-cn.mchost.guru/api/ide/v1/text_to_image?prompt=global%20economy%20chart%202026%2C%20financial&image_size=landscape_16_9', 1, 1920, 1080, 0, '2026-01-20 10:00:00'),
(521, 350, 'https://trae-api-cn.mchost.guru/api/ide/v1/text_to_image?prompt=deep%20tech%20startup%20lab%2C%20innovation&image_size=landscape_16_9', 1, 1920, 1080, 0, '2026-01-05 10:00:00'),
(522, 354, 'https://trae-api-cn.mchost.guru/api/ide/v1/text_to_image?prompt=international%20diplomacy%202026%2C%20geopolitics&image_size=landscape_16_9', 1, 1920, 1080, 0, '2026-06-01 10:00:00'),
(523, 355, 'https://trae-api-cn.mchost.guru/api/ide/v1/text_to_image?prompt=algorithm%20society%20impact%2C%20digital%20culture&image_size=landscape_16_9', 1, 1920, 1080, 0, '2026-03-08 10:00:00');


-- ============================================================
-- 4. 评论数据 (ID 921+)
-- ============================================================

INSERT INTO cms_comment (id, article_id, user_id, parent_id, reply_to_id, content, status, like_count, created_at) VALUES
(921, 256, 11, 0, 0, 'AI Agent的发展速度超乎想象，期待多智能体协作的更多应用场景', 1, 12, '2026-01-19 08:30:00'),
(922, 256, 12, 921, 11, '确实，我们公司已经在用AutoGen做自动化测试了', 1, 8, '2026-01-19 09:15:00'),
(923, 256, 13, 0, 0, '工具调用机制是Agent最核心的能力，Function Calling的标准化很重要', 1, 6, '2026-01-19 14:20:00'),
(924, 257, 11, 0, 0, '多模态大模型让AI真正能"看懂"世界了', 1, 10, '2026-03-13 10:00:00'),
(925, 257, 14, 0, 0, 'GPT-4o的端到端架构确实比拼接方案更优雅', 1, 7, '2026-03-13 15:30:00'),
(926, 258, 3, 0, 0, '代码审查确实是提升团队代码质量最有效的方式', 1, 15, '2026-02-09 09:00:00'),
(927, 258, 5, 926, 3, '同意，我们团队每次PR限制200行，审查质量确实提高了', 1, 9, '2026-02-09 10:30:00'),
(928, 258, 11, 0, 0, '自动化测试金字塔的比例很实用，收藏了', 1, 5, '2026-02-10 08:00:00'),
(929, 260, 3, 0, 0, '零信任不是产品，是架构理念，这点很多人误解了', 1, 18, '2026-01-29 10:00:00'),
(930, 260, 12, 0, 0, '我们公司正在做零信任转型，最大的挑战是老系统的兼容', 1, 11, '2026-01-29 14:00:00'),
(931, 262, 8, 0, 0, '绿氢成本是关键瓶颈，需要电解槽技术突破', 1, 9, '2026-02-23 09:00:00'),
(932, 262, 11, 0, 0, '氢能炼钢如果大规模推广，钢铁行业减排前景可观', 1, 7, '2026-02-23 15:00:00'),
(933, 264, 3, 0, 0, 'Chiplet是后摩尔时代最重要的技术方向', 1, 14, '2026-03-06 10:00:00'),
(934, 264, 13, 933, 3, 'UCIe标准的统一对Chiplet生态至关重要', 1, 8, '2026-03-06 11:30:00'),
(935, 266, 3, 0, 0, '人形机器人的成本下降速度比预期快，十万级指日可待', 1, 16, '2026-02-15 09:00:00'),
(936, 266, 14, 0, 0, '工业场景先落地是正确的策略，家庭场景还需要更多验证', 1, 10, '2026-02-15 14:00:00'),
(937, 266, 11, 935, 3, '国产执行器的进步是成本下降的关键', 1, 7, '2026-02-16 08:00:00'),
(938, 268, 4, 0, 0, '城市大脑2.0的闭环决策是关键突破', 1, 11, '2026-03-21 09:00:00'),
(939, 268, 12, 0, 0, '杭州的交通治理效果确实明显，信号灯配时优化很实用', 1, 8, '2026-03-21 15:00:00'),
(940, 270, 3, 0, 0, 'Robotaxi的商业化终于看到曙光了', 1, 13, '2026-01-26 10:00:00'),
(941, 270, 11, 0, 0, '无人化运营后成本优势会非常明显', 1, 9, '2026-01-26 14:00:00'),
(942, 270, 14, 940, 3, '安全性和法规仍是最大的不确定性', 1, 6, '2026-01-27 08:00:00'),
(943, 272, 6, 0, 0, 'Casgevy的批准是基因治疗的里程碑', 1, 12, '2026-02-06 09:00:00'),
(944, 272, 13, 0, 0, '碱基编辑的安全性优势明显，是未来的主流方向', 1, 8, '2026-02-06 14:00:00'),
(945, 274, 4, 0, 0, '非侵入式BCI的消费级应用前景广阔', 1, 9, '2026-03-16 10:00:00'),
(946, 274, 15, 0, 0, '专注力训练的BCI产品用过，确实有效果', 1, 6, '2026-03-16 15:00:00'),
(947, 276, 3, 0, 0, '可回收火箭是降低太空成本的关键，中国加油', 1, 15, '2026-03-01 09:00:00'),
(948, 276, 11, 0, 0, '朱雀三号的回收测试值得期待', 1, 10, '2026-03-01 14:00:00'),
(949, 278, 8, 0, 0, '新型电力系统的灵活性资源建设是当务之急', 1, 8, '2026-03-09 10:00:00'),
(950, 278, 14, 0, 0, '虚拟电厂的模式很有创新性', 1, 5, '2026-03-09 15:00:00'),
(951, 282, 6, 0, 0, '液体活检技术让癌症早筛变得更便捷', 1, 11, '2026-02-19 09:00:00'),
(952, 282, 13, 0, 0, 'AI辅助诊断的准确率提升令人印象深刻', 1, 7, '2026-02-19 14:00:00'),
(953, 284, 9, 0, 0, 'AARRR模型是增长黑客的基础框架，非常实用', 1, 8, '2026-02-26 09:00:00'),
(954, 284, 12, 0, 0, '北极星指标的概念帮助我重新审视了产品策略', 1, 5, '2026-02-26 15:00:00'),
(955, 287, 9, 0, 0, 'AI数字人直播在标准化品类中确实有成本优势', 1, 9, '2026-06-06 09:00:00'),
(956, 287, 11, 0, 0, '品牌自播是长期趋势，不能只靠头部主播', 1, 6, '2026-06-06 14:00:00'),
(957, 290, 15, 0, 0, 'AI音乐工具是创作辅助，不能替代人类的情感表达', 1, 10, '2026-01-31 09:00:00'),
(958, 290, 11, 0, 0, '版权问题确实需要行业共识和法律明确', 1, 7, '2026-01-31 14:00:00'),
(959, 292, 7, 0, 0, '计算摄影让手机拍照能力飞跃式提升', 1, 12, '2026-04-29 09:00:00'),
(960, 292, 14, 0, 0, 'HDR多帧合成的效果确实惊艳', 1, 8, '2026-04-29 14:00:00'),
(961, 294, 6, 0, 0, '具身认知理论对AI研究有深刻启示', 1, 9, '2026-02-09 09:00:00'),
(962, 294, 15, 0, 0, '身体影响思维的观点很有启发，手势学习确实更有效', 1, 6, '2026-02-09 14:00:00'),
(963, 302, 8, 0, 0, '钠离子电池的成本优势在储能场景中很明显', 1, 8, '2026-03-11 09:00:00'),
(964, 302, 11, 0, 0, '液流电池的长时储能优势不可替代', 1, 5, '2026-03-11 14:00:00'),
(965, 317, 3, 0, 0, '800V高压平台的普及速度超出预期', 1, 11, '2026-04-26 09:00:00'),
(966, 317, 14, 0, 0, '智能化确实是新能源汽车的下半场', 1, 7, '2026-04-26 14:00:00'),
(967, 325, 6, 0, 0, 'AI加速药物发现是医药行业最大的变革', 1, 9, '2026-03-06 09:00:00'),
(968, 325, 13, 0, 0, 'ADC药物在肿瘤治疗中的突破令人振奋', 1, 6, '2026-03-06 14:00:00'),
(969, 330, 5, 0, 0, 'AI PC和AI手机正在重新定义个人计算', 1, 10, '2026-04-16 09:00:00'),
(970, 330, 11, 0, 0, 'AR眼镜+AI的组合让人期待', 1, 7, '2026-04-16 14:00:00'),
(971, 341, 9, 0, 0, '全球供应链重构是未来5年最重要的经济趋势', 1, 12, '2026-01-21 09:00:00'),
(972, 341, 12, 0, 0, '中国经济的创新驱动转型方向是正确的', 1, 8, '2026-01-21 14:00:00'),
(973, 341, 13, 971, 9, '完全脱钩不现实，但选择性脱钩已经在发生', 1, 5, '2026-01-22 08:00:00'),
(974, 350, 9, 0, 0, '硬科技创业需要耐心资本的支持', 1, 8, '2026-01-06 09:00:00'),
(975, 350, 11, 0, 0, '从实验室到量产的"死亡之谷"是最大挑战', 1, 5, '2026-01-06 14:00:00'),
(976, 352, 6, 0, 0, 'AI立法需要在创新和风险之间找到平衡', 1, 9, '2026-02-16 09:00:00'),
(977, 352, 12, 0, 0, '欧盟的风险分级方法值得借鉴', 1, 6, '2026-02-16 14:00:00'),
(978, 354, 6, 0, 0, '技术竞争正在重塑国际关系的底层逻辑', 1, 10, '2026-06-02 09:00:00'),
(979, 354, 11, 0, 0, 'AI治理的国际协调非常重要', 1, 7, '2026-06-02 14:00:00'),
(980, 355, 6, 0, 0, '算法偏见是数字时代社会公正的新议题', 1, 8, '2026-03-09 09:00:00'),
(981, 355, 15, 0, 0, '数字劳动者的权益保障需要更多关注', 1, 5, '2026-03-09 14:00:00'),
(982, 256, 14, 0, 0, 'Agent的记忆机制设计是关键挑战', 1, 4, '2026-01-20 08:00:00'),
(983, 266, 12, 0, 0, '特斯拉Optimus的进展确实推动了整个行业', 1, 6, '2026-02-16 10:00:00'),
(984, 276, 14, 0, 0, 'SpaceX的可回收技术确实改变了航天格局', 1, 8, '2026-03-02 09:00:00'),
(985, 288, 10, 0, 0, '虚拟制片让拍摄效率大幅提升', 1, 5, '2026-02-13 09:00:00'),
(986, 295, 15, 0, 0, '正念冥想确实能改善注意力控制', 1, 4, '2026-05-03 09:00:00'),
(987, 306, 11, 0, 0, '极端天气越来越频繁，预警体系很重要', 1, 6, '2026-06-16 09:00:00'),
(988, 318, 3, 0, 0, 'C919的成功是中国航空工业的里程碑', 1, 9, '2026-05-31 09:00:00'),
(989, 334, 9, 0, 0, 'Web3的长期价值在于信任基础设施', 1, 5, '2026-01-29 09:00:00'),
(990, 343, 9, 0, 0, '数字人民币的跨境应用是人民币国际化的关键', 1, 7, '2026-04-09 09:00:00'),
(991, 259, 3, 0, 0, 'DDD的限界上下文概念对微服务拆分很有指导意义', 1, 8, '2026-04-16 09:00:00'),
(992, 261, 3, 0, 0, 'AI红队测试应该成为大模型发布的标配', 1, 6, '2026-05-11 09:00:00'),
(993, 273, 6, 0, 0, '基因治疗的可及性问题需要政策层面的解决方案', 1, 7, '2026-06-03 09:00:00'),
(994, 286, 9, 0, 0, '品牌出海的本地化是成败关键', 1, 5, '2026-03-19 09:00:00'),
(995, 299, 8, 0, 0, '碳汇交易为林业发展提供了新的经济激励', 1, 4, '2026-04-16 09:00:00'),
(996, 323, 4, 0, 0, '纳米技术在医药领域的应用前景最让人期待', 1, 6, '2026-04-11 09:00:00'),
(997, 335, 10, 0, 0, '空间计算将重新定义人机交互', 1, 8, '2026-04-03 09:00:00'),
(998, 347, 9, 0, 0, '隐私计算技术在合规和数据价值之间找到了平衡', 1, 5, '2026-05-03 09:00:00'),
(999, 351, 9, 0, 0, '混合项目管理模式确实更适合大多数组织', 1, 4, '2026-05-23 09:00:00'),
(1000, 283, 6, 0, 0, '国产手术机器人的进步令人欣慰', 1, 7, '2026-04-13 09:00:00'),
(1001, 291, 15, 0, 0, 'Ableton Live确实是电子音乐制作的最佳选择', 1, 3, '2026-03-29 09:00:00'),
(1002, 300, 8, 0, 0, '土壤健康是农业可持续发展的根基', 1, 4, '2026-05-21 09:00:00'),
(1003, 310, 10, 0, 0, 'TOD模式是城市精明增长的最佳实践', 1, 5, '2026-03-16 09:00:00'),
(1004, 337, 3, 0, 0, '中国高铁出海需要更多像雅万高铁这样的标杆项目', 1, 6, '2026-06-13 09:00:00'),
(1005, 263, 8, 0, 0, '钙钛矿的效率提升速度确实惊人', 1, 5, '2026-04-29 09:00:00'),
(1006, 271, 3, 0, 0, '地平线征程6的性能提升很大', 1, 4, '2026-04-19 09:00:00'),
(1007, 285, 9, 0, 0, '内容营销的核心确实是信任而非流量', 1, 6, '2026-05-09 09:00:00'),
(1008, 293, 7, 0, 0, '生成式填充让修图效率提升了十倍', 1, 5, '2026-06-11 09:00:00'),
(1009, 313, 10, 0, 0, '中国桥梁技术确实世界领先', 1, 4, '2026-03-03 09:00:00'),
(1010, 332, 3, 0, 0, 'Serverless是云原生的下一站', 1, 5, '2026-05-09 09:00:00'),
(1011, 345, 9, 0, 0, 'ESG披露从自愿到强制是必然趋势', 1, 3, '2026-06-23 09:00:00'),
(1012, 353, 6, 0, 0, '数字政府2.0的智能化方向值得期待', 1, 4, '2026-04-03 09:00:00');


-- ============================================================
-- 5. 点赞数据 (ID 1153+)
-- ============================================================

INSERT INTO cms_like (id, user_id, target_id, target_type, created_at) VALUES
(1153, 11, 256, 1, '2026-01-18 11:00:00'), (1154, 12, 256, 1, '2026-01-18 12:00:00'), (1155, 13, 256, 1, '2026-01-19 08:00:00'), (1156, 14, 256, 1, '2026-01-19 10:00:00'),
(1157, 11, 257, 1, '2026-03-12 10:00:00'), (1158, 13, 257, 1, '2026-03-12 11:00:00'), (1159, 15, 257, 1, '2026-03-13 08:00:00'),
(1160, 3, 258, 1, '2026-02-08 15:00:00'), (1161, 5, 258, 1, '2026-02-08 16:00:00'), (1162, 11, 258, 1, '2026-02-09 08:00:00'), (1163, 12, 258, 1, '2026-02-09 09:00:00'),
(1164, 3, 260, 1, '2026-01-28 10:00:00'), (1165, 12, 260, 1, '2026-01-28 11:00:00'), (1166, 13, 260, 1, '2026-01-29 08:00:00'), (1167, 14, 260, 1, '2026-01-29 09:00:00'),
(1168, 8, 262, 1, '2026-02-22 11:00:00'), (1169, 11, 262, 1, '2026-02-22 12:00:00'), (1170, 14, 262, 1, '2026-02-23 08:00:00'),
(1171, 3, 264, 1, '2026-03-05 11:00:00'), (1172, 13, 264, 1, '2026-03-05 12:00:00'), (1173, 11, 264, 1, '2026-03-06 08:00:00'), (1174, 14, 264, 1, '2026-03-06 09:00:00'),
(1175, 3, 266, 1, '2026-02-14 11:00:00'), (1176, 14, 266, 1, '2026-02-14 12:00:00'), (1177, 11, 266, 1, '2026-02-15 08:00:00'), (1178, 12, 266, 1, '2026-02-15 09:00:00'),
(1179, 4, 268, 1, '2026-03-20 11:00:00'), (1180, 12, 268, 1, '2026-03-20 12:00:00'), (1181, 11, 268, 1, '2026-03-21 08:00:00'),
(1182, 3, 270, 1, '2026-01-25 11:00:00'), (1183, 11, 270, 1, '2026-01-25 12:00:00'), (1184, 14, 270, 1, '2026-01-26 08:00:00'), (1185, 13, 270, 1, '2026-01-26 09:00:00'),
(1186, 6, 272, 1, '2026-02-05 11:00:00'), (1187, 13, 272, 1, '2026-02-05 12:00:00'), (1188, 11, 272, 1, '2026-02-06 08:00:00'),
(1189, 4, 274, 1, '2026-03-15 11:00:00'), (1190, 15, 274, 1, '2026-03-15 12:00:00'), (1191, 11, 274, 1, '2026-03-16 08:00:00'),
(1192, 3, 276, 1, '2026-02-28 11:00:00'), (1193, 11, 276, 1, '2026-02-28 12:00:00'), (1194, 14, 276, 1, '2026-03-01 08:00:00'), (1195, 13, 276, 1, '2026-03-01 09:00:00'),
(1196, 8, 278, 1, '2026-03-08 11:00:00'), (1197, 14, 278, 1, '2026-03-08 12:00:00'), (1198, 11, 278, 1, '2026-03-09 08:00:00'),
(1199, 6, 282, 1, '2026-02-18 11:00:00'), (1200, 13, 282, 1, '2026-02-18 12:00:00'), (1201, 11, 282, 1, '2026-02-19 08:00:00'), (1202, 14, 282, 1, '2026-02-19 09:00:00'),
(1203, 6, 283, 1, '2026-04-12 11:00:00'), (1204, 11, 283, 1, '2026-04-12 12:00:00'), (1205, 14, 283, 1, '2026-04-13 08:00:00'),
(1206, 9, 284, 1, '2026-02-25 11:00:00'), (1207, 12, 284, 1, '2026-02-25 12:00:00'), (1208, 11, 284, 1, '2026-02-26 08:00:00'),
(1209, 9, 287, 1, '2026-06-05 11:00:00'), (1210, 11, 287, 1, '2026-06-05 12:00:00'), (1211, 12, 287, 1, '2026-06-06 08:00:00'),
(1212, 15, 290, 1, '2026-01-30 11:00:00'), (1213, 11, 290, 1, '2026-01-30 12:00:00'), (1214, 14, 290, 1, '2026-01-31 08:00:00'),
(1215, 7, 292, 1, '2026-04-28 11:00:00'), (1216, 14, 292, 1, '2026-04-28 12:00:00'), (1217, 11, 292, 1, '2026-04-29 08:00:00'), (1218, 12, 292, 1, '2026-04-29 09:00:00'),
(1219, 6, 294, 1, '2026-02-08 11:00:00'), (1220, 15, 294, 1, '2026-02-08 12:00:00'), (1221, 11, 294, 1, '2026-02-09 08:00:00'),
(1222, 8, 302, 1, '2026-03-10 11:00:00'), (1223, 11, 302, 1, '2026-03-10 12:00:00'), (1224, 14, 302, 1, '2026-03-11 08:00:00'),
(1225, 3, 317, 1, '2026-04-25 11:00:00'), (1226, 14, 317, 1, '2026-04-25 12:00:00'), (1227, 11, 317, 1, '2026-04-26 08:00:00'), (1228, 12, 317, 1, '2026-04-26 09:00:00'),
(1229, 6, 325, 1, '2026-03-05 11:00:00'), (1230, 13, 325, 1, '2026-03-05 12:00:00'), (1231, 11, 325, 1, '2026-03-06 08:00:00'),
(1232, 5, 330, 1, '2026-04-15 11:00:00'), (1233, 11, 330, 1, '2026-04-15 12:00:00'), (1234, 14, 330, 1, '2026-04-16 08:00:00'),
(1235, 9, 341, 1, '2026-01-20 11:00:00'), (1236, 12, 341, 1, '2026-01-20 12:00:00'), (1237, 13, 341, 1, '2026-01-21 08:00:00'), (1238, 11, 341, 1, '2026-01-21 09:00:00'),
(1239, 9, 350, 1, '2026-01-05 11:00:00'), (1240, 11, 350, 1, '2026-01-05 12:00:00'), (1241, 14, 350, 1, '2026-01-06 08:00:00'),
(1242, 6, 352, 1, '2026-02-15 11:00:00'), (1243, 12, 352, 1, '2026-02-15 12:00:00'), (1244, 11, 352, 1, '2026-02-16 08:00:00'),
(1245, 6, 354, 1, '2026-06-01 11:00:00'), (1246, 11, 354, 1, '2026-06-01 12:00:00'), (1247, 13, 354, 1, '2026-06-02 08:00:00'),
(1248, 6, 355, 1, '2026-03-08 11:00:00'), (1249, 15, 355, 1, '2026-03-08 12:00:00'), (1250, 11, 355, 1, '2026-03-09 08:00:00'),
(1251, 11, 259, 1, '2026-04-15 11:00:00'), (1252, 3, 259, 1, '2026-04-15 12:00:00'),
(1253, 11, 261, 1, '2026-05-10 15:00:00'), (1254, 14, 261, 1, '2026-05-11 08:00:00'),
(1255, 11, 263, 1, '2026-04-28 10:00:00'), (1256, 14, 263, 1, '2026-04-29 08:00:00'),
(1257, 11, 265, 1, '2026-05-22 11:00:00'), (1258, 13, 265, 1, '2026-05-22 12:00:00'),
(1259, 11, 267, 1, '2026-04-08 15:00:00'), (1260, 14, 267, 1, '2026-04-09 08:00:00'),
(1261, 11, 269, 1, '2026-05-15 10:00:00'), (1262, 14, 269, 1, '2026-05-16 08:00:00'),
(1263, 11, 271, 1, '2026-04-18 11:00:00'), (1264, 13, 271, 1, '2026-04-18 12:00:00'),
(1265, 11, 273, 1, '2026-06-02 11:00:00'), (1266, 14, 273, 1, '2026-06-03 08:00:00'),
(1267, 11, 275, 1, '2026-05-28 11:00:00'), (1268, 13, 275, 1, '2026-05-28 12:00:00'),
(1269, 11, 277, 1, '2026-04-22 11:00:00'), (1270, 14, 277, 1, '2026-04-22 12:00:00'),
(1271, 11, 279, 1, '2026-05-18 11:00:00'), (1272, 14, 279, 1, '2026-05-18 12:00:00'),
(1273, 11, 281, 1, '2026-03-25 11:00:00'), (1274, 14, 281, 1, '2026-03-25 12:00:00'),
(1275, 11, 285, 1, '2026-05-08 11:00:00'), (1276, 12, 285, 1, '2026-05-08 12:00:00'),
(1277, 11, 286, 1, '2026-03-18 11:00:00'), (1278, 14, 286, 1, '2026-03-18 12:00:00'),
(1279, 11, 288, 1, '2026-02-12 11:00:00'), (1280, 14, 288, 1, '2026-02-12 12:00:00'),
(1281, 11, 289, 1, '2026-04-05 11:00:00'), (1282, 14, 289, 1, '2026-04-05 12:00:00'),
(1283, 11, 291, 1, '2026-03-28 11:00:00'), (1284, 15, 291, 1, '2026-03-28 12:00:00'),
(1285, 11, 293, 1, '2026-06-10 11:00:00'), (1286, 14, 293, 1, '2026-06-10 12:00:00'),
(1287, 11, 295, 1, '2026-05-02 11:00:00'), (1288, 15, 295, 1, '2026-05-02 12:00:00'),
(1289, 11, 315, 1, '2026-06-08 11:00:00'), (1290, 14, 315, 1, '2026-06-08 12:00:00'),
(1291, 11, 328, 1, '2026-01-10 11:00:00'), (1292, 14, 328, 1, '2026-01-10 12:00:00'),
(1293, 11, 335, 1, '2026-04-02 11:00:00'), (1294, 14, 335, 1, '2026-04-02 12:00:00'),
(1295, 11, 343, 1, '2026-04-08 11:00:00'), (1296, 14, 343, 1, '2026-04-08 12:00:00');


-- ============================================================
-- 6. 收藏数据 (ID 664+)
-- ============================================================

INSERT INTO cms_collect (id, user_id, article_id, group_name, created_at) VALUES
(664, 11, 256, '技术', '2026-01-18 12:00:00'),
(665, 13, 256, '默认', '2026-01-19 08:00:00'),
(666, 11, 257, '技术', '2026-03-12 11:00:00'),
(667, 15, 257, 'AI', '2026-03-13 08:00:00'),
(668, 11, 258, '技术', '2026-02-08 16:00:00'),
(669, 5, 258, '默认', '2026-02-09 08:00:00'),
(670, 11, 260, '安全', '2026-01-28 11:00:00'),
(671, 13, 260, '默认', '2026-01-29 08:00:00'),
(672, 11, 262, '能源', '2026-02-22 12:00:00'),
(673, 14, 262, '默认', '2026-02-23 08:00:00'),
(674, 11, 264, '芯片', '2026-03-05 12:00:00'),
(675, 13, 264, '技术', '2026-03-06 08:00:00'),
(676, 11, 266, '机器人', '2026-02-14 12:00:00'),
(677, 14, 266, '默认', '2026-02-15 08:00:00'),
(678, 11, 268, '智慧城市', '2026-03-20 12:00:00'),
(679, 12, 268, '默认', '2026-03-21 08:00:00'),
(680, 11, 270, '自动驾驶', '2026-01-25 12:00:00'),
(681, 14, 270, '技术', '2026-01-26 08:00:00'),
(682, 11, 272, '生物', '2026-02-05 12:00:00'),
(683, 13, 272, '默认', '2026-02-06 08:00:00'),
(684, 11, 274, '脑科学', '2026-03-15 12:00:00'),
(685, 15, 274, '默认', '2026-03-16 08:00:00'),
(686, 11, 276, '航天', '2026-02-28 12:00:00'),
(687, 14, 276, '默认', '2026-03-01 08:00:00'),
(688, 11, 278, '能源', '2026-03-08 12:00:00'),
(689, 14, 278, '默认', '2026-03-09 08:00:00'),
(690, 11, 282, '医学', '2026-02-18 12:00:00'),
(691, 13, 282, '默认', '2026-02-19 08:00:00'),
(692, 11, 284, '营销', '2026-02-25 12:00:00'),
(693, 12, 284, '默认', '2026-02-26 08:00:00'),
(694, 11, 287, '电商', '2026-06-05 12:00:00'),
(695, 12, 287, '默认', '2026-06-06 08:00:00'),
(696, 11, 292, '摄影', '2026-04-28 12:00:00'),
(697, 14, 292, '默认', '2026-04-29 08:00:00'),
(698, 11, 294, '认知', '2026-02-08 12:00:00'),
(699, 15, 294, '默认', '2026-02-09 08:00:00'),
(700, 11, 302, '能源', '2026-03-10 12:00:00'),
(701, 14, 302, '默认', '2026-03-11 08:00:00'),
(702, 11, 317, '汽车', '2026-04-25 12:00:00'),
(703, 14, 317, '默认', '2026-04-26 08:00:00'),
(704, 11, 325, '医药', '2026-03-05 12:00:00'),
(705, 13, 325, '默认', '2026-03-06 08:00:00'),
(706, 11, 330, '科技', '2026-04-15 12:00:00'),
(707, 14, 330, '默认', '2026-04-16 08:00:00'),
(708, 11, 341, '经济', '2026-01-20 12:00:00'),
(709, 13, 341, '默认', '2026-01-21 08:00:00'),
(710, 11, 350, '创业', '2026-01-05 12:00:00'),
(711, 14, 350, '默认', '2026-01-06 08:00:00'),
(712, 11, 354, '国际', '2026-06-01 12:00:00'),
(713, 13, 354, '默认', '2026-06-02 08:00:00'),
(714, 11, 355, '社会', '2026-03-08 12:00:00'),
(715, 15, 355, '默认', '2026-03-09 08:00:00'),
(716, 12, 259, '技术', '2026-04-15 12:00:00'),
(717, 12, 261, '安全', '2026-05-10 15:00:00'),
(718, 12, 263, '能源', '2026-04-28 10:00:00'),
(719, 12, 265, '芯片', '2026-05-22 12:00:00'),
(720, 12, 267, '机器人', '2026-04-08 15:00:00'),
(721, 12, 269, '智慧城市', '2026-05-15 10:00:00'),
(722, 12, 271, '自动驾驶', '2026-04-18 12:00:00'),
(723, 12, 273, '生物', '2026-06-02 12:00:00'),
(724, 12, 275, '脑科学', '2026-05-28 12:00:00'),
(725, 12, 277, '航天', '2026-04-22 12:00:00'),
(726, 12, 279, '能源', '2026-05-18 12:00:00'),
(727, 12, 281, '农业', '2026-03-25 12:00:00'),
(728, 12, 283, '医学', '2026-04-12 12:00:00'),
(729, 12, 285, '营销', '2026-05-08 12:00:00'),
(730, 12, 286, '电商', '2026-03-18 12:00:00'),
(731, 12, 288, '影视', '2026-02-12 12:00:00'),
(732, 12, 289, '影视', '2026-04-05 12:00:00'),
(733, 12, 290, '音乐', '2026-01-30 12:00:00'),
(734, 12, 291, '音乐', '2026-03-28 12:00:00'),
(735, 12, 293, '摄影', '2026-06-10 12:00:00'),
(736, 12, 295, '认知', '2026-05-02 12:00:00'),
(737, 12, 315, '设计', '2026-06-08 12:00:00'),
(738, 12, 328, '通信', '2026-01-10 12:00:00'),
(739, 12, 335, '交互', '2026-04-02 12:00:00'),
(740, 12, 343, '金融', '2026-04-08 12:00:00'),
(741, 13, 258, '技术', '2026-02-09 08:00:00'),
(742, 13, 261, '技术', '2026-01-30 08:00:00'),
(744, 13, 266, '机器人', '2026-02-15 08:00:00'),
(745, 13, 270, '自动驾驶', '2026-01-26 08:00:00'),
(746, 13, 276, '航天', '2026-03-01 08:00:00'),
(748, 13, 292, '摄影', '2026-04-29 08:00:00'),
(749, 13, 302, '能源', '2026-03-11 08:00:00'),
(750, 13, 317, '汽车', '2026-04-26 08:00:00'),
(751, 13, 330, '科技', '2026-04-16 08:00:00'),
(753, 13, 350, '创业', '2026-01-06 08:00:00'),
(754, 14, 257, 'AI', '2026-03-13 08:00:00'),
(755, 14, 268, '智慧城市', '2026-03-21 08:00:00'),
(756, 14, 274, '脑科学', '2026-03-16 08:00:00'),
(758, 14, 284, '营销', '2026-02-26 08:00:00'),
(759, 14, 287, '电商', '2026-06-06 08:00:00'),
(760, 14, 294, '认知', '2026-02-09 08:00:00'),
(761, 14, 325, '医药', '2026-03-06 08:00:00'),
(762, 14, 355, '社会', '2026-03-09 08:00:00'),
(763, 15, 258, '技术', '2026-02-09 08:00:00'),
(764, 15, 260, '安全', '2026-01-29 08:00:00'),
(765, 15, 266, '机器人', '2026-02-15 08:00:00'),
(766, 15, 270, '自动驾驶', '2026-01-26 08:00:00'),
(767, 15, 276, '航天', '2026-03-01 08:00:00'),
(768, 15, 282, '医学', '2026-02-19 08:00:00'),
(769, 15, 290, '音乐', '2026-01-31 08:00:00'),
(770, 15, 295, '认知', '2026-05-02 08:00:00'),
(771, 15, 341, '经济', '2026-01-21 08:00:00'),
(772, 15, 354, '国际', '2026-06-02 08:00:00');


-- ============================================================
-- 7. 浏览历史 (ID 664+)
-- ============================================================

INSERT INTO cms_view_history (id, user_id, article_id, view_duration, created_at) VALUES
(664, 11, 256, 180, '2026-01-18 10:05:00'), (665, 12, 256, 120, '2026-01-18 10:30:00'), (666, 13, 256, 90, '2026-01-19 08:00:00'),
(667, 11, 257, 150, '2026-03-12 09:05:00'), (668, 13, 257, 200, '2026-03-12 09:30:00'),
(669, 11, 258, 240, '2026-02-08 14:05:00'), (670, 5, 258, 180, '2026-02-08 14:30:00'), (671, 12, 258, 120, '2026-02-09 08:00:00'),
(672, 11, 260, 160, '2026-01-28 09:05:00'), (673, 12, 260, 130, '2026-01-28 09:30:00'),
(674, 11, 262, 200, '2026-02-22 10:05:00'), (675, 14, 262, 150, '2026-02-22 10:30:00'),
(676, 11, 264, 180, '2026-03-05 10:05:00'), (677, 13, 264, 220, '2026-03-05 10:30:00'),
(678, 11, 266, 250, '2026-02-14 10:05:00'), (679, 14, 266, 180, '2026-02-14 10:30:00'),
(680, 11, 268, 170, '2026-03-20 10:05:00'), (681, 12, 268, 140, '2026-03-20 10:30:00'),
(682, 11, 270, 200, '2026-01-25 10:05:00'), (683, 14, 270, 160, '2026-01-25 10:30:00'),
(684, 11, 272, 190, '2026-02-05 10:05:00'), (685, 13, 272, 150, '2026-02-05 10:30:00'),
(686, 11, 274, 140, '2026-03-15 10:05:00'), (687, 15, 274, 110, '2026-03-15 10:30:00'),
(688, 11, 276, 210, '2026-02-28 10:05:00'), (689, 14, 276, 170, '2026-02-28 10:30:00'),
(690, 11, 278, 160, '2026-03-08 10:05:00'), (691, 14, 278, 130, '2026-03-08 10:30:00'),
(692, 11, 280, 120, '2026-01-12 10:05:00'), (693, 14, 280, 90, '2026-01-12 10:30:00'),
(694, 11, 282, 200, '2026-02-18 10:05:00'), (695, 13, 282, 170, '2026-02-18 10:30:00'),
(696, 11, 284, 130, '2026-02-25 10:05:00'), (697, 12, 284, 100, '2026-02-25 10:30:00'),
(698, 11, 287, 150, '2026-06-05 10:05:00'), (699, 12, 287, 120, '2026-06-05 10:30:00'),
(700, 11, 290, 110, '2026-01-30 10:05:00'), (701, 15, 290, 90, '2026-01-30 10:30:00'),
(702, 11, 292, 180, '2026-04-28 10:05:00'), (703, 14, 292, 150, '2026-04-28 10:30:00'),
(704, 11, 294, 140, '2026-02-08 10:05:00'), (705, 15, 294, 110, '2026-02-08 10:30:00'),
(706, 11, 295, 160, '2026-05-02 10:05:00'), (707, 15, 295, 130, '2026-05-02 10:30:00'),
(708, 11, 302, 170, '2026-03-10 10:05:00'), (709, 14, 302, 140, '2026-03-10 10:30:00'),
(710, 11, 317, 200, '2026-04-25 10:05:00'), (711, 14, 317, 170, '2026-04-25 10:30:00'),
(712, 11, 325, 180, '2026-03-05 10:05:00'), (713, 13, 325, 150, '2026-03-05 10:30:00'),
(714, 11, 330, 160, '2026-04-15 10:05:00'), (715, 14, 330, 130, '2026-04-15 10:30:00'),
(716, 11, 341, 190, '2026-01-20 10:05:00'), (717, 13, 341, 160, '2026-01-20 10:30:00'),
(718, 11, 350, 170, '2026-01-05 10:05:00'), (719, 14, 350, 140, '2026-01-05 10:30:00'),
(720, 11, 354, 150, '2026-06-01 10:05:00'), (721, 13, 354, 120, '2026-06-01 10:30:00'),
(722, 11, 355, 130, '2026-03-08 10:05:00'), (723, 15, 355, 100, '2026-03-08 10:30:00'),
(724, 12, 259, 140, '2026-04-15 10:30:00'), (725, 12, 261, 120, '2026-05-10 14:30:00'),
(726, 12, 263, 110, '2026-04-28 09:30:00'), (727, 12, 265, 130, '2026-05-22 10:30:00'),
(728, 12, 267, 150, '2026-04-08 14:30:00'), (729, 12, 269, 120, '2026-05-15 09:30:00'),
(730, 12, 271, 140, '2026-04-18 10:30:00'), (731, 12, 273, 110, '2026-06-02 10:30:00'),
(732, 12, 275, 130, '2026-05-28 10:30:00'), (733, 12, 277, 150, '2026-04-22 10:30:00'),
(734, 12, 279, 120, '2026-05-18 10:30:00'), (735, 12, 281, 100, '2026-03-25 10:30:00'),
(736, 12, 283, 140, '2026-04-12 10:30:00'), (737, 12, 285, 110, '2026-05-08 10:30:00'),
(738, 12, 286, 130, '2026-03-18 10:30:00'), (739, 12, 288, 150, '2026-02-12 10:30:00'),
(740, 12, 289, 120, '2026-04-05 10:30:00'), (741, 12, 291, 100, '2026-03-28 10:30:00'),
(742, 12, 293, 110, '2026-06-10 10:30:00'), (743, 12, 315, 130, '2026-06-08 10:30:00'),
(744, 12, 328, 140, '2026-01-10 10:30:00'), (745, 12, 335, 120, '2026-04-02 10:30:00'),
(746, 12, 343, 130, '2026-04-08 10:30:00'), (747, 12, 352, 110, '2026-02-15 10:30:00'),
(748, 13, 258, 160, '2026-02-09 08:30:00'), (749, 13, 260, 140, '2026-01-29 08:30:00'),
(750, 13, 264, 170, '2026-03-06 08:30:00'), (751, 13, 266, 190, '2026-02-15 08:30:00'),
(752, 13, 270, 180, '2026-01-26 08:30:00'), (753, 13, 276, 200, '2026-03-01 08:30:00'),
(754, 13, 282, 170, '2026-02-19 08:30:00'), (755, 13, 292, 150, '2026-04-29 08:30:00'),
(756, 13, 302, 140, '2026-03-11 08:30:00'), (757, 13, 317, 160, '2026-04-26 08:30:00'),
(758, 13, 330, 130, '2026-04-16 08:30:00'), (759, 13, 341, 150, '2026-01-21 08:30:00'),
(760, 13, 350, 140, '2026-01-06 08:30:00'), (761, 14, 257, 120, '2026-03-13 08:30:00'),
(762, 14, 268, 130, '2026-03-21 08:30:00'), (763, 14, 274, 110, '2026-03-16 08:30:00'),
(764, 14, 278, 140, '2026-03-09 08:30:00'), (765, 14, 284, 120, '2026-02-26 08:30:00'),
(766, 14, 287, 130, '2026-06-06 08:30:00'), (767, 14, 294, 110, '2026-02-09 08:30:00'),
(768, 14, 325, 150, '2026-03-06 08:30:00'), (769, 14, 355, 120, '2026-03-09 08:30:00'),
(770, 15, 258, 130, '2026-02-09 08:30:00'), (771, 15, 260, 110, '2026-01-29 08:30:00'),
(772, 15, 266, 140, '2026-02-15 08:30:00'), (773, 15, 270, 120, '2026-01-26 08:30:00'),
(774, 15, 276, 150, '2026-03-01 08:30:00'), (775, 15, 282, 130, '2026-02-19 08:30:00'),
(776, 15, 290, 100, '2026-01-31 08:30:00'), (777, 15, 295, 120, '2026-05-02 08:30:00'),
(778, 15, 341, 110, '2026-01-21 08:30:00'), (779, 15, 354, 130, '2026-06-02 08:30:00'),
(780, NULL, 256, 60, '2026-01-18 11:00:00'), (781, NULL, 266, 45, '2026-02-14 11:00:00'),
(782, NULL, 270, 50, '2026-01-25 11:00:00'), (783, NULL, 276, 55, '2026-02-28 11:00:00'),
(784, NULL, 282, 40, '2026-02-18 11:00:00'), (785, NULL, 292, 45, '2026-04-28 11:00:00'),
(786, NULL, 317, 50, '2026-04-25 11:00:00'), (787, NULL, 341, 35, '2026-01-20 11:00:00'),
(788, NULL, 350, 40, '2026-01-05 11:00:00'), (789, NULL, 354, 45, '2026-06-01 11:00:00');


-- ============================================================
-- AUTO_INCREMENT 重置
-- ============================================================

ALTER TABLE cms_article AUTO_INCREMENT = 356;
ALTER TABLE cms_article_tag AUTO_INCREMENT = 1327;
ALTER TABLE cms_article_image AUTO_INCREMENT = 524;
ALTER TABLE cms_comment AUTO_INCREMENT = 1013;
ALTER TABLE cms_like AUTO_INCREMENT = 1297;
ALTER TABLE cms_collect AUTO_INCREMENT = 773;
ALTER TABLE cms_view_history AUTO_INCREMENT = 790;