-- ============================================================
-- 知讯平台 - 扩展作品种子数据 (第二部分: 作品156-255)
-- 用途：覆盖三级分类，确保每个细分领域都有内容
-- 执行顺序：在 04-seed-articles-part1.sql 之后执行
-- ============================================================

-- ============================================================
-- 1. 作品数据 (ID 156-255)
-- 分类136-200各1篇(65篇) + 热门分类额外35篇
-- ============================================================

INSERT INTO cms_article (id, author_id, category_id, title, summary, content, cover_image, status, is_top, is_recommend, view_count, like_count, comment_count, collect_count, hot_score, publish_at, created_at, updated_at) VALUES
(156, 6, 136, '昆曲六百年：从水磨腔到现代舞台的传承与新生', '昆曲被誉为"百戏之祖"，六百年来几经兴衰而不绝。本文追溯昆曲的发展脉络，探讨这一古老艺术在当代的传承与创新。', '<h2>昆曲的起源与鼎盛</h2><p>元末明初，昆山腔在江苏昆山一带兴起。魏良辅对昆山腔进行改革，创造出细腻优雅的"水磨腔"，昆曲由此走向全国。明清两代是昆曲的黄金时期，上至宫廷下至市井，"家家唱昆曲"成为一时风尚。</p><h2>从衰落中重生</h2><p>清中叶以后，花部兴起，昆曲逐渐式微。20世纪初，昆曲几近消亡。1956年，浙江昆苏剧团进京演出《十五贯》，"一出戏救活了一个剧种"，昆曲迎来新生。</p><h2>非遗时代的传承</h2><p>2001年，昆曲被联合国教科文组织列为"人类口头和非物质遗产代表作"。白先勇制作的青春版《牡丹亭》让昆曲走进大学校园，培养了一大批年轻观众。</p><h2>当代创新实践</h2><p>数字技术为昆曲传承提供了新路径。虚拟现实技术让观众沉浸式体验昆曲舞台，AI辅助身段记录和教学，让这一古老艺术在数字时代焕发新的生命力。</p>', 'https://picsum.photos/seed/art156/800/450', 2, 0, 1, 2345, 156, 28, 67, 645.3, '2026-01-18 10:00:00', '2026-01-18 00:00:00', '2026-01-18 10:00:00'),
(157, 7, 137, '街头摄影的艺术：用镜头捕捉城市的呼吸', '街头摄影是最贴近生活的艺术形式。无需昂贵的器材，只需一双善于发现的眼睛和一颗敏感的心，就能记录下城市最真实的瞬间。', '<h2>什么是街头摄影</h2><p>街头摄影不是简单的街拍，而是在公共空间中捕捉决定性瞬间。它要求摄影师具备敏锐的观察力、快速的反应能力和对光影的深刻理解。</p><h2>器材选择</h2><p>街头摄影的黄金法则是"轻装上阵"。一台小巧的定焦相机（28mm或35mm）足以应对大部分场景。手机摄影的进步让街头摄影的门槛进一步降低。</p><h2>构图与光线</h2><p>寻找有趣的几何线条和光影对比。利用建筑物的框架、地面的反射、雨天的水洼，创造出富有层次感的画面。记住：好的光线胜过好的相机。</p><h2>法律与伦理</h2><p>在公共空间拍摄通常不违法，但尊重被摄者的感受是基本的伦理底线。如果对方表示不愿意被拍摄，应该尊重其意愿。街头摄影的核心是真实，而非偷窥。</p>', 'https://picsum.photos/seed/art157/800/450', 2, 0, 0, 1890, 123, 22, 48, 523.4, '2026-01-22 14:00:00', '2026-01-22 00:00:00', '2026-01-22 14:00:00'),
(158, 15, 138, '华语电影新浪潮：从文艺片到类型片的蜕变', '华语电影正在经历一场深刻的转型。从文艺片的国际声誉到类型片的商业成功，新一代电影人正在重新定义华语电影的面貌。', '<h2>文艺片的国际之路</h2><p>从张艺谋、贾樟柯到毕赣，华语文艺片在国际影展上屡获殊荣。但文艺片的国内票房始终不尽如人意，"叫好不叫座"成为常态。</p><h2>类型片的崛起</h2><p>《流浪地球》系列开启了中国科幻电影的大门，《封神》展示了中国神话史诗的可能性，《消失的她》证明了悬疑类型的市场潜力。类型片的成熟是电影工业化的标志。</p><h2>新导演的多元探索</h2><p>90后导演开始崭露头角，他们成长于互联网时代，对类型语言更加熟悉，对年轻观众的审美更加敏感。短视频美学正在影响长片创作。</p><h2>流媒体与院线的共生</h2><p>流媒体平台为中小成本电影提供了新的发行渠道。网络电影的质量也在快速提升，院线与流媒体的界限正在模糊。</p>', 'https://picsum.photos/seed/art158/800/450', 2, 0, 1, 2678, 178, 32, 72, 734.5, '2026-02-05 10:00:00', '2026-02-05 00:00:00', '2026-02-05 10:00:00'),
(159, 6, 139, '三星堆再惊天下：揭秘古蜀文明的神秘面纱', '三星堆遗址的每一次发掘都引发全球关注。2026年最新一轮考古发掘出土了大量珍贵文物，再次刷新了我们对古蜀文明的认知。', '<h2>三星堆的发现</h2><p>1986年，三星堆遗址两个祭祀坑的发现震惊了世界。青铜大立人、青铜神树、黄金面具……这些前所未见的文物，揭示了一个与中原文明截然不同的古蜀文明。</p><h2>新一轮发掘的突破</h2><p>2020年启动的新一轮发掘采用了最先进的考古技术，在多学科协作下取得了重大突破。新出土的青铜器、玉器和金器数量惊人，造型更加奇特。</p><h2>古蜀文明的解读</h2><p>三星堆文明约存在于公元前1600年至公元前1100年，与商代同期。它拥有高度发达的青铜铸造技术，但其文字系统至今未被破译。青铜大立人手持何物，仍是未解之谜。</p><h2>考古技术的革新</h2><p>此次发掘全程使用恒温恒湿的考古方舱，3D扫描和AI辅助文物修复大大提升了工作效率。考古正在从"手铲加毛刷"走向"科技加数据"的新时代。</p>', 'https://picsum.photos/seed/art159/800/450', 2, 0, 1, 3456, 234, 38, 89, 923.4, '2026-02-12 14:00:00', '2026-02-12 00:00:00', '2026-02-12 14:00:00'),
(160, 6, 140, '丝绸之路的千年回响：从驼铃到中欧班列', '丝绸之路不仅是贸易通道，更是文明交流的桥梁。从古代的驼铃声声到今天的中欧班列，丝路精神延续千年而不衰。', '<h2>丝绸之路的开辟</h2><p>公元前138年，张骞出使西域，打通了中原与中亚的交通要道。此后，丝绸、茶叶、瓷器西去，香料、宝石、玻璃东来，一条横跨欧亚大陆的贸易网络逐渐形成。</p><h2>文明交流的桥梁</h2><p>丝绸之路不仅是商品贸易的通道，更是文化、宗教、技术的传播路径。佛教经丝路传入中国，造纸术经丝路传向西方，伊斯兰教沿丝路扩散。每一次交流都在改变着参与者的文明面貌。</p><h2>海上丝绸之路</h2><p>宋元时期，海上丝绸之路兴盛。泉州成为世界最大的港口之一，中国的瓷器远销非洲东海岸。郑和下西洋将海上丝路推向巅峰。</p><h2>当代丝路</h2><p>中欧班列已累计开行超过10万列，成为新时代的"钢铁驼队"。"一带一路"倡议正在重新连接欧亚大陆，续写丝路新篇章。</p>', 'https://picsum.photos/seed/art160/800/450', 2, 0, 0, 1789, 134, 24, 52, 489.6, '2026-02-18 10:00:00', '2026-02-18 00:00:00', '2026-02-18 10:00:00'),
(161, 6, 141, 'AI时代的伦理困境：当机器开始做决定', '人工智能正在越来越多地参与甚至主导决策过程。当算法决定谁能获得贷款、谁该被录用、谁应接受治疗时，我们如何确保这些决策是公正的？', '<h2>算法偏见：数据中的歧视</h2><p>AI系统的训练数据来自人类社会的过去，其中不可避免地包含了各种偏见和歧视。如果不加干预，AI会放大而非消除这些偏见。</p><h2>自动驾驶的道德困境</h2><p>当自动驾驶汽车面临不可避免的碰撞时，它应该如何选择？保护乘客还是行人？这个经典的"电车难题"在自动驾驶时代变成了必须回答的现实问题。</p><h2>AI的责任归属</h2><p>当AI系统造成损害时，责任应该由谁承担？开发者、使用者还是AI本身？现有的法律框架尚未对此做出充分回应。</p><h2>构建AI伦理框架</h2><p>透明性、可解释性、公平性、隐私保护——这些原则应成为AI开发的底线。技术发展不应超越伦理讨论，我们需要在技术进步与人文关怀之间找到平衡。</p>', 'https://picsum.photos/seed/art161/800/450', 2, 0, 1, 2345, 167, 30, 67, 645.3, '2026-02-25 10:00:00', '2026-02-25 00:00:00', '2026-02-25 10:00:00'),
(162, 4, 142, '逻辑思维训练：如何识别和避免常见的逻辑谬误', '在信息爆炸的时代，逻辑思维能力比以往任何时候都更加重要。本文梳理了日常生活中最常见的逻辑谬误，帮你建立更清晰的思维框架。', '<h2>为什么需要逻辑思维</h2><p>每天我们都在做判断和决策，但很多判断建立在有缺陷的推理之上。识别逻辑谬误是提升思维质量的第一步。</p><h2>常见的逻辑谬误</h2><h3>稻草人谬误</h3><p>歪曲对方的观点然后加以攻击，而不是回应对方的真实论点。这在网络争论中极为常见。</p><h3>诉诸人身</h3><p>攻击提出论点的人而非论点本身。"你又不是专家，凭什么说"就是典型的诉诸人身。</p><h3>虚假两难</h3><p>将复杂问题简化为只有两个选项，忽略其他可能性。"不支持我就是反对我"就是虚假两难的典型。</p><h2>如何建立逻辑思维</h2><p>1. 区分事实与观点；2. 追问论证的前提是否成立；3. 检查推理过程是否完整；4. 警惕情感对判断的干扰；5. 保持开放心态，愿意修正自己的观点。</p>', 'https://picsum.photos/seed/art162/800/450', 2, 0, 0, 1567, 112, 20, 45, 434.5, '2026-03-02 10:00:00', '2026-03-02 00:00:00', '2026-03-02 10:00:00'),
(163, 10, 143, '东方美学的当代诠释：从留白到极简', '东方美学强调"意在言外"，西方美学追求"形式完备"。当东方美学遇上当代设计，会碰撞出怎样的火花？', '<h2>东方美学的核心概念</h2><p>留白、意境、气韵、虚实——这些概念构成了东方美学的独特语言。它不追求填满和穷尽，而是在"未完成"中留下想象空间。</p><h2>留白的力量</h2><p>中国画中的留白不是"空"，而是"虚中有实"。马远的《寒江独钓图》中，大片空白是水、是天、是雾，更是观者心中的无限遐想。</p><h2>侘寂之美</h2><p>日本美学中的侘寂，欣赏不完美、无常和未完成之美。这与当代极简主义和可持续设计理念不谋而合。</p><h2>东方美学在当代设计中的应用</h2><p>从无印良品的产品设计到隈研吾的建筑，从原研哉的平面设计到深泽直人的交互设计，东方美学正在以当代语言重新诠释，影响全球设计趋势。</p>', 'https://picsum.photos/seed/art163/800/450', 2, 0, 1, 1890, 134, 24, 56, 523.4, '2026-03-08 14:00:00', '2026-03-08 00:00:00', '2026-03-08 14:00:00'),
(164, 6, 144, '世界宗教概览：信仰如何塑造人类文明', '宗教是人类文明最古老也最持久的文化现象之一。本文概览世界主要宗教的核心教义和历史影响，理解信仰在文明进程中的角色。', '<h2>宗教的起源</h2><p>宗教起源于人类对未知和死亡的恐惧，以及对意义和秩序的渴望。最早的宗教迹象可追溯到10万年前的尼安德特人墓葬仪式。</p><h2>世界主要宗教</h2><p>基督教、伊斯兰教、印度教、佛教、犹太教——五大宗教各有其独特的世界观和修行体系。它们在历史长河中相互影响，共同塑造了人类文明的面貌。</p><h2>宗教与科学</h2><p>宗教与科学的关系并非简单的对立。许多伟大的科学家同时也是虔诚的信徒。关键在于理解宗教回答的是"为什么"的问题，而科学回答的是"怎么做"的问题。</p><h2>世俗化与宗教复兴</h2><p>现代化带来了世俗化趋势，但宗教并未消亡。在全球范围内，宗教正在以新的形式复兴。理解宗教，是理解当代世界的一把钥匙。</p>', 'https://picsum.photos/seed/art164/800/450', 2, 0, 0, 1234, 89, 16, 34, 345.6, '2026-03-15 10:00:00', '2026-03-15 00:00:00', '2026-03-15 10:00:00'),
(165, 14, 145, '电子竞技入亚运：游戏如何成为体育', '2026年亚运会将电子竞技列为正式比赛项目。从"玩物丧志"到"为国争光"，电子竞技用了二十年完成了身份的华丽转身。', '<h2>电子竞技的崛起</h2><p>全球电竞观众已超过5亿，赛事奖金池不断刷新纪录。英雄联盟世界锦标赛的观看人数超过了许多传统体育赛事的决赛。</p><h2>从游戏到竞技</h2><p>电子竞技与传统体育的核心共性在于：高度的技巧性、严格的规则、公平的竞争和团队协作。顶级电竞选手的反应速度、手眼协调和战术理解能力，不亚于传统运动员的身体素质。</p><h2>职业化之路</h2><p>电竞职业选手的训练强度不亚于传统运动员——每天8-12小时的训练、严格的作息管理、专业的心理辅导和营养搭配。</p><h2>争议与未来</h2><p>电竞入亚运仍有争议。反对者认为缺乏身体运动就不算体育，支持者则认为体育的定义应该与时俱进。无论如何，电竞已经成为Z世代最重要的文化现象之一。</p>', 'https://picsum.photos/seed/art165/800/450', 2, 0, 1, 2678, 189, 34, 72, 734.5, '2026-03-22 10:00:00', '2026-03-22 00:00:00', '2026-03-22 10:00:00'),
(166, 14, 146, '科学训练方法论：运动表现提升的底层逻辑', '顶级运动员和普通爱好者的差距，往往不在于天赋，而在于训练方法的科学性。本文系统介绍现代运动训练的核心方法论。', '<h2>训练的黄金法则</h2><p>超负荷原则、特异性原则、可逆性原则和个体差异原则——这四大法则是所有训练计划的基石。理解它们，才能避免"练了很多但进步很慢"的困境。</p><h2>周期化训练</h2><p>将全年训练划分为准备期、竞赛期和过渡期，每个阶段的训练重点和强度不同。科学的周期化安排能确保在关键比赛时达到最佳状态。</p><h2>恢复也是训练</h2><p>训练破坏，恢复建设。没有充分的恢复，训练效果会大打折扣。睡眠、营养、主动恢复、冷热交替疗法——恢复手段和训练手段同样重要。</p><h2>数据驱动的训练</h2><p>可穿戴设备让训练数据化成为可能。心率变异性、血乳酸阈值、功率输出——用数据指导训练决策，让每一分努力都花在刀刃上。</p>', 'https://picsum.photos/seed/art166/800/450', 2, 0, 0, 1567, 112, 20, 45, 434.5, '2026-03-28 14:00:00', '2026-03-28 00:00:00', '2026-03-28 14:00:00'),
(167, 7, 147, '可持续旅游：当旅行成为责任', '旅游业是全球最大的产业之一，但也带来了环境破坏和文化侵蚀等问题。可持续旅游不是不旅行，而是更负责任地旅行。', '<h2>旅游业的负面影响</h2><p>过度旅游导致景区生态退化、当地居民生活被打扰、文化商品化。威尼斯、巴厘岛等热门目的地已经不堪重负。</p><h2>可持续旅游的原则</h2><p>减少碳足迹、尊重当地文化、支持本地经济、保护自然环境。每一次旅行选择，都可以成为对目的地的一份善意。</p><h2>生态旅游实践</h2><p>哥斯达黎加是生态旅游的典范。通过将旅游收入用于雨林保护，实现了经济发展与生态保护的双赢。</p><h2>旅行者的行动指南</h2><p>选择淡季出行、使用公共交通、住当地民宿而非国际连锁酒店、购买本地手工艺品而非批量纪念品。负责任的旅行，让世界因你的到来而更好。</p>', 'https://picsum.photos/seed/art167/800/450', 2, 0, 0, 1345, 98, 18, 38, 378.9, '2026-04-02 10:00:00', '2026-04-02 00:00:00', '2026-04-02 10:00:00'),
(168, 9, 148, '精品酒店设计：从住宿体验到生活方式', '精品酒店不再只是提供一张床，而是提供一种独特的生活方式。本文探讨精品酒店的设计哲学和运营之道。', '<h2>精品酒店的兴起</h2><p>千禧一代和Z世代旅行者不再满足于千篇一律的连锁酒店。他们追求独特的体验、在地文化的融入和社交媒体上的"出片率"。</p><h2>设计驱动体验</h2><p>安缦、六善、虹夕诺雅——顶级精品酒店品牌都把设计作为核心竞争力。每一家店都是独一无二的，与当地文化深度连接。</p><h2>在地文化的表达</h2><p>最好的精品酒店是当地文化的容器。从建筑风格到室内装饰，从餐饮菜单到活动安排，每一个细节都在讲述当地的故事。</p><h2>科技与温度的平衡</h2><p>智能客房控制、无接触入住、个性化推荐——科技提升了效率，但不能取代人与人之间的温度。精品酒店的核心竞争力，始终是"人"的服务。</p>', 'https://picsum.photos/seed/art168/800/450', 2, 0, 0, 1123, 76, 14, 28, 312.4, '2026-04-08 14:00:00', '2026-04-08 00:00:00', '2026-04-08 14:00:00'),
(169, 3, 149, '游戏叙事设计：如何让玩家成为故事的主角', '最好的游戏不是让你看故事，而是让你活故事。本文探讨游戏叙事设计的核心原则和经典案例。', '<h2>游戏叙事的独特性</h2><p>与电影和小说不同，游戏叙事最大的特点是玩家拥有能动性。玩家不是故事的旁观者，而是故事的参与者甚至创造者。</p><h2>环境叙事</h2><p>最好的游戏叙事不需要大量对话和过场动画。《黑暗之魂》通过物品描述、场景细节和敌人分布来讲述故事，让玩家自己拼凑出完整的世界观。</p><h2>分支叙事与选择</h2><p>《博德之门3》展示了分支叙事的巅峰水准。玩家的每一个选择都有真实的后果，不同的选择导致截然不同的故事走向和结局。</p><h2>叙事与玩法的融合</h2><p>叙事和玩法不应是割裂的。最好的游戏设计让叙事需求驱动玩法创新，让玩法机制服务于叙事表达。《最后生还者》的结局选择就是叙事与玩法完美融合的典范。</p>', 'https://picsum.photos/seed/art169/800/450', 2, 0, 1, 2345, 167, 30, 67, 645.3, '2026-04-15 10:00:00', '2026-04-15 00:00:00', '2026-04-15 10:00:00'),
(170, 8, 150, '阳台花园指南：城市人的绿色治愈术', '没有院子不代表不能拥有花园。一个阳台、几盆植物，就能在城市中创造一片属于自己的绿色天地。', '<h2>阳台花园的规划</h2><p>首先要评估阳台的朝向、光照和承重条件。南向阳台光照充足适合种花种菜，北向阳台适合耐阴植物。承重有限则选择轻质花盆和土壤。</p><h2>新手友好的植物推荐</h2><p>多肉植物：几乎不用管就能活；薄荷：生命力旺盛，泡茶做菜都好用；矮生番茄：阳台也能种出好吃的番茄；月季：品种丰富，花期长，阳台也能养出好花。</p><h2>容器与土壤选择</h2><p>排水是关键。花盆底部必须有排水孔，土壤选择疏松透气的配方。椰糠、珍珠岩、蛭石按比例混合是万能配方。</p><h2>日常养护要点</h2><p>浇水遵循"见干见湿"原则，施肥薄肥勤施，定期修剪促进分枝。观察植物的状态是最好的老师——叶片发黄、徒长、萎蔫都是植物在"说话"。</p>', 'https://picsum.photos/seed/art170/800/450', 2, 0, 0, 987, 67, 12, 22, 267.8, '2026-04-20 10:00:00', '2026-04-20 00:00:00', '2026-04-20 10:00:00'),
(171, 6, 151, '认识焦虑：当正常情绪变成心理障碍', '焦虑是人类的正常情绪，但当它失控时就会成为心理障碍。本文帮助你认识焦虑、理解焦虑，并找到应对焦虑的方法。', '<h2>焦虑的双面性</h2><p>适度的焦虑是生存的保障——它让我们提前预判危险并做好准备。但当焦虑过度、持续且无法控制时，它就从保护者变成了折磨者。</p><h2>焦虑障碍的类型</h2><p>广泛性焦虑障碍、社交焦虑障碍、恐慌障碍、特定恐惧症……不同类型的焦虑障碍有不同的表现和治疗方案。</p><h2>焦虑的身体信号</h2><p>心跳加速、呼吸急促、肌肉紧张、胃部不适、失眠——焦虑不只是"想太多"，它有真实的身体反应。理解这些信号，是管理焦虑的第一步。</p><h2>应对策略</h2><p>腹式呼吸、渐进性肌肉放松、正念冥想、认知重构——这些是经过科学验证的焦虑管理技术。如果自我调节效果有限，寻求专业帮助是明智的选择。</p>', 'https://picsum.photos/seed/art171/800/450', 2, 0, 1, 2890, 198, 34, 78, 789.6, '2026-04-25 10:00:00', '2026-04-25 00:00:00', '2026-04-25 10:00:00'),
(172, 4, 152, '认知科学前沿：我们如何理解"理解"本身', '认知科学是研究心智和智能的跨学科领域。从感知到记忆，从语言到决策，认知科学正在揭示人类思维的最深层奥秘。', '<h2>什么是认知科学</h2><p>认知科学融合了心理学、神经科学、语言学、哲学、计算机科学和人类学六大学科，共同研究心智和智能的本质。</p><h2>感知与注意</h2><p>我们以为看到的是世界的真实面貌，但大脑实际上在不断"猜测"和"填补"。选择性注意实验表明，我们只能意识到进入意识的信息的一小部分。</p><h2>记忆的重构性</h2><p>记忆不是录像回放，而是每次回忆都在重新构建。这就是为什么目击者证词不可靠，也是为什么我们可以拥有"虚假记忆"。</p><h2>AI与认知的对话</h2><p>大语言模型的出现为认知科学提供了新的研究工具和理论挑战。AI的"理解"与人类的理解有何本质区别？这个问题正在推动认知科学的新一轮范式转变。</p>', 'https://picsum.photos/seed/art172/800/450', 2, 0, 1, 1890, 134, 24, 56, 523.4, '2026-05-01 10:00:00', '2026-05-01 00:00:00', '2026-05-01 10:00:00'),
(173, 4, 153, '大脑可塑性：你的大脑比你想象的更强大', '神经科学研究表明，大脑具有惊人的可塑性——它可以在一生中不断改变和适应。这一发现彻底改变了我们对学习和康复的理解。', '<h2>大脑可塑性的发现</h2><p>传统观点认为成年大脑不可改变，但20世纪末的研究推翻了这一假设。伦敦出租车司机负责空间导航的海马体比常人更大，这证明了经验可以改变大脑结构。</p><h2>学习改变大脑</h2><p>每学习一项新技能，大脑中对应的神经网络就会加强。学乐器增强听觉和运动皮层的连接，学外语增加灰质密度，学杂耍改变视觉和运动区域。</p><h2>康复的神经基础</h2><p>中风患者通过健侧肢体的代偿训练和神经通路的重建，可以恢复部分功能。大脑可塑性为神经康复提供了理论基础。</p><h2>保持大脑年轻的秘诀</h2><p>持续学习新技能、规律运动、充足睡眠、社交活动——这些都能促进大脑可塑性。大脑不是用进废退，而是越用越灵活。</p>', 'https://picsum.photos/seed/art173/800/450', 2, 0, 0, 1678, 123, 22, 48, 467.8, '2026-05-06 14:00:00', '2026-05-06 00:00:00', '2026-05-06 14:00:00'),
(174, 6, 154, '心理咨询入门指南：什么时候该寻求专业帮助', '心理咨询不是"有病才去"，而是像体检一样重要的心理健康维护方式。本文帮你了解何时需要寻求专业帮助，以及如何选择合适的咨询师。', '<h2>打破心理咨询的偏见</h2><p>在中国，寻求心理咨询仍被视为"有心理问题"的标志。事实上，心理咨询是维护心理健康的正常方式，就像健身是维护身体健康一样。</p><h2>何时该寻求帮助</h2><p>持续两周以上的情绪低落、严重影响日常生活的焦虑、反复出现的人际关系问题、重大生活变故后的适应困难——这些都是寻求专业帮助的信号。</p><h2>心理咨询的主要流派</h2><p>认知行为疗法（CBT）聚焦于改变不合理的思维和行为模式；精神分析探索潜意识和早期经历的影响；人本主义强调自我实现和成长；家庭治疗关注系统中的关系动态。</p><h2>如何选择咨询师</h2><p>专业资质、受训背景、咨询风格和匹配度是四个关键考量因素。第一次咨询是双向选择——你也在评估咨询师是否适合你。</p>', 'https://picsum.photos/seed/art174/800/450', 2, 0, 0, 1456, 98, 18, 38, 398.7, '2026-05-10 10:00:00', '2026-05-10 00:00:00', '2026-05-10 10:00:00'),
(175, 9, 155, '行为经济学在日常生活中的应用：小推力大改变', '行为经济学揭示了一个事实：人的决策远没有我们以为的那么理性。理解这些非理性行为，可以帮助我们做出更好的选择。', '<h2>助推理论</h2><p>理查德·泰勒提出的助推理论认为，通过改变选择的呈现方式，可以在不限制自由的情况下引导人们做出更好的选择。比如将健康食品放在食堂最显眼的位置。</p><h2>默认选项的力量</h2><p>器官捐献率在"默认捐献"的国家高达90%以上，而在"默认不捐献"的国家不足20%。同样的选择，不同的默认设置，结果天差地别。</p><h2>损失厌恶</h2><p>人们对损失的敏感度是对等量收益的两倍。这就是为什么"限时优惠"比"永久降价"更有效——人们害怕"错过"这个优惠。</p><h2>如何用行为科学改善生活</h2><p>设计你的环境而非依赖意志力：把手机放在另一个房间来减少刷手机，把运动服放在床边来增加运动概率，把零食锁在柜子里来减少不健康饮食。</p>', 'https://picsum.photos/seed/art175/800/450', 2, 0, 0, 1789, 123, 22, 45, 489.6, '2026-05-15 10:00:00', '2026-05-15 00:00:00', '2026-05-15 10:00:00'),
(176, 4, 156, '从方程到群论：代数学的美丽与力量', '代数不只是解方程的工具，它是一种深刻的数学语言，能够揭示数量关系背后隐藏的结构和对称性。', '<h2>代数的起源</h2><p>"代数"一词源自阿拉伯数学家花拉子密的著作《代数学》。从解一元二次方程到研究抽象代数结构，代数学经历了两千年的发展。</p><h2>从数到结构</h2><p>现代代数的核心思想是"抽象"。我们不再只关注具体的数，而是研究满足特定公理的代数结构——群、环、域。这种抽象让我们能在不同领域间建立意想不到的联系。</p><h2>群论与对称</h2><p>群论是研究对称性的数学语言。从晶体的对称性到基本粒子的分类，从密码学中的有限域到通信中的纠错码，群论无处不在。</p><h2>代数的现代应用</h2><p>在计算机科学中，代数结构是算法设计和分析的基础。在密码学中，椭圆曲线群是现代加密算法的核心。在量子计算中，李群和李代数描述了量子系统的对称性。</p>', 'https://picsum.photos/seed/art176/800/450', 2, 0, 0, 1234, 89, 16, 34, 345.6, '2026-05-20 10:00:00', '2026-05-20 00:00:00', '2026-05-20 10:00:00'),
(177, 4, 157, '非欧几何：打破两千年的空间直觉', '欧几里得几何统治了人类对空间的认识两千多年。19世纪，非欧几何的诞生彻底打破了这一框架，改变了数学、物理学和哲学的面貌。', '<h2>第五公设的困惑</h2><p>欧几里得的第五公设（平行公设）比其他四条公设复杂得多。两千年来，数学家试图用前四条公设证明第五条，但都失败了。</p><h2>非欧几何的诞生</h2><p>罗巴切夫斯基和波尔约独立发现，如果否定平行公设，得到的不是矛盾，而是一套全新的自洽几何体系。黎曼进一步统一了欧氏和非欧几何。</p><h2>几何与物理</h2><p>爱因斯坦的广义相对论表明，我们生活的宇宙的几何并非欧几里得的。大质量天体弯曲了时空，光线在引力场中沿弯曲路径传播——这是非欧几何在自然界中最壮丽的体现。</p><h2>分形几何</h2><p>曼德博创立的分形几何描述了自然界中无处不在的不规则形状——海岸线、云朵、血管网络。分形几何揭示了自然界的自相似性，在计算机图形学和信号处理中有广泛应用。</p>', 'https://picsum.photos/seed/art177/800/450', 2, 0, 0, 1123, 76, 14, 28, 312.4, '2026-05-25 14:00:00', '2026-05-25 00:00:00', '2026-05-25 14:00:00'),
(178, 4, 158, '微积分的力量：从牛顿到现代数学分析', '微积分是人类智力的伟大发明之一。从牛顿和莱布尼茨的争论到现代分析学的严密体系，微积分的发展史就是一部数学思想的进化史。', '<h2>微积分的诞生</h2><p>17世纪，牛顿和莱布尼茨独立发明了微积分。牛顿从物理运动出发，莱布尼茨从几何切线出发，殊途同归。两人关于优先权的争论成为数学史上最著名的公案之一。</p><h2>从直观到严密</h2><p>早期的微积分建立在"无穷小量"的模糊概念之上，遭到贝克莱主教的尖锐批评。19世纪，柯西和魏尔斯特拉斯用ε-δ语言重新定义了极限，为分析学奠定了严密的逻辑基础。</p><h2>实分析与复分析</h2><p>实分析研究实数域上的函数性质，测度论和勒贝格积分是其核心成果。复分析研究复数域上的解析函数，其结论之优美令人惊叹——解析函数的局部性质完全决定了全局性质。</p><h2>分析的当代影响</h2><p>泛函分析是量子力学的数学语言，调和分析是信号处理的理论基础，偏微分方程是描述自然现象的基本工具。分析学的影响无处不在。</p>', 'https://picsum.photos/seed/art178/800/450', 2, 0, 0, 987, 67, 12, 22, 267.8, '2026-06-01 10:00:00', '2026-06-01 00:00:00', '2026-06-01 10:00:00'),
(179, 13, 159, '贝叶斯思维：用概率重新理解不确定性', '贝叶斯统计提供了一种与频率学派截然不同的概率理解方式。在AI时代，贝叶斯思维正在成为最重要的思维方式之一。', '<h2>两种概率观</h2><p>频率学派认为概率是长期频率的极限，贝叶斯学派认为概率是对不确定性的主观信念度。两种观点各有优劣，但在实际问题中往往需要灵活运用。</p><h2>贝叶斯定理的直觉</h2><p>贝叶斯定理的本质是：新证据应该更新我们的信念。先验概率代表我们之前的判断，似然度代表新证据的强度，后验概率是更新后的判断。</p><h2>贝叶斯在AI中的应用</h2><p>朴素贝叶斯分类器、贝叶斯网络、变分推断、贝叶斯优化——从垃圾邮件过滤到超参数调优，贝叶斯方法在机器学习中无处不在。</p><h2>日常生活中的贝叶斯</h2><p>医学检测的阳性结果到底意味着什么？贝叶斯定理告诉我们，如果疾病的先验概率很低，即使检测准确率很高，阳性结果也可能是假阳性。理解贝叶斯，能帮你做出更理性的判断。</p>', 'https://picsum.photos/seed/art179/800/450', 2, 0, 1, 1890, 134, 24, 56, 523.4, '2026-06-05 10:00:00', '2026-06-05 00:00:00', '2026-06-05 10:00:00'),
(180, 4, 160, '拓扑学：橡皮泥上的数学', '拓扑学研究的是在连续变形下不变的性质。一个咖啡杯和一个甜甜圈在拓扑学家眼中是一样的——这听起来荒谬，却蕴含着深刻的数学真理。', '<h2>什么是拓扑</h2><p>拓扑学关注的是空间在连续变形（拉伸、弯曲，但不撕裂、不粘合）下保持不变的性质。如果两个形状可以通过连续变形互相转化，它们在拓扑上就是等价的。</p><h2>欧拉示性数</h2><p>对于任何凸多面体，顶点数减棱数加面数等于2。这就是欧拉公式，它是拓扑不变量的经典例子。无论多面体如何变形，这个值始终不变。</p><h2>拓扑在物理中的应用</h2><p>拓扑绝缘体是凝聚态物理的重大发现——材料的内部是绝缘体，但表面是导体。这种奇特的性质源于电子波函数的拓扑结构，对量子计算有重要意义。</p><h2>拓扑数据分析</h2><p>持续同调是拓扑学在数据科学中的新兴应用。它能发现数据中传统方法无法捕捉的"形状"特征，在材料科学和生物信息学中展现了独特价值。</p>', 'https://picsum.photos/seed/art180/800/450', 2, 0, 0, 876, 56, 10, 18, 234.5, '2026-06-10 14:00:00', '2026-06-10 00:00:00', '2026-06-10 14:00:00'),
(181, 13, 161, '数学建模：用数学语言描述真实世界', '数学建模是将现实问题转化为数学问题的过程。从天气预报到金融风控，从交通优化到疫情防控，数学建模是连接理论与现实的桥梁。', '<h2>什么是数学建模</h2><p>数学建模是用数学语言描述现实问题的过程。一个好的模型要在精确性和简洁性之间找到平衡——足够精确地反映现实，又足够简洁便于求解。</p><h2>经典模型案例</h2><p>SIR模型描述传染病传播，Lotka-Volterra模型描述捕食者与猎物的动态平衡，Black-Scholes模型为期权定价——这些模型深刻影响了公共卫生、生态学和金融学。</p><h2>建模的步骤</h2><p>问题分析、模型假设、模型构建、模型求解、模型验证、模型改进。建模是一个迭代过程，很少有模型一次就能完美。</p><h2>AI时代的数学建模</h2><p>物理信息神经网络（PINN）将物理定律嵌入神经网络训练，数据驱动与机理驱动相结合。这种混合建模方法正在成为新的范式。</p>', 'https://picsum.photos/seed/art181/800/450', 2, 0, 0, 1345, 89, 16, 34, 378.9, '2026-06-15 10:00:00', '2026-06-15 00:00:00', '2026-06-15 10:00:00'),
(182, 4, 162, '从经典力学到分析力学：物理思想的飞跃', '牛顿力学描述了宏观世界的运动规律，而分析力学则揭示了力学背后更深层的数学结构。从拉格朗日到哈密顿，力学的发展是一部物理思想不断深化的历史。', '<h2>牛顿力学的成就与局限</h2><p>牛顿三大定律和万有引力定律成功描述了从苹果落地到行星运动的广泛现象。但牛顿力学的矢量形式在处理约束系统时显得笨拙。</p><h2>拉格朗日力学</h2><p>拉格朗日用广义坐标和拉格朗日函数重新表述了力学。最小作用量原理——自然选择使作用量取极值的路径——是分析力学的核心思想。</p><h2>哈密顿力学</h2><p>哈密顿将拉格朗日力学进一步抽象化，用正则变量（坐标和动量）描述系统状态。哈密顿力学的辛结构为量子力学的建立提供了数学框架。</p><h2>分析力学的现代意义</h2><p>分析力学不仅是经典力学的高级形式，更是通向量子力学的桥梁。路径积分量子化的出发点就是最小作用量原理。从经典到量子，分析力学是不可或缺的纽带。</p>', 'https://picsum.photos/seed/art182/800/450', 2, 0, 0, 765, 45, 8, 16, 198.7, '2026-01-10 10:00:00', '2026-01-10 00:00:00', '2026-01-10 10:00:00'),
(183, 4, 163, '麦克斯韦方程组：物理学中最优美的方程', '麦克斯韦方程组用四个方程统一了电学和磁学，预言了电磁波的存在，奠定了现代通信技术的基础。它被誉为物理学中最优美的方程组。', '<h2>电磁学的统一</h2><p>19世纪之前，电和磁被认为是两种不同的现象。奥斯特发现电流的磁效应后，法拉第发现了电磁感应定律。麦克斯韦在此基础上，加入了"位移电流"的概念，完成了电磁理论的统一。</p><h2>四个方程的含义</h2><p>高斯定律描述电荷产生电场；高斯磁定律表明磁单极子不存在；法拉第定律描述变化的磁场产生电场；安培-麦克斯韦定律描述电流和变化的电场产生磁场。</p><h2>电磁波的预言</h2><p>麦克斯韦从方程组中推导出电磁波的存在，并计算出其传播速度等于光速。他由此断言：光就是电磁波。这一预言后来被赫兹的实验证实。</p><h2>从电磁学到现代科技</h2><p>无线电、雷达、微波、光纤通信、智能手机——所有现代通信技术都建立在麦克斯韦方程组之上。理解这四个方程，就理解了信息时代的物理基础。</p>', 'https://picsum.photos/seed/art183/800/450', 2, 0, 1, 1567, 112, 20, 45, 434.5, '2026-01-25 14:00:00', '2026-01-25 00:00:00', '2026-01-25 14:00:00'),
(184, 4, 164, '量子纠缠：爱因斯坦也困惑的幽灵现象', '量子纠缠是量子力学最奇特的现象之一。两个纠缠的粒子无论相距多远，对其中一个的测量会瞬间影响另一个。爱因斯坦称之为"鬼魅般的超距作用"。', '<h2>EPR佯谬</h2><p>1935年，爱因斯坦、波多尔斯基和罗森提出EPR佯谬，试图证明量子力学是不完备的。他们认为，如果量子力学的预言是正确的，就存在超光速的信息传递，这与相对论矛盾。</p><h2>贝尔不等式</h2><p>1964年，贝尔提出了一个可以用实验检验的不等式。如果局域隐变量理论正确，实验结果应满足贝尔不等式；如果量子力学正确，则可以违反。后续实验一致支持量子力学的预言。</p><h2>量子纠缠的应用</h2><p>量子密钥分发利用纠缠实现绝对安全的通信；量子隐形传态利用纠缠传输量子态；量子计算利用纠缠实现指数级并行。纠缠不再是理论奇观，而是技术资源。</p><h2>哲学意义</h2><p>量子纠缠挑战了局域实在论——物理实在的性质是否独立于观测？信息是否比物质更基本？这些问题的答案可能重塑我们对宇宙的理解。</p>', 'https://picsum.photos/seed/art184/800/450', 2, 0, 1, 2345, 167, 28, 67, 645.3, '2026-02-08 10:00:00', '2026-02-08 00:00:00', '2026-02-08 10:00:00'),
(185, 4, 165, '广义相对论百年：从理论预言到实验验证', '爱因斯坦的广义相对论是20世纪最伟大的物理理论之一。从引力波到黑洞照片，广义相对论的预言正在被逐一验证。', '<h2>从狭义到广义</h2><p>1905年，爱因斯坦提出狭义相对论，统一了时间和空间。1915年，他进一步提出广义相对论，将引力解释为时空的弯曲。物质告诉时空如何弯曲，时空告诉物质如何运动。</p><h2>经典预言的验证</h2><p>光线偏折、引力红移、水星近日点进动——广义相对论的三大经典预言已被精确验证。2015年，LIGO首次直接探测到引力波，2019年，事件视界望远镜拍摄了第一张黑洞照片。</p><h2>引力波天文学</h2><p>引力波为人类打开了观测宇宙的新窗口。与电磁波不同，引力波可以穿透宇宙中的尘埃和等离子体，让我们"听"到宇宙中最剧烈的事件。</p><h2>未解之谜</h2><p>暗物质和暗能量占宇宙总质能的95%，但广义相对论无法解释它们的本质。量子引力理论的缺失是当代物理学最大的挑战。相对论的故事远未结束。</p>', 'https://picsum.photos/seed/art185/800/450', 2, 0, 0, 1789, 134, 24, 52, 489.6, '2026-02-20 10:00:00', '2026-02-20 00:00:00', '2026-02-20 10:00:00'),
(186, 4, 166, '超材料与变换光学：操控光的新维度', '超材料通过人工设计的微观结构，实现了自然界中不存在的光学性质。隐身衣、超透镜、光子晶体——变换光学正在打开操控光的新维度。', '<h2>超材料的原理</h2><p>超材料的介电常数和磁导率可以为负值，这在自然材料中是不存在的。负折射率材料可以让光线"反向弯曲"，实现传统光学不可能的功能。</p><h2>变换光学理论</h2><p>变换光学的核心思想是：通过设计材料的折射率分布，可以引导光线沿任意路径传播。就像在空间中"弯曲"了光的传播路径。</p><h2>隐身衣的实现</h2><p>理论上，通过变换光学设计的超材料外壳可以引导光线绕过物体，使物体在特定波段"隐身"。实验室中已在微波波段实现了隐身效果。</p><h2>超透镜的革命</h2><p>超透镜用纳米结构取代传统透镜的曲面，厚度仅数百纳米，却能实现与传统透镜相同甚至更好的成像效果。手机摄像头因此可以做得更薄。</p>', 'https://picsum.photos/seed/art186/800/450', 2, 0, 0, 1123, 76, 14, 28, 312.4, '2026-03-05 10:00:00', '2026-03-05 00:00:00', '2026-03-05 10:00:00'),
(187, 4, 167, '高温超导：寻找室温超导体的圣杯之旅', '超导体在零电阻和完全抗磁性方面具有革命性潜力。如果能在室温下实现超导，将彻底改变能源传输、磁悬浮交通和量子计算等领域。', '<h2>超导的发现</h2><p>1911年，昂内斯在液氦温度下首次观察到汞的超导现象。此后数十年，超导转变温度始终在极低温范围内徘徊。</p><h2>高温超导的突破</h2><p>1986年，铜氧化物高温超导体的发现将转变温度提升到液氮温度以上。2008年，铁基超导体的发现开辟了新的研究方向。但这些材料的超导机制至今仍是未解之谜。</p><h2>室温超导的追寻</h2><p>2023年以来，多个研究团队报告了在高压条件下接近室温的超导现象。虽然这些结果仍需进一步验证，但室温超导不再是遥不可及的梦想。</p><h2>超导的应用前景</h2><p>超导输电零损耗、超导磁悬浮列车、超导量子计算机——如果室温超导实现，这些技术将从实验室走向千家万户，引发新的工业革命。</p>', 'https://picsum.photos/seed/art187/800/450', 2, 0, 1, 1890, 134, 24, 56, 523.4, '2026-03-12 14:00:00', '2026-03-12 00:00:00', '2026-03-12 14:00:00'),
(188, 4, 168, '有机合成艺术：在分子层面搭建建筑', '有机合成是化学中最具创造力的领域之一。合成化学家就像分子建筑师，用原子和化学键搭建出自然界中不存在的新分子。', '<h2>有机合成的魅力</h2><p>伍德沃德合成了维生素B12、叶绿素等复杂天然产物，被誉为"有机合成之父"。每一次全合成都是对化学家智慧和耐心的极限挑战。</p><h2>逆合成分析</h2><p>科里提出的逆合成分析法是有机合成的核心方法论：从目标分子出发，逆向逐步拆解为更简单的起始原料，然后正向实施合成。这就像解谜游戏——从答案反推过程。</p><h2>绿色有机合成</h2><p>传统有机合成使用大量有毒溶剂和试剂。绿色合成追求原子经济性最大化、废弃物最小化。光催化、电催化和生物催化正在成为有机合成的新工具。</p><h2>药物合成</h2><p>绝大多数药物都是有机分子。从先导化合物发现到工艺优化，有机合成贯穿药物研发全过程。一个新药的背后，往往是一段长达数年的合成探索之旅。</p>', 'https://picsum.photos/seed/art188/800/450', 2, 0, 0, 987, 67, 12, 22, 267.8, '2026-03-18 10:00:00', '2026-03-18 00:00:00', '2026-03-18 10:00:00'),
(189, 4, 169, '配位化学：金属与配体的美妙舞蹈', '配位化学研究金属离子与配体之间的相互作用。从血红蛋白的携氧到催化剂的工业应用，配位化学在生命和工业中都扮演着关键角色。', '<h2>什么是配位化合物</h2><p>配位化合物由中心金属离子和围绕它的配体组成。金属提供空轨道，配体提供孤对电子，两者通过配位键结合。这种"给予-接受"的关系构成了配位化学的核心。</p><h2>配位化学与生命</h2><p>血红蛋白中的铁-卟啉配合物负责氧气运输，叶绿素中的镁-卟啉配合物驱动光合作用，维生素B12中的钴配合物参与DNA合成。没有配位化学，就没有生命。</p><h2>工业催化中的配位化学</h2><p>齐格勒-纳塔催化剂用于聚乙烯和聚丙烯的工业生产，威尔金森催化剂用于加氢反应，格拉布催化剂用于烯烃复分解——这些诺贝尔奖级别的发现都源于配位化学。</p><h2>金属有机框架材料</h2><p>MOFs是由金属节点和有机配体构成的多孔材料，具有超高的比表面积。在气体储存、催化、药物递送等领域有广阔应用前景。</p>', 'https://picsum.photos/seed/art189/800/450', 2, 0, 0, 876, 56, 10, 18, 234.5, '2026-03-25 10:00:00', '2026-03-25 00:00:00', '2026-03-25 10:00:00'),
(190, 4, 170, '热力学与动力学：化学反应的"为什么"和"多快"', '热力学告诉我们化学反应"能不能发生"，动力学告诉我们"多快发生"。两者结合，才能全面理解化学反应。', '<h2>热力学：方向与限度</h2><p>吉布斯自由能决定反应的方向：ΔG小于零反应自发进行。但热力学只告诉你"能不能"，不告诉你"多快"。</p><h2>动力学：速度与机理</h2><p>化学反应动力学研究反应速率和反应机理。活化能是关键概念——反应物必须越过能量壁垒才能转化为产物。催化剂通过降低活化能来加速反应。</p><h2>过渡态理论</h2><p>过渡态是反应物和产物之间的能量最高点。理解过渡态的结构，就能理解反应的选择性。计算化学让我们能够"看到"过渡态，为催化剂设计提供指导。</p><h2>电化学</h2><p>电池、电解、腐蚀——电化学是热力学和动力学的交汇点。锂离子电池、燃料电池和电解水制氢是当前最活跃的电化学研究方向。</p>', 'https://picsum.photos/seed/art190/800/450', 2, 0, 0, 765, 45, 8, 16, 198.7, '2026-04-01 10:00:00', '2026-04-01 00:00:00', '2026-04-01 10:00:00'),
(191, 13, 171, '分析化学的数字化革命：从滴定到AI辅助检测', '分析化学从经典的滴定和比色法发展到今天的质谱和核磁共振，正在经历一场AI驱动的数字化革命。', '<h2>分析化学的使命</h2><p>分析化学的核心任务是回答"有什么"和"有多少"。从食品安全检测到环境监测，从临床诊断到刑侦取证，分析化学是现代社会的"眼睛"。</p><h2>仪器分析的发展</h2><p>质谱仪可以精确测定分子量和分子结构，核磁共振可以解析复杂分子的三维构型，色谱技术可以分离混合物中的各组分。这些仪器的灵敏度已达到单分子级别。</p><h2>AI辅助分析</h2><p>AI可以自动解析质谱和核磁数据，在数秒内完成传统需要数小时的分析工作。深度学习模型能够从复杂的光谱中识别微量成分，灵敏度超越人类专家。</p><h2>便携式与在线分析</h2><p>微型化分析仪器让现场检测成为可能。手持式拉曼光谱仪用于药品真伪鉴定，便携式质谱仪用于现场环境监测，可穿戴传感器用于实时健康监测。</p>', 'https://picsum.photos/seed/art191/800/450', 2, 0, 0, 1123, 76, 14, 28, 312.4, '2026-04-08 10:00:00', '2026-04-08 00:00:00', '2026-04-08 10:00:00'),
(192, 4, 172, '蛋白质折叠问题：从生命密码到功能分子', '蛋白质是生命活动的执行者，其功能取决于三维结构。AlphaFold的突破让蛋白质结构预测成为可能，但蛋白质折叠问题远未完全解决。', '<h2>蛋白质折叠问题</h2><p>安芬森提出"蛋白质的一级序列决定其三维结构"。但给定氨基酸序列，如何预测其折叠方式？这个看似简单的问题困扰了科学家半个世纪。</p><h2>AlphaFold的革命</h2><p>DeepMind的AlphaFold2在CASP14竞赛中达到了实验级别的预测精度，解决了困扰科学界50年的蛋白质结构预测问题。2026年，AlphaFold3已能预测蛋白质-配体复合物结构。</p><h2>从结构到功能</h2><p>知道蛋白质的结构只是第一步。蛋白质在细胞中的动态行为、与其他分子的相互作用、翻译后修饰的影响——这些都需要更深入的研究。</p><h2>蛋白质设计</h2><p>如果预测是"读懂"蛋白质，设计就是"写出"新蛋白质。David Baker团队设计的全新蛋白质已进入药物和材料应用阶段，开启了"蛋白质工程"的新纪元。</p>', 'https://picsum.photos/seed/art192/800/450', 2, 0, 1, 2345, 167, 28, 67, 645.3, '2026-04-15 14:00:00', '2026-04-15 00:00:00', '2026-04-15 14:00:00'),
(193, 4, 173, '中心法则的扩展：从DNA到RNA的全新认知', '分子生物学的中心法则描述了遗传信息从DNA到RNA再到蛋白质的流动。但近年来的发现表明，这个法则远比我们想象的复杂。', '<h2>经典中心法则</h2><p>克里克提出的中心法则是分子生物学的基石：DNA通过复制传递遗传信息，通过转录产生RNA，RNA通过翻译合成蛋白质。信息流是单向的。</p><h2>反转录的发现</h2><p>1970年，逆转录酶的发现打破了信息流单向性的教条。RNA病毒可以将遗传信息反向写入DNA，这改变了我们对基因表达的理解。</p><h2>非编码RNA的崛起</h2><p>人类基因组中只有不到2%编码蛋白质，其余98%曾被称为"垃圾DNA"。但研究表明，大量非编码RNA在基因调控中发挥关键作用。miRNA、lncRNA、circRNA等正在成为疾病诊断和治疗的新靶点。</p><h2>表观遗传学</h2><p>DNA甲基化、组蛋白修饰、染色质重塑——这些不改变DNA序列但影响基因表达的机制，构成了"表观遗传学"。它解释了为什么同卵双胞胎可以有不同的人生。</p>', 'https://picsum.photos/seed/art193/800/450', 2, 0, 0, 1567, 112, 20, 45, 434.5, '2026-04-22 10:00:00', '2026-04-22 00:00:00', '2026-04-22 10:00:00'),
(194, 4, 174, '人类基因组计划二十年后：从基因组到精准医疗', '2003年人类基因组计划完成，被誉为生命科学的"登月计划"。二十年后，基因组学如何改变了医学？精准医疗离我们还有多远？', '<h2>基因组学的里程碑</h2><p>人类基因组计划历时13年、耗资30亿美元完成。如今，一个人的全基因组测序只需100美元和数小时。成本的指数下降推动了基因组学的飞速发展。</p><h2>从基因组到精准医疗</h2><p>基因组学正在改变癌症治疗：根据肿瘤的基因突变选择靶向药物，而非"一刀切"的化疗。液体活检通过血液中的游离DNA实现肿瘤的早期检测和动态监测。</p><h2>罕见病的诊断</h2><p>全外显子组测序让罕见病的诊断率从不到10%提升到30%以上。对于曾经"无解"的罕见病患者，基因组学带来了希望。</p><h2>伦理与公平</h2><p>基因组数据涉及最核心的个人隐私。谁拥有你的基因数据？基因歧视如何防范？全球基因组数据库的多样性不足——大多数数据来自欧洲裔人群——这可能导致健康不平等。</p>', 'https://picsum.photos/seed/art194/800/450', 2, 0, 1, 1890, 134, 24, 56, 523.4, '2026-04-28 10:00:00', '2026-04-28 00:00:00', '2026-04-28 10:00:00'),
(195, 8, 175, '生物多样性危机：第六次大灭绝正在进行', '地球正经历第六次大灭绝，物种消失的速度是自然灭绝速率的1000倍。保护生物多样性不仅是环境问题，更是人类生存的问题。', '<h2>大灭绝的现状</h2><p>全球约100万个物种面临灭绝威胁。两栖类动物三分之一濒危，珊瑚礁在过去30年减少了50%，昆虫数量在某些地区下降了75%。</p><h2>灭绝的原因</h2><p>栖息地丧失是最大威胁，其次是过度开发、气候变化、外来物种入侵和污染。这些因素往往协同作用，加速物种衰退。</p><h2>生态系统的连锁反应</h2><p>物种之间通过食物网紧密相连。一个关键物种的消失可能引发连锁反应，导致整个生态系统崩溃。蜜蜂减少影响授粉和粮食产量就是典型案例。</p><h2>保护行动</h2><p>昆明-蒙特利尔全球生物多样性框架设定了"3030目标"——到2030年保护30%的陆地和海洋。生态廊道建设、栖息地修复、物种重引入等保护措施正在全球推进。</p>', 'https://picsum.photos/seed/art195/800/450', 2, 0, 1, 1678, 123, 22, 48, 467.8, '2026-05-05 10:00:00', '2026-05-05 00:00:00', '2026-05-05 10:00:00'),
(196, 4, 176, '进化论的新视角：从自然选择到基因视角', '达尔文的自然选择理论是生物学的基石，但现代进化论已经远超达尔文的原始框架。从基因视角到表观遗传，进化的故事越来越精彩。', '<h2>达尔文的遗产</h2><p>达尔文的《物种起源》彻底改变了人类对自身位置的认知。自然选择是进化的核心机制，但达尔文不知道遗传的分子基础。</p><h2>现代综合论</h2><p>20世纪中叶，自然选择理论与孟德尔遗传学的融合产生了"现代综合论"。群体遗传学为进化提供了数学框架，分子生物学揭示了进化的分子机制。</p><h2>基因视角的进化</h2><p>道金斯在《自私的基因》中提出，自然选择的基本单位不是个体或群体，而是基因。生物体只是基因的"生存机器"。这一视角深刻改变了我们对利他行为和合作的解释。</p><h2>进化的新前沿</h2><p>表观遗传学挑战了"获得性不能遗传"的教条。基因水平转移在原核生物进化中扮演重要角色。进化发育生物学揭示了形态演化的遗传基础。进化论仍在不断进化。</p>', 'https://picsum.photos/seed/art196/800/450', 2, 0, 0, 1345, 89, 16, 34, 378.9, '2026-05-10 14:00:00', '2026-05-10 00:00:00', '2026-05-10 14:00:00'),
(197, 4, 177, '人体微生物组：你体内的另一个"生态系统"', '人体内栖息着约38万亿微生物，数量与人体细胞相当。这些微生物不是"过客"，而是深刻影响着我们的健康、情绪甚至行为。', '<h2>微生物组的发现</h2><p>人类微生物组计划揭示了人体微生物的惊人多样性。肠道、皮肤、口腔等不同部位栖息着不同的微生物群落，它们的组成因人而异。</p><h2>肠道菌群与健康</h2><p>肠道菌群参与消化、代谢、免疫调节和神经信号传递。菌群失调与肥胖、糖尿病、自身免疫病、抑郁症等多种疾病相关。</p><h2>肠脑轴</h2><p>肠道菌群通过迷走神经、免疫分子和代谢产物与大脑双向通信。这就是"肠脑轴"——你的"直觉"可能真的来自肠道。</p><h2>微生物组疗法</h2><p>粪菌移植在治疗艰难梭菌感染方面疗效显著。下一代益生菌、个性化膳食干预和微生物组工程正在成为新的治疗策略。</p>', 'https://picsum.photos/seed/art197/800/450', 2, 0, 0, 1567, 112, 20, 45, 434.5, '2026-05-15 10:00:00', '2026-05-15 00:00:00', '2026-05-15 10:00:00'),
(198, 8, 178, '动物智慧：超越人类中心主义的认知研究', '越来越多的研究表明，许多动物的认知能力远超我们的想象。从乌鸦使用工具到章鱼解决难题，动物智慧正在被重新定义。', '<h2>工具使用的革命</h2><p>新喀里多尼亚乌鸦不仅能使用工具，还能制造工具。它们会修剪树枝制作钩子来获取难以触及的食物，这种制造工具的能力曾被认为是人类独有的。</p><h2>章鱼的分布式智能</h2><p>章鱼拥有约5亿个神经元，其中三分之二分布在八条腕足上。这意味着每条腕足都有独立的"思考"能力——一种与人类集中式大脑截然不同的智能形式。</p><h2>社会性动物的文化传承</h2><p>日本猕猴学会了洗红薯和泡温泉后，这些行为在群体中传播开来。鲸鱼的歌曲在不同群体间传播，形成了"文化"的雏形。</p><h2>动物伦理的新思考</h2><p>如果动物拥有比我们想象更丰富的内心世界，我们对待动物的方式是否需要重新审视？动物福利不仅是情感问题，更是基于科学认知的伦理选择。</p>', 'https://picsum.photos/seed/art198/800/450', 2, 0, 0, 1234, 89, 16, 34, 345.6, '2026-05-20 10:00:00', '2026-05-20 00:00:00', '2026-05-20 10:00:00'),
(199, 8, 179, '植物的秘密生活：它们能看、能闻、能交流', '植物没有大脑和神经系统，但它们能感知环境、传递信息甚至"合作"。植物的秘密生活远比我们想象的精彩。', '<h2>植物的感知能力</h2><p>植物能感知光的方向、强度和颜色，能"闻"到空气中化学信号，能感知重力和触摸。含羞草在触碰时迅速合拢叶片，捕蝇草在昆虫触碰时快速关闭——这些都是植物感知的体现。</p><h2>植物的化学交流</h2><p>当植物被食草动物啃食时，会释放挥发性化学物质警告邻近植物。邻近植物接收到信号后，会提前启动防御机制。这是一种"植物间的互联网"。</p><h2>菌根网络</h2><p>树木通过地下真菌网络共享养分和信息。母树通过菌根网络向幼苗输送碳和养分，帮助它们在弱光环境中存活。这被称为"木联网"。</p><h2>植物智能的哲学</h2><p>植物没有大脑，但它们能做出"决策"——向光生长、分配资源、启动防御。如果智能不一定要有大脑，那么我们对智能的定义可能需要扩展。</p>', 'https://picsum.photos/seed/art199/800/450', 2, 0, 0, 1123, 76, 14, 28, 312.4, '2026-05-25 10:00:00', '2026-05-25 00:00:00', '2026-05-25 10:00:00'),
(200, 4, 180, '黑洞：宇宙中最极端的天体', '黑洞是广义相对论预言的最极端天体。从理论预言到直接成像，黑洞研究正在揭示宇宙最深层的秘密。', '<h2>黑洞的形成</h2><p>当大质量恒星耗尽核燃料后，引力坍缩形成黑洞。恒星质量黑洞的质量约为太阳的3-100倍。星系中心还潜伏着质量达数百万甚至数十亿倍太阳质量的超大质量黑洞。</p><h2>事件视界</h2><p>事件视界是黑洞的"不归点"——任何越过事件视界的物质和光都无法逃脱。在事件视界附近，时间极度膨胀，引力潮汐力足以将任何物体撕裂。</p><h2>黑洞照片</h2><p>2019年，事件视界望远镜拍摄了M87星系中心超大质量黑洞的第一张照片。2022年，又拍摄了银河系中心黑洞人马座A*的照片。这些照片验证了广义相对论在强引力场中的预言。</p><h2>信息悖论</h2><p>霍金辐射表明黑洞会蒸发，但落入黑洞的信息去了哪里？这个"黑洞信息悖论"是理论物理最深刻的未解问题之一，可能需要量子引力理论才能解决。</p>', 'https://picsum.photos/seed/art200/800/450', 2, 0, 1, 2678, 189, 30, 72, 734.5, '2026-06-01 10:00:00', '2026-06-01 00:00:00', '2026-06-01 10:00:00'),
(201, 4, 181, '暗能量之谜：推动宇宙加速膨胀的神秘力量', '宇宙的70%由暗能量组成，但我们对其本质几乎一无所知。暗能量是当代宇宙学最大的谜团，也是通往新物理的钥匙。', '<h2>宇宙加速膨胀的发现</h2><p>1998年，两个独立研究团队通过观测Ia型超新星发现，宇宙不仅在膨胀，而且在加速膨胀。这一发现获得了2011年诺贝尔物理学奖。</p><h2>暗能量是什么</h2><p>暗能量是导致宇宙加速膨胀的神秘力量。它约占宇宙总能量的70%，但我们对它的了解几乎为零。最简单的解释是宇宙学常数——真空本身的能量。</p><h2>精细调节问题</h2><p>量子场论预测的真空能量比观测到的暗能量密度大120个数量级。这是物理学中最严重的精细调节问题，暗示我们的理论存在根本性缺陷。</p><h2>寻找暗能量的线索</h2><p>暗能量光谱仪（DESI）正在绘制迄今最大的宇宙三维地图，精确测量暗能量的状态方程参数。未来的维拉·鲁宾天文台和欧几里得空间望远镜将为暗能量研究提供更丰富的数据。</p>', 'https://picsum.photos/seed/art201/800/450', 2, 0, 0, 1567, 112, 20, 45, 434.5, '2026-06-05 14:00:00', '2026-06-05 00:00:00', '2026-06-05 14:00:00'),
(202, 7, 182, '地理信息系统：用数据重新认识地球', 'GIS将空间数据与属性数据结合，让我们能够以全新的视角理解和分析地球上的各种现象。', '<h2>GIS的核心概念</h2><p>GIS将现实世界抽象为点、线、面等空间要素，每个要素关联丰富的属性数据。通过空间分析和可视化，GIS让复杂的地理问题变得直观可解。</p><h2>GIS的应用领域</h2><p>城市规划中的用地分析、公共卫生中的疾病分布追踪、交通管理中的路径优化、环境保护中的生态评估——GIS几乎渗透到了所有涉及空间位置的领域。</p><h2>WebGIS与开放数据</h2><p>互联网让GIS从专业工具变成了大众服务。高德地图、百度地图背后的技术就是WebGIS。开放街道地图（OSM）等项目让地理数据更加开放和民主。</p><h2>遥感与GIS的融合</h2><p>卫星遥感和无人机航拍为GIS提供了海量空间数据。AI辅助遥感影像解译，让土地利用分类、变化检测等任务的效率提升了数十倍。</p>', 'https://picsum.photos/seed/art202/800/450', 2, 0, 0, 987, 67, 12, 22, 267.8, '2026-06-10 10:00:00', '2026-06-10 00:00:00', '2026-06-10 10:00:00'),
(203, 8, 183, '气候变化科学：从数据到行动', '气候变化是21世纪人类面临的最大挑战。本文梳理气候变化的科学基础、影响评估和应对策略。', '<h2>气候变化的科学基础</h2><p>工业革命以来，全球平均温度上升了约1.1摄氏度。这主要由温室气体排放驱动。这一结论有大量观测数据和物理模型的支撑。</p><h2>极端天气的加剧</h2><p>气候变化不是均匀升温，而是极端天气事件的频率和强度增加。热浪、暴雨、干旱、飓风正在变得更加频繁。</p><h2>气候模型与预测</h2><p>现代气候模型能模拟大气、海洋、冰冻圈和生物圈的复杂相互作用。在超级计算机上运行的模型预测：如果排放不加控制，到2100年全球可能升温4摄氏度以上。</p><h2>从科学到行动</h2><p>巴黎协定的目标是将升温控制在1.5摄氏度以内。实现这一目标需要全球在2050年前实现碳中和。每个人都可以通过减少碳足迹来参与气候行动。</p>', 'https://picsum.photos/seed/art203/800/450', 2, 0, 1, 2345, 167, 28, 67, 645.3, '2026-06-15 14:00:00', '2026-06-15 00:00:00', '2026-06-15 14:00:00'),
(204, 6, 184, '恐龙时代的终结：小行星撞击与物种大灭绝', '6600万年前，一颗直径10公里的小行星撞击地球，导致了包括恐龙在内的75%物种灭绝。', '<h2>希克苏鲁伯撞击</h2><p>小行星撞击在墨西哥尤卡坦半岛形成了直径180公里的陨石坑。撞击释放的能量相当于100亿颗广岛原子弹，引发了全球性的海啸、地震和火灾。</p><h2>核冬天的古版</h2><p>撞击扬起的尘埃和烟尘遮蔽阳光数年，全球温度骤降，光合作用中断，食物链从底层崩溃。恐龙作为大型动物首当其冲，而小型哺乳动物则因食物需求少而幸存。</p><h2>灭绝与新生的辩证</h2><p>恐龙的灭绝为哺乳动物的辐射演化腾出了生态位。如果没有这次大灭绝，人类可能永远不会出现。毁灭与新生，在生命史上总是相伴而行。</p><h2>当代启示</h2><p>近地天体监测计划已编目了超过3万颗近地小行星。行星防御技术正在测试改变小行星轨道的能力。保护地球免受撞击，是人类作为物种的责任。</p>', 'https://picsum.photos/seed/art204/800/450', 2, 0, 0, 1890, 134, 24, 56, 523.4, '2026-06-20 10:00:00', '2026-06-20 00:00:00', '2026-06-20 10:00:00'),
(205, 9, 185, '碳交易市场深度解析：如何用市场机制应对气候变化', '碳交易市场是利用市场机制减少温室气体排放的重要工具。', '<h2>碳交易的原理</h2><p>碳交易的核心是"总量控制与交易"：政府设定排放总量上限，将排放配额分配给企业。减排成本低的企业可以出售多余配额，减排成本高的企业则购买配额。</p><h2>全球碳市场现状</h2><p>欧盟碳交易市场是全球最成熟的碳市场，碳价已超过80欧元每吨。中国全国碳市场于2021年启动，覆盖电力行业，未来将逐步纳入钢铁、水泥等行业。</p><h2>碳汇与碳信用</h2><p>碳汇项目可以产生碳信用，供企业抵消排放。但碳信用的真实性和额外性需要严格验证，"漂绿"风险不容忽视。</p><h2>碳边境调节机制</h2><p>欧盟碳边境调节机制将对进口产品征收碳关税，这对中国出口企业构成新的挑战，也是推动国内碳市场完善的动力。</p>', 'https://picsum.photos/seed/art205/800/450', 2, 0, 1, 1789, 123, 22, 48, 489.6, '2026-01-12 10:00:00', '2026-01-12 00:00:00', '2026-01-12 10:00:00'),
(206, 9, 186, 'ESG投资实践：从概念到落地的中国路径', 'ESG投资已从边缘走向主流。在中国语境下，ESG如何从概念走向落地？', '<h2>ESG的全球趋势</h2><p>全球ESG投资规模已超过40万亿美元。欧盟的可持续金融披露法规正在推动ESG从自愿走向强制。</p><h2>中国ESG的发展</h2><p>中国ESG发展迅速但仍在早期阶段。三大交易所已发布可持续发展报告指引，上市公司ESG披露从"鼓励"走向"强制"。</p><h2>ESG评级的挑战</h2><p>不同评级机构的ESG评分差异巨大。评级标准的不统一、数据质量的不稳定是当前最大的痛点。</p><h2>从合规到价值创造</h2><p>最好的ESG实践不是被动合规，而是主动将ESG融入企业战略。那些在ESG方面领先的企业，往往在风险管理、人才吸引和品牌价值方面也更具竞争力。</p>', 'https://picsum.photos/seed/art206/800/450', 2, 0, 0, 1345, 89, 16, 34, 378.9, '2026-01-20 14:00:00', '2026-01-20 00:00:00', '2026-01-20 14:00:00'),
(207, 9, 187, '循环经济：从线性消费到闭环再生', '传统经济模式是"获取-制造-丢弃"的线性过程，循环经济追求"减量-复用-再生"的闭环系统。', '<h2>线性经济的困境</h2><p>全球每年产生超过20亿吨固体废弃物，资源利用效率不到10%。线性经济模式不可持续。</p><h2>循环经济的原则</h2><p>三大原则：从设计源头消除废弃物和污染、延长产品和材料的使用寿命、促进自然系统的再生。核心是让"废弃物"成为"资源"。</p><h2>成功案例</h2><p>飞利浦的"照明即服务"模式——客户不买灯泡而是买光照，飞利浦负责维护和回收。苹果的Daisy机器人每小时可拆解200部iPhone用于回收。</p><h2>政策推动</h2><p>欧盟的循环经济行动计划是全球最激进的循环经济政策。中国也在推进"无废城市"试点和延伸生产者责任制度。</p>', 'https://picsum.photos/seed/art207/800/450', 2, 0, 0, 1123, 76, 14, 28, 312.4, '2026-02-02 10:00:00', '2026-02-02 00:00:00', '2026-02-02 10:00:00'),
(208, 10, 188, '零碳建筑：从概念到标准的发展之路', '建筑行业贡献了全球近40%的碳排放。零碳建筑不仅是应对气候变化的关键，更是未来建筑的必然趋势。', '<h2>建筑碳排放的来源</h2><p>建筑碳排放分为运营碳排放和隐含碳排放。实现零碳需要两者都降至最低。</p><h2>被动式设计</h2><p>通过优化建筑朝向、保温性能、自然通风和采光，被动式建筑几乎不需要主动供暖和制冷。这是最经济也最有效的减碳策略。</p><h2>零碳建筑标准</h2><p>LEED Zero、Living Building Challenge、中国绿色建筑评价标准——全球各地的零碳建筑标准正在不断完善。</p><h2>全生命周期碳管理</h2><p>零碳建筑不仅关注运营阶段，还要管理建材生产和施工过程的碳排放。低碳建材和模块化施工正在成为新的趋势。</p>', 'https://picsum.photos/seed/art208/800/450', 2, 0, 1, 1567, 112, 20, 45, 434.5, '2026-02-10 10:00:00', '2026-02-10 00:00:00', '2026-02-10 10:00:00'),
(209, 4, 189, '脑机接口最新进展：从实验室到临床的突破', '2026年，脑机接口技术取得了多项重大突破。从侵入式到非侵入式，脑机接口正在加速走向现实。', '<h2>侵入式脑机接口的里程碑</h2><p>Neuralink的第二位人类受试者已能通过意念控制电脑光标和智能手机。更令人振奋的是，通过脑机接口与外骨骼系统结合，截瘫患者实现了自主站立和行走。</p><h2>非侵入式技术的进步</h2><p>高密度脑电图和功能近红外光谱的信号质量大幅提升。结合深度学习解码算法，非侵入式脑机接口已能实现简单的拼写和设备控制。</p><h2>临床应用扩展</h2><p>脑机接口在癫痫预测、抑郁症治疗、帕金森病深部脑刺激等领域的应用正在推进。从"替代失去的功能"到"增强现有功能"，脑机接口的应用边界在不断扩大。</p><h2>安全与伦理</h2><p>侵入式脑机接口的手术风险、长期安全性、数据隐私和思维自主权等问题需要严肃对待。技术进步必须与伦理讨论同步推进。</p>', 'https://picsum.photos/seed/art209/800/450', 2, 0, 1, 2890, 198, 34, 89, 789.6, '2026-02-18 14:00:00', '2026-02-18 00:00:00', '2026-02-18 14:00:00'),
(210, 4, 190, '合成生物学：设计生命的新工程', '合成生物学将工程学原理应用于生物学，让人类能够设计和构建新的生物系统。', '<h2>什么是合成生物学</h2><p>合成生物学的核心思想是"生命是可以设计的"。它将基因视为"零件"，将代谢途径视为"电路"，用工程化的方法构建具有特定功能的生物系统。</p><h2>生物制造</h2><p>利用工程微生物生产药物、化学品和材料。青蒿素前体的微生物合成、角鲨烯的酵母发酵生产——合成生物学正在替代传统的化学合成和天然提取。</p><h2>基因电路</h2><p>科学家已经构建了逻辑门、振荡器、开关等基因电路。这些电路让细胞能够感知环境信号并做出响应，就像电子电路处理信息一样。</p><h2>最小基因组</h2><p>克雷格·文特尔团队合成了拥有最小基因组的人工细胞JCVI-syn3.0，仅包含473个基因。这让我们更接近理解"生命所需的最小基因集合"。</p>', 'https://picsum.photos/seed/art210/800/450', 2, 0, 0, 1678, 123, 22, 48, 467.8, '2026-02-25 10:00:00', '2026-02-25 00:00:00', '2026-02-25 10:00:00'),
(211, 4, 191, 'CRISPR 2.0：碱基编辑与先导编辑的突破', 'CRISPR-Cas9开启了基因编辑时代，但碱基编辑和先导编辑是更精准的"基因修正"工具。', '<h2>CRISPR的局限</h2><p>CRISPR-Cas9通过切割DNA双链来编辑基因，但切割后的修复过程不可控，容易引入意外突变。</p><h2>碱基编辑</h2><p>刘如谦开发的碱基编辑器无需切割DNA，就能将一种碱基直接转换为另一种。CBE将CG转换为TA，ABE将AT转换为GC。这覆盖了大多数致病点突变。</p><h2>先导编辑</h2><p>先导编辑器能实现所有12种碱基转换以及小片段的插入和删除，被誉为"基因编辑的搜索替换"。它不切割双链，精度远高于CRISPR。</p><h2>临床进展</h2><p>碱基编辑治疗镰刀型细胞贫血症的临床试验已取得积极结果。基因编辑正在从"能做"走向"做得好"。</p>', 'https://picsum.photos/seed/art211/800/450', 2, 0, 1, 2345, 167, 28, 67, 645.3, '2026-03-05 10:00:00', '2026-03-05 00:00:00', '2026-03-05 10:00:00'),
(212, 13, 192, '生物信息学：当生物学遇上大数据', '生物信息学是连接生物学和计算机科学的桥梁。从基因组分析到药物设计，生物信息学正在成为生命科学研究的核心工具。', '<h2>生物信息学的诞生</h2><p>人类基因组计划产生了海量DNA序列数据，传统分析方法无法应对。生物信息学应运而生，用计算方法处理和分析生物数据。</p><h2>核心分析流程</h2><p>序列比对、基因预测、变异检测、功能注释——这是基因组分析的标准流程。高通量实验技术产生了更复杂的数据，需要更先进的算法。</p><h2>AI在生物信息学中的应用</h2><p>深度学习正在改变生物信息学。AlphaFold预测蛋白质结构，RFdiffusion设计新蛋白质。AI加生物信息学的组合正在加速生命科学的发现。</p><h2>精准医疗的数据基础</h2><p>精准医疗需要整合基因组、转录组、蛋白质组和临床数据。多组学数据分析和临床决策支持系统是生物信息学在医疗领域最重要的应用方向。</p>', 'https://picsum.photos/seed/art212/800/450', 2, 0, 0, 1345, 89, 16, 34, 378.9, '2026-03-12 10:00:00', '2026-03-12 00:00:00', '2026-03-12 10:00:00'),
(213, 3, 193, '智慧城市数据治理：在效率与隐私之间寻找平衡', '智慧城市依赖海量数据运行，但数据收集与公民隐私之间的张力日益突出。', '<h2>智慧城市的数据困境</h2><p>智慧城市需要摄像头、传感器、手机信号等数据来实现智能管理。但这些数据的收集范围和用途边界在哪里？</p><h2>隐私保护技术</h2><p>联邦学习让数据不出本地即可训练模型；差分隐私在数据中添加噪声保护个体；同态加密允许在加密数据上直接计算。</p><h2>数据治理框架</h2><p>明确数据分类分级、限定数据用途、建立数据审计机制、赋予公民数据权利——完善的数据治理框架是智慧城市健康发展的制度保障。</p><h2>国际经验</h2><p>欧盟的GDPR为数据保护设立了全球标杆。中国的个人信息保护法为智慧城市数据治理提供了法律基础。</p>', 'https://picsum.photos/seed/art213/800/450', 2, 0, 0, 1789, 123, 22, 48, 489.6, '2026-03-18 14:00:00', '2026-03-18 00:00:00', '2026-03-18 14:00:00'),
(214, 3, 194, 'L4级自动驾驶商业化：技术与法规的双重挑战', '2026年，L4级自动驾驶在限定区域开始商业化运营。', '<h2>L4级自动驾驶的现状</h2><p>L4级自动驾驶在特定区域已实现无人驾驶运营。Waymo、百度Apollo等公司的Robotaxi服务正在多个城市运营。</p><h2>技术挑战</h2><p>极端天气下的感知可靠性、复杂场景的决策能力、长尾问题的覆盖——自动驾驶的"最后1%"可能需要"99%的努力"。</p><h2>法规与标准</h2><p>事故责任认定、保险制度设计、数据安全规范——自动驾驶的法规框架正在加速构建。中国已发布多项自动驾驶国家标准。</p><h2>商业模式探索</h2><p>Robotaxi、无人配送、干线物流、封闭场景作业——不同场景的商业化节奏不同。干线物流可能是最先实现大规模商业化的领域。</p>', 'https://picsum.photos/seed/art214/800/450', 2, 0, 1, 2345, 167, 28, 67, 645.3, '2026-03-25 10:00:00', '2026-03-25 00:00:00', '2026-03-25 10:00:00'),
(215, 5, 195, '空间计算时代：Apple Vision Pro之后的交互革命', 'Apple Vision Pro的发布标志着空间计算时代的到来。', '<h2>什么是空间计算</h2><p>空间计算将数字内容与物理空间融合，让用户能在三维空间中与数字对象自然交互。它超越了传统屏幕的限制。</p><h2>Vision Pro的突破</h2><p>Vision Pro用眼动追踪和手势识别取代了传统控制器，实现了最自然的人机交互。透视技术让用户能同时看到真实世界和数字内容。</p><h2>空间计算的应用场景</h2><p>协作办公、教育培训、设计创意、医疗健康——空间计算正在多个领域展现潜力。</p><h2>挑战与展望</h2><p>设备重量和续航、内容生态的匮乏、社交接受度——空间计算要成为主流仍需解决诸多问题。但方向是明确的：计算将从"看屏幕"走向"在空间中生活"。</p>', 'https://picsum.photos/seed/art215/800/450', 2, 0, 1, 2678, 189, 32, 72, 734.5, '2026-04-01 10:00:00', '2026-04-01 00:00:00', '2026-04-01 10:00:00'),
(216, 3, 196, '数字孪生技术深度解析：从概念到产业应用', '数字孪生在虚拟空间中构建物理实体的精确副本，实现实时监控、模拟预测和优化决策。', '<h2>数字孪生的技术架构</h2><p>数字孪生由物理层、数据层、模型层和应用层组成。物联网传感器采集实时数据，数字模型映射物理状态，AI算法实现预测和优化。</p><h2>制造业的数字孪生</h2><p>数字孪生让工厂在虚拟空间中"试生产"——调试产线、优化工艺、预测故障，全部在数字孪生中先完成，再在物理世界执行。</p><h2>城市的数字孪生</h2><p>新加坡的Virtual Singapore是城市数字孪生的标杆。它模拟日照、风场、人流和交通，为城市规划决策提供科学依据。</p><h2>挑战与趋势</h2><p>数据质量、模型精度、实时性和可扩展性是主要技术挑战。大模型加数字孪生的融合正在成为新趋势。</p>', 'https://picsum.photos/seed/art216/800/450', 2, 0, 0, 1567, 112, 20, 45, 434.5, '2026-04-08 10:00:00', '2026-04-08 00:00:00', '2026-04-08 10:00:00'),
(217, 3, 197, '中国商业航天崛起：从追赶者到创新者', '中国商业航天正在从模仿追赶走向自主创新。', '<h2>可回收火箭的突破</h2><p>2026年，多家中国民营航天企业成功实现了运载火箭的垂直回收。这是继SpaceX之后，全球第二批掌握该技术的团队。</p><h2>卫星星座建设</h2><p>中国星网计划部署约13000颗卫星，G60星链也在加速建设。这些星座将为中国及"一带一路"沿线国家提供全球覆盖的互联网服务。</p><h2>太空经济的多元化</h2><p>从卫星制造和发射服务，到遥感数据应用和通信运营，再到太空旅游和在轨服务，中国太空经济的产业链正在不断完善。</p><h2>政策与资本的双轮驱动</h2><p>国家政策的支持和风险资本的涌入，为中国商业航天提供了强劲动力。但与SpaceX相比，中国民营航天在技术积累和人才储备上仍有差距。</p>', 'https://picsum.photos/seed/art217/800/450', 2, 0, 1, 2345, 167, 28, 67, 645.3, '2026-04-15 14:00:00', '2026-04-15 00:00:00', '2026-04-15 14:00:00'),
(218, 3, 198, '卫星互联网：连接全球最后30亿人', '全球仍有约30亿人无法接入互联网。卫星互联网正在成为弥合数字鸿沟的关键基础设施。', '<h2>为什么需要卫星互联网</h2><p>地面基站覆盖不到偏远地区、海洋和空中。卫星互联网从太空提供覆盖，让全球任何角落都能接入网络。</p><h2>星链的先发优势</h2><p>SpaceX的星链已部署超过6000颗卫星，服务超过300万用户。在乌克兰战争中，星链展示了其战略价值。</p><h2>中国卫星互联网的发展</h2><p>中国星网和G60星链正在加速部署。技术路线上，中国选择用更少但更大的卫星实现同等覆盖，降低部署和运维成本。</p><h2>频谱与轨道资源的争夺</h2><p>近地轨道和通信频谱是有限的战略资源。国际电信联盟的"先到先得"规则意味着，谁先发射谁就占据优势。</p>', 'https://picsum.photos/seed/art218/800/450', 2, 0, 0, 1789, 134, 24, 52, 489.6, '2026-04-22 10:00:00', '2026-04-22 00:00:00', '2026-04-22 10:00:00'),
(219, 7, 199, '太空旅游：普通人也能去太空吗', '太空旅游不再是科幻小说中的幻想。从亚轨道飞行到轨道度假，太空旅游正在成为现实。', '<h2>亚轨道太空旅游</h2><p>维珍银河和蓝色起源提供亚轨道飞行体验，乘客能体验数分钟的失重和地球全景。票价约25-45万美元。</p><h2>轨道太空旅游</h2><p>SpaceX的Crew Dragon已将多名私人乘客送入地球轨道。Axiom Space正在建设商业空间站，计划提供轨道度假服务。</p><h2>太空酒店</h2><p>轨道礁和Haven-1等商业空间站项目正在推进。未来的太空酒店将提供微重力体验、地球观赏和太空行走等项目。</p><h2>安全与可及性</h2><p>太空旅游的安全记录尚可，但风险远高于民航。随着技术成熟和规模扩大，价格有望在十年内降至普通中产可承受的范围。</p>', 'https://picsum.photos/seed/art219/800/450', 2, 0, 0, 1567, 112, 20, 45, 434.5, '2026-04-28 14:00:00', '2026-04-28 00:00:00', '2026-04-28 14:00:00'),
(220, 4, 200, '小行星采矿：太空资源的无限可能', '一颗小行星可能含有价值数万亿美元的铂族金属。小行星采矿是解决地球资源枯竭的潜在方案。', '<h2>小行星上的宝藏</h2><p>灵神星据估计含有价值约700万亿美元的金属资源。月球上的氦-3是理想的核聚变燃料。太空资源的总量远超地球。</p><h2>技术挑战</h2><p>小行星采矿面临巨大技术挑战：如何抵达目标小行星、如何锚定在低重力天体上、如何开采和加工矿石、如何将资源运回。</p><h2>法律与治理</h2><p>《外层空间条约》规定太空资源不属于任何国家，但美国和卢森堡已通过法律允许私人企业拥有开采的太空资源。</p><h2>太空原位资源利用</h2><p>与其将太空资源运回地球，不如在太空中直接利用——用月球土壤3D打印建筑、用小行星水制造火箭燃料。太空原位资源利用是深空探索的关键使能技术。</p>', 'https://picsum.photos/seed/art220/800/450', 2, 0, 0, 1345, 89, 16, 34, 378.9, '2026-05-05 10:00:00', '2026-05-05 00:00:00', '2026-05-05 10:00:00'),
(221, 4, 79, '多模态大模型：AI的"通感"时代', '从文本到图像、从图像到视频、从语音到动作——多模态大模型正在让AI拥有类似人类的多感官整合能力。', '<h2>什么是多模态大模型</h2><p>多模态大模型能够同时理解和生成文本、图像、音频、视频等多种模态的信息。它不再局限于单一模态，而是像人类一样整合多种感官来理解世界。</p><h2>技术架构演进</h2><p>从早期的"拼接式"多模态到"原生多模态"，技术架构正在发生根本性变化。统一的Transformer架构和对比学习是关键创新。</p><h2>应用场景爆发</h2><p>AI视频生成、3D内容创作、跨模态搜索、智能助手——多模态大模型正在催生全新的应用场景。</p><h2>挑战与风险</h2><p>计算资源需求巨大、多模态对齐的困难、深度伪造的风险、版权和伦理问题——多模态大模型的发展需要技术创新与社会治理并行推进。</p>', 'https://picsum.photos/seed/art221/800/450', 2, 0, 1, 4567, 298, 45, 112, 1234.5, '2026-01-08 10:00:00', '2026-01-08 00:00:00', '2026-01-08 10:00:00'),
(222, 4, 79, 'AI Agent实战：构建你的第一个自主智能体', 'AI Agent是大语言模型应用的下一个前沿。', '<h2>AI Agent的核心架构</h2><p>一个AI Agent由四个核心组件构成：大语言模型（大脑）、记忆系统（经验）、工具集（能力）和规划模块（策略）。</p><h2>ReAct模式</h2><p>ReAct模式让Agent交替进行推理和行动。先思考下一步该做什么，然后执行，再根据结果调整策略。</p><h2>工具调用</h2><p>Agent通过调用外部工具来扩展能力：搜索引擎获取信息、代码解释器执行计算、API调用操作外部系统。</p><h2>实战案例</h2><p>以构建一个"研究助手Agent"为例：给定一个研究主题，Agent自动搜索文献、整理要点、生成报告。从LangChain到CrewAI，选择合适的框架让开发事半功倍。</p>', 'https://picsum.photos/seed/art222/800/450', 2, 0, 1, 3234, 223, 38, 89, 876.5, '2026-02-02 10:00:00', '2026-02-02 00:00:00', '2026-02-02 10:00:00'),
(223, 3, 78, '微服务架构中的分布式事务解决方案', '微服务架构下，分布式事务是最棘手的技术难题之一。', '<h2>为什么需要分布式事务</h2><p>在单体应用中，数据库事务保证了数据一致性。但在微服务架构中，每个服务拥有独立数据库，跨服务的数据一致性需要新的解决方案。</p><h2>Saga模式</h2><p>Saga将长事务拆分为一系列本地事务，每个本地事务完成后发布事件触发下一个事务。如果某个步骤失败，执行补偿事务回滚之前的操作。</p><h2>TCC模式</h2><p>TCC为每个操作定义三个阶段：Try预留资源、Confirm确认执行、Cancel取消释放。TCC的隔离性更好，但实现复杂度更高。</p><h2>本地消息表</h2><p>将消息持久化到本地数据库，通过定时任务确保消息最终发送。这是最简单可靠的最终一致性方案。</p>', 'https://picsum.photos/seed/art223/800/450', 2, 0, 0, 1890, 134, 24, 56, 523.4, '2026-02-15 14:00:00', '2026-02-15 00:00:00', '2026-02-15 14:00:00'),
(224, 3, 78, '平台工程实践：为开发团队打造自助式基础设施', '平台工程是DevOps的进化方向。它通过构建内部开发者平台，让开发团队能够自助式地使用基础设施。', '<h2>从DevOps到平台工程</h2><p>DevOps要求每个团队都具备运维能力，但现实中开发者的运维能力参差不齐。平台工程通过构建统一的内部平台，将运维能力产品化。</p><h2>内部开发者平台的核心能力</h2><p>服务模板和脚手架、环境管理、部署流水线、可观测性、数据库管理、密钥管理——这些是IDP最核心的能力模块。</p><h2>Backstage实践</h2><p>Spotify开源的Backstage是构建IDP的事实标准。它提供了服务目录、技术文档、模板市场等核心功能。</p><h2>度量与改进</h2><p>DORA指标是衡量平台工程效果的核心指标。持续度量、持续改进，让平台真正服务于开发者的需求。</p>', 'https://picsum.photos/seed/art224/800/450', 2, 0, 0, 1567, 112, 20, 45, 434.5, '2026-03-01 10:00:00', '2026-03-01 00:00:00', '2026-03-01 10:00:00'),
(225, 3, 45, '固态电池量产之路：电动车续航焦虑的终极解答', '固态电池用固态电解质取代液态电解液，能量密度更高、安全性更好。2026年，固态电池正在从实验室走向量产。', '<h2>为什么需要固态电池</h2><p>当前锂离子电池的能量密度已接近理论极限，且液态电解液存在安全隐患。固态电池能量密度可达500Wh/kg以上，且不存在漏液和起火风险。</p><h2>技术路线</h2><p>硫化物固态电解质离子电导率高但稳定性差，氧化物稳定性好但电导率低，聚合物柔韧性好但室温电导率不足。各路线各有优劣。</p><h2>量产进展</h2><p>丰田宣布2027年量产固态电池，宁德时代的凝聚态电池已实现量产。半固态电池作为过渡方案，已在部分车型上搭载。</p><h2>对电动车的影响</h2><p>固态电池有望将电动车续航提升到1000公里以上，充电时间缩短到10分钟以内。当续航焦虑不再是问题，电动车的普及将进入新阶段。</p>', 'https://picsum.photos/seed/art225/800/450', 2, 0, 1, 2678, 189, 32, 72, 734.5, '2026-03-10 10:00:00', '2026-03-10 00:00:00', '2026-03-10 10:00:00'),
(226, 3, 45, '氢能产业链全景：从制氢到用氢的关键环节', '氢能被誉为"终极清洁能源"。本文全景式解析氢能产业链。', '<h2>制氢：从灰氢到绿氢</h2><p>灰氢成本低但碳排放大，蓝氢是过渡方案，绿氢是终极目标。绿氢成本正在快速下降。</p><h2>储运：氢能的最大瓶颈</h2><p>氢气密度极低，储运成本高昂。高压气态储氢、低温液态储氢、有机液体储氢和固态储氢各有优劣。管道输氢是大规模运输的最经济方案。</p><h2>应用场景</h2><p>燃料电池汽车、工业脱碳、电力储能、航空燃料——氢能的应用场景正在从交通扩展到工业和电力。</p><h2>政策与投资</h2><p>全球已有40多个国家发布氢能战略。中国将氢能列为前沿方向，多地出台氢能产业扶持政策。氢能产业正从政策驱动走向市场驱动。</p>', 'https://picsum.photos/seed/art226/800/450', 2, 0, 0, 1890, 134, 24, 56, 523.4, '2026-03-18 10:00:00', '2026-03-18 00:00:00', '2026-03-18 10:00:00'),
(227, 8, 115, '精准医学时代：基因检测如何改变临床决策', '精准医学正在从概念走向临床实践。基因检测不再是科研工具，而是越来越多疾病的常规诊断手段。', '<h2>肿瘤精准治疗</h2><p>非小细胞肺癌患者常规检测EGFR、ALK、ROS1等基因突变，根据突变类型选择靶向药物。免疫治疗前的PD-L1表达和肿瘤突变负荷检测帮助预测疗效。</p><h2>遗传病诊断</h2><p>全外显子组测序和全基因组测序让罕见遗传病的诊断率从不到10%提升到30-40%。产前无创基因检测已成为常规产检项目。</p><h2>药物基因组学</h2><p>不同基因型的患者对同一药物的反应和副作用风险差异巨大。药物基因组学指导个体化用药，减少"试错"式处方。</p><h2>挑战与展望</h2><p>基因数据的安全和隐私、检测结果的解读能力、医保覆盖和费用问题——精准医学的普及仍面临诸多挑战。但方向是明确的：未来的医学将更加精准。</p>', 'https://picsum.photos/seed/art227/800/450', 2, 0, 1, 2123, 156, 26, 62, 589.7, '2026-03-25 14:00:00', '2026-03-25 00:00:00', '2026-03-25 14:00:00'),
(228, 3, 80, '零信任架构实践：从边界防御到身份验证', '传统网络安全以"边界"为核心，但在云原生和远程办公时代，边界已经消失。零信任架构以"永不信任，始终验证"为原则。', '<h2>零信任的核心理念</h2><p>零信任不信任任何网络位置和设备，无论是内网还是外网。每一次访问请求都必须经过严格的身份验证和授权。</p><h2>技术架构</h2><p>零信任架构的核心组件包括：身份提供商、策略决策点、策略执行点和持续评估引擎。每个访问请求都经过"验证-授权-执行-监控"的完整流程。</p><h2>实施路径</h2><p>从身份认证强化开始，逐步推进微隔离、零信任网络访问和数据分类保护。分阶段实施，避免"推倒重来"。</p><h2>零信任与云原生</h2><p>云原生环境天然适合零信任——服务网格提供了身份和加密通信，Kubernetes的RBAC实现了精细授权。零信任与云原生的结合是安全架构的未来。</p>', 'https://picsum.photos/seed/art228/800/450', 2, 0, 0, 1789, 123, 22, 48, 489.6, '2026-04-02 10:00:00', '2026-04-02 00:00:00', '2026-04-02 10:00:00'),
(229, 5, 21, 'React Server Components深度解析：前端渲染的新范式', 'React Server Components不是简单的服务端渲染，而是一种全新的组件模型。', '<h2>RSC的核心思想</h2><p>RSC将组件分为服务端组件和客户端组件。服务端组件在服务器上执行，可以直接访问数据库和文件系统，不会增加客户端包体积。</p><h2>与SSR的区别</h2><p>SSR在服务器上渲染HTML然后发送到客户端，但所有组件的JavaScript仍然需要下载。RSC的服务端组件的代码永远不会发送到客户端。</p><h2>数据获取模式</h2><p>服务端组件可以直接在组件内部进行数据库查询和API调用，无需useEffect或数据获取库。这让数据获取代码更简洁。</p><h2>Next.js中的实践</h2><p>Next.js App Router是RSC的最佳实践框架。默认所有组件都是服务端组件，需要交互时才添加"use client"指令。</p>', 'https://picsum.photos/seed/art229/800/450', 2, 0, 1, 2345, 167, 28, 67, 645.3, '2026-04-10 10:00:00', '2026-04-10 00:00:00', '2026-04-10 10:00:00'),
(230, 13, 82, '实时数据湖架构：从批处理到流批一体', '传统数据仓库以批处理为主，无法满足实时性要求。数据湖架构正在从"批处理优先"演进到"流批一体"。', '<h2>从数据仓库到数据湖</h2><p>数据仓库要求数据先清洗再入库，延迟高但质量好。数据湖接纳所有原始数据，灵活但容易变成"数据沼泽"。数据湖仓试图兼得两者优势。</p><h2>流批一体的技术基础</h2><p>Apache Kafka提供了统一的流批存储层，Apache Flink支持流批统一的计算引擎，Apache Iceberg和Delta Lake提供了ACID事务支持。</p><h2>实时数据湖架构设计</h2><p>ODS层存储原始数据，DWD层进行明细清洗，DWS层构建汇总指标，ADS层服务应用查询。每一层都支持实时和批量两种写入方式。</p><h2>实践建议</h2><p>从小场景开始验证，逐步扩展到全链路。优先解决数据质量和数据治理问题，技术架构反而是相对容易的部分。</p>', 'https://picsum.photos/seed/art230/800/450', 2, 0, 0, 1678, 123, 22, 48, 467.8, '2026-04-18 10:00:00', '2026-04-18 00:00:00', '2026-04-18 10:00:00'),
(231, 5, 8, 'Vue 3.5新特性全解析：响应式系统再进化', 'Vue 3.5带来了响应式系统的重大优化、新的响应式Props解构方式、以及多项开发体验改进。', '<h2>响应式系统优化</h2><p>Vue 3.5对响应式系统进行了深度优化，减少了不必要的依赖追踪和触发。对于大型应用，性能提升可达56%。</p><h2>响应式Props解构</h2><p>现在可以在defineProps中直接解构并保持响应性。不再需要额外的toRefs转换，代码更简洁。</p><h2>useId新API</h2><p>useId为SSR场景生成唯一ID，解决了服务端和客户端ID不匹配的问题。这对于可访问性属性（如aria-labelledby）特别有用。</p><h2>自定义元素改进</h2><p>Vue 3.5改进了自定义元素的创建方式，支持更灵活的属性传递和事件处理。这使得Vue组件可以更好地与Web Components生态集成。</p>', 'https://picsum.photos/seed/art231/800/450', 2, 0, 0, 1890, 134, 24, 56, 523.4, '2026-04-25 10:00:00', '2026-04-25 00:00:00', '2026-04-25 10:00:00'),
(232, 3, 23, '云原生微服务治理：从服务网格到eBPF', '微服务治理正在经历从Sidecar代理到eBPF无代理架构的演进。服务网格的下一代会是什么样子？', '<h2>服务网格的现状</h2><p>Istio和Linkerd是目前最流行的服务网格实现。它们通过Sidecar代理实现流量管理、安全通信和可观测性。但Sidecar带来了额外的资源开销和延迟。</p><h2>eBPF的崛起</h2><p>eBPF允许在内核中安全地运行沙盒程序，无需修改内核源码或加载内核模块。Cilium等项目正在用eBPF实现网络策略和可观测性，无需Sidecar代理。</p><h2>无代理服务网格</h2><p>Istio的Ambient模式用eBPF和节点级代理取代了Sidecar，大幅降低了资源开销和延迟。这可能是服务网格的未来方向。</p><h2>选择建议</h2><p>新项目优先考虑Ambient模式或Cilium。现有Sidecar架构可以逐步迁移，两种模式可以共存。不要为了新技术而盲目迁移，稳定性永远是第一位的。</p>', 'https://picsum.photos/seed/art232/800/450', 2, 0, 0, 1567, 112, 20, 45, 434.5, '2026-05-02 10:00:00', '2026-05-02 00:00:00', '2026-05-02 10:00:00'),
(233, 10, 56, '2026年UI设计趋势：从AI生成到空间界面', '2026年，AI生成设计和空间计算界面正在重新定义UI设计的边界。设计师需要掌握哪些新技能？', '<h2>AI辅助设计</h2><p>AI已经能生成高质量的UI设计稿、图标和插画。但AI无法替代设计师的审美判断和用户同理心。最好的工作流是AI生成加人工精修。</p><h2>空间界面设计</h2><p>Apple Vision Pro催生了空间界面设计的新需求。从2D到3D，设计师需要学习空间布局、深度感知和手势交互等新技能。</p><h2>设计系统2.0</h2><p>传统设计系统正在进化为"智能设计系统"——自动适配不同平台和设备，AI辅助生成组件变体，设计Token自动同步到代码。</p><h2>无障碍优先设计</h2><p>无障碍不再是"锦上添花"，而是设计的基本要求。WCAG 3.0标准更加全面，设计师需要在设计初期就考虑无障碍需求。</p>', 'https://picsum.photos/seed/art233/800/450', 2, 0, 1, 2123, 156, 26, 62, 589.7, '2026-05-08 14:00:00', '2026-05-08 00:00:00', '2026-05-08 14:00:00'),
(234, 9, 50, '2026年创业风向标：值得关注的十大赛道', '2026年，哪些赛道最值得创业者关注？本文基于市场数据和技术趋势，梳理了十大高潜力创业方向。', '<h2>AI原生应用</h2><p>不是给现有产品加AI，而是从零开始用AI重新设计产品。AI原生应用将创造全新的用户体验和市场机会。</p><h2>具身智能</h2><p>人形机器人和工业机器人的智能化是下一个大机会。从仓储物流到家庭服务，具身智能的应用场景正在快速扩展。</p><h2>合成生物学</h2><p>生物制造正在替代传统化工。从新材料到新药，合成生物学的商业化正在加速。</p><h2>太空经济</h2><p>商业航天、卫星互联网、太空旅游——太空经济的产业链正在形成。中国商业航天正处于爆发前夜。</p><h2>其他赛道</h2><p>脑机接口、量子计算、绿色科技、数字孪生、精准医疗、新型储能——这些领域都蕴含着巨大的创业机会。</p>', 'https://picsum.photos/seed/art234/800/450', 2, 0, 1, 3456, 234, 38, 89, 923.4, '2026-05-12 10:00:00', '2026-05-12 00:00:00', '2026-05-12 10:00:00'),
(235, 3, 10, 'Spring Boot 3.4新特性：虚拟线程与可观测性增强', 'Spring Boot 3.4带来了对Java 21虚拟线程的全面支持、可观测性的重大增强和多项性能优化。', '<h2>虚拟线程支持</h2><p>Spring Boot 3.4默认启用虚拟线程。对于I/O密集型应用，虚拟线程可以显著提升吞吐量，而无需修改现有代码。只需添加spring.threads.virtual.enabled=true配置即可。</p><h2>可观测性增强</h2><p>新增了对OpenTelemetry日志的支持，改进了Micrometer的指标收集。现在可以更方便地实现分布式追踪、指标监控和日志关联。</p><h2>RestClient支持</h2><p>Spring Boot 3.4为RestClient提供了自动配置支持，包括消息转换、错误处理和可观测性。RestClient是RestTemplate的现代替代。</p><h2>升级建议</h2><p>从Spring Boot 3.x升级到3.4相对平滑。建议先在测试环境验证虚拟线程的兼容性，特别是使用了ThreadLocal或synchronized的代码。</p>', 'https://picsum.photos/seed/art235/800/450', 2, 0, 0, 1678, 123, 22, 48, 467.8, '2026-05-18 10:00:00', '2026-05-18 00:00:00', '2026-05-18 10:00:00'),
(236, 3, 5, 'Go语言1.23新特性：迭代器与泛型改进', 'Go 1.23引入了自定义迭代器、改进了泛型支持，并带来了多项标准库增强。', '<h2>自定义迭代器</h2><p>Go 1.23引入了range over func特性，允许自定义类型在range语句中使用。这让遍历自定义集合变得优雅，无需再实现复杂的Iterator接口。</p><h2>泛型改进</h2><p>泛型类型推断更加智能，减少了需要显式指定类型参数的场景。标准库新增了多个泛型工具函数，如slices.Concat、maps.Collect等。</p><h2>标准库增强</h2><p>新增iter包提供迭代器工具函数，unique包提供字符串interning功能，structs包提供了结构体布局控制。这些增强让Go的标准库更加完善。</p><h2>向后兼容性</h2><p>Go团队对向后兼容性的承诺一如既往。1.23的所有新特性都是增量式的，现有代码无需修改即可升级。</p>', 'https://picsum.photos/seed/art236/800/450', 2, 0, 0, 1234, 89, 16, 34, 345.6, '2026-05-22 14:00:00', '2026-05-22 00:00:00', '2026-05-22 14:00:00'),
(237, 4, 14, '扩散模型原理详解：从DDPM到Stable Diffusion', '扩散模型是当前最流行的生成式AI架构。本文从数学原理到工程实现，全面解析扩散模型的工作机制。', '<h2>扩散过程</h2><p>扩散模型的前向过程逐步向数据添加高斯噪声，直到数据变成纯噪声。反向过程则学习如何从噪声中恢复原始数据。这个看似简单的过程，蕴含着深刻的数学原理。</p><h2>DDPM的突破</h2><p>2020年，DDPM证明了扩散模型可以生成高质量的图像。关键创新在于将去噪过程参数化为预测噪声而非预测数据，这大大简化了训练目标。</p><h2>Stable Diffusion的工程创新</h2><p>Stable Diffusion在潜在空间而非像素空间进行扩散，大幅降低了计算成本。结合CLIP文本编码器，实现了文本到图像的生成。</p><h2>扩散模型的未来</h2><p>一致性模型减少了采样步数，流匹配提供了新的理论框架，视频扩散模型扩展到了时序生成。扩散模型正在从图像生成走向通用生成。</p>', 'https://picsum.photos/seed/art237/800/450', 2, 0, 0, 2345, 167, 28, 67, 645.3, '2026-05-28 10:00:00', '2026-05-28 00:00:00', '2026-05-28 10:00:00'),
(238, 3, 25, 'Kubernetes资源优化实战：从请求限制到FinOps', 'Kubernetes集群的资源利用率通常不到50%。本文分享K8s资源优化的实战经验，帮你降低云成本30%以上。', '<h2>资源请求与限制</h2><p>正确设置requests和limits是优化的第一步。requests影响调度，limits限制资源使用。建议CPU requests设为实际使用的70%，limits设为requests的2倍。内存limits和requests设为相同值，避免OOMKill。</p><h2>垂直自动缩放</h2><p>VPA自动调整Pod的资源请求。建议在recommendation模式下运行VPA，先观察建议值，确认合理后再切换到auto模式。</p><h2>FinOps实践</h2><p>建立成本标签体系、设置成本告警、定期审查闲置资源、使用Spot实例处理可中断工作负载——FinOps不仅是技术问题，更是组织流程问题。</p><h2>右 sizing工具</h2><p>kube-capacity、resource-advisor等工具可以帮助识别过度配置的Pod。定期运行这些工具，持续优化资源配置。</p>', 'https://picsum.photos/seed/art238/800/450', 2, 0, 0, 1567, 112, 20, 45, 434.5, '2026-06-02 10:00:00', '2026-06-02 00:00:00', '2026-06-02 10:00:00'),
(239, 4, 15, '大模型微调实战：从LoRA到QLoRA的进阶之路', '大模型微调是让通用模型适应特定领域的关键技术。本文从LoRA到QLoRA，系统讲解参数高效微调的方法论。', '<h2>为什么需要微调</h2><p>通用大模型在特定领域的表现往往不够好。微调可以让模型适应特定任务，同时保留通用能力。全量微调成本太高，参数高效微调（PEFT）是更实用的选择。</p><h2>LoRA原理</h2><p>LoRA在原始权重矩阵旁添加低秩分解矩阵，只训练这些新增的参数。训练参数量通常只有全量的0.1%-1%，但效果接近全量微调。</p><h2>QLoRA优化</h2><p>QLoRA在LoRA基础上引入4-bit量化、分页优化器和双重量化，将微调的显存需求降低了3-4倍。单张4090即可微调7B模型。</p><h2>微调最佳实践</h2><p>数据质量比数量更重要。1000条高质量数据的效果可能优于10000条低质量数据。学习率建议1e-4到5e-4，epoch数3-5轮。</p>', 'https://picsum.photos/seed/art239/800/450', 2, 0, 1, 2890, 198, 34, 78, 789.6, '2026-06-08 10:00:00', '2026-06-08 00:00:00', '2026-06-08 10:00:00'),
(240, 3, 81, '云原生数据库选型指南：TiDB vs CockroachDB vs YugabyteDB', '分布式SQL数据库正在成为云原生应用的标配。本文对比三大主流分布式数据库的架构差异和适用场景。', '<h2>架构对比</h2><p>TiDB基于Raft共识和LSM-Tree存储，计算存储分离架构。CockroachDB同样基于Raft，但使用Pebble引擎。YugabyteDB基于Raft和DocDB存储，原生支持PostgreSQL协议。</p><h2>性能特征</h2><p>TiDB在HTAP场景表现优异，支持实时分析。CockroachDB在强一致性事务方面更成熟。YugabyteDB对PostgreSQL生态兼容性最好。</p><h2>运维复杂度</h2><p>TiDB的运维工具最完善，TiDB Operator支持K8s一键部署。CockroachDB的自管理能力较强。YugabyteDB的云托管服务最成熟。</p><h2>选型建议</h2><p>需要HTAP选TiDB，需要强一致性和地理分布选CockroachDB，需要PostgreSQL兼容性选YugabyteDB。没有银弹，只有最适合的选择。</p>', 'https://picsum.photos/seed/art240/800/450', 2, 0, 0, 1345, 89, 16, 34, 378.9, '2026-06-12 14:00:00', '2026-06-12 00:00:00', '2026-06-12 14:00:00'),
(241, 4, 13, 'RAG技术演进：从朴素检索到混合检索再到Agent RAG', 'RAG是大模型落地的核心技术。本文梳理RAG的技术演进路线，帮你选择最适合的RAG架构。', '<h2>朴素RAG</h2><p>最简单的RAG：用户问题向量化→检索相关文档→拼接为上下文→LLM生成答案。问题：检索质量差、上下文冗余、缺乏推理能力。</p><h2>高级RAG</h2><p>查询改写、混合检索（向量加关键词）、重排序、上下文压缩——这些技术显著提升了检索质量。但高级RAG仍然是"检索-阅读"的单次流程。</p><h2>模块化RAG</h2><p>将RAG拆解为可组合的模块：索引、检索、重排、生成、评估。每个模块可以独立优化和替换，像搭积木一样构建RAG系统。</p><h2>Agent RAG</h2><p>Agent RAG让LLM自主决定何时检索、检索什么、如何使用检索结果。它将RAG从被动工具变成了主动能力，是RAG技术的未来方向。</p>', 'https://picsum.photos/seed/art241/800/450', 2, 0, 1, 2678, 189, 32, 72, 734.5, '2026-06-16 10:00:00', '2026-06-16 00:00:00', '2026-06-16 10:00:00'),
(242, 5, 9, 'Next.js 15深度解析：Turbopack稳定与Server Actions增强', 'Next.js 15带来了Turbopack的稳定版、Server Actions的重大增强和多项性能优化。', '<h2>Turbopack稳定</h2><p>经过两年的打磨，Turbopack终于在Next.js 15中成为稳定特性。开发模式下的编译速度比Webpack快10倍以上，热更新几乎即时。</p><h2>Server Actions增强</h2><p>Server Actions现在支持更好的类型推断、更灵活的错误处理和更完善的表单验证集成。useActionState钩子简化了表单状态管理。</p><h2>部分预渲染</h2><p>PPR允许在同一页面中混合静态和动态内容。静态部分在构建时渲染，动态部分在请求时渲染。这实现了静态生成的性能和动态内容的灵活性。</p><h2>迁移建议</h2><p>从Next.js 14升级到15相对平滑。建议优先启用Turbopack，然后逐步迁移到PPR。App Router已成为默认选项。</p>', 'https://picsum.photos/seed/art242/800/450', 2, 0, 0, 1890, 134, 24, 56, 523.4, '2026-06-20 10:00:00', '2026-06-20 00:00:00', '2026-06-20 10:00:00'),
(243, 4, 103, '数据湖仓架构实战：Iceberg + Spark + Flink全链路', '数据湖仓（Lakehouse）正在统一数据仓库和数据湖。本文以Apache Iceberg为核心，构建完整的实时数据湖仓架构。', '<h2>为什么选择Iceberg</h2><p>Iceberg提供了ACID事务、时间旅行、Schema演化和分区演化等关键能力。与Delta Lake相比，Iceberg的开放性更好；与Hudi相比，Iceberg的架构更简洁。</p><h2>架构设计</h2><p>数据入湖：Flink CDC实时同步MySQL到Iceberg。数据处理：Spark批处理和Flink流处理双引擎。数据服务：Trino提供交互式查询，Spark提供批量和ML工作负载。</p><h2>关键优化</h2><p>分区策略选择、文件大小控制、Compaction策略、元数据管理——这些优化直接影响查询性能。建议数据文件大小256MB，Manifest文件8MB。</p><h2>运维经验</h2><p>定期执行Compaction和Orphan文件清理。监控数据延迟和分区倾斜。建立数据质量校验流程，确保入湖数据的质量。</p>', 'https://picsum.photos/seed/art243/800/450', 2, 0, 0, 1567, 112, 20, 45, 434.5, '2026-01-05 10:00:00', '2026-01-05 00:00:00', '2026-01-05 10:00:00'),
(244, 4, 16, '机器学习特征工程实战：从手工特征到自动特征', '特征工程是机器学习中投入产出比最高的环节。本文从手工特征到自动特征，系统讲解特征工程的方法论。', '<h2>特征工程的重要性</h2><p>好的特征可以让简单模型超越差特征上的复杂模型。特征工程不是过时的技能，而是数据科学家的核心竞争力。</p><h2>数值特征处理</h2><p>标准化、归一化、对数变换、分箱——不同的处理方式适用于不同的模型和场景。树模型不需要标准化，但线性模型和神经网络对特征尺度敏感。</p><h2>类别特征编码</h2><p>One-Hot、Label Encoding、Target Encoding、Embedding——选择取决于类别基数和模型类型。高基数类别推荐Target Encoding或Embedding。</p><h2>自动特征工程</h2><p>Featuretools和AutoFeat等工具可以自动生成特征。但自动特征需要严格的特征选择，否则会引入噪声和过拟合。自动特征是起点，不是终点。</p>', 'https://picsum.photos/seed/art244/800/450', 2, 0, 0, 1234, 89, 16, 34, 345.6, '2026-01-15 14:00:00', '2026-01-15 00:00:00', '2026-01-15 14:00:00'),
(245, 3, 11, 'Node.js性能优化：从事件循环到Worker Threads', 'Node.js的性能瓶颈往往不在CPU而在I/O。本文从事件循环到Worker Threads，系统讲解Node.js性能优化的方法论。', '<h2>事件循环深度理解</h2><p>Node.js是单线程的，但不是单进程的。理解事件循环的6个阶段（timers、pending、idle、prepare、poll、check、close）是优化的前提。</p><h2>避免阻塞事件循环</h2><p>CPU密集型任务会阻塞事件循环，导致所有请求排队。解决方案：拆分大任务为小任务（setImmediate）、使用Worker Threads、或委托给子进程。</p><h2>Worker Threads实战</h2><p>Worker Threads允许在Node.js中运行真正的并行计算。适合图像处理、加密运算、数据压缩等CPU密集型任务。注意数据传输开销，使用SharedArrayBuffer避免序列化。</p><h2>内存优化</h2><p>避免全局变量累积、使用流处理大文件、及时释放引用。Node.js的V8引擎有自动GC，但理解GC机制可以帮助写出更高效的代码。</p>', 'https://picsum.photos/seed/art245/800/450', 2, 0, 0, 1567, 112, 20, 45, 434.5, '2026-01-28 10:00:00', '2026-01-28 00:00:00', '2026-01-28 10:00:00'),
(246, 4, 17, 'NLP前沿：从BERT到GPT再到多模态大模型', '自然语言处理在过去五年经历了从预训练到生成式再到多模态的范式转变。本文梳理NLP的技术演进路线。', '<h2>预训练时代</h2><p>2018年BERT开启了预训练时代。通过在大规模语料上预训练，再在下游任务上微调，NLP任务的性能大幅提升。BERT的MLM和NSP预训练目标成为标配。</p><h2>生成式时代</h2><p>GPT系列证明了"更大就是更好"的Scaling Law。自回归生成模型在对话、写作、编程等任务上展现了惊人的能力。InstructGPT和RLHF让模型输出更符合人类偏好。</p><h2>多模态时代</h2><p>GPT-4V、Gemini等多模态模型将NLP从文本扩展到图像、音频和视频。视觉语言模型（VLM）正在成为新的研究热点。</p><h2>未来方向</h2><p>更长的上下文窗口、更好的推理能力、更强的指令遵循——NLP的下一个突破可能来自推理时计算的扩展（如o1模型），而非单纯的模型规模增长。</p>', 'https://picsum.photos/seed/art246/800/450', 2, 0, 1, 2345, 167, 28, 67, 645.3, '2026-02-05 14:00:00', '2026-02-05 00:00:00', '2026-02-05 14:00:00'),
(247, 3, 24, 'GitOps实践：ArgoCD从入门到生产', 'GitOps是云原生时代的运维范式。本文以ArgoCD为核心，分享GitOps从概念验证到生产落地的完整经验。', '<h2>GitOps核心原则</h2><p>声明式配置、版本控制、自动应用、持续协调——GitOps的四大原则确保了基础设施状态的可审计、可回滚和自愈。</p><h2>ArgoCD入门</h2><p>ArgoCD是Kubernetes原生的GitOps工具。它监控Git仓库的变更，自动将声明式配置同步到集群。支持Kustomize、Helm和纯YAML。</p><h2>多环境管理</h2><p>使用ApplicationSet实现多环境（dev/staging/prod）的统一管理。利用Git分支或目录结构区分环境配置，避免配置漂移。</p><h2>生产最佳实践</h2><p>启用SSO集成、设置RBAC权限、配置通知告警、使用Progressive Delivery（如Argo Rollouts）实现渐进式发布。GitOps不是银弹，但它是目前最可靠的云原生运维范式。</p>', 'https://picsum.photos/seed/art247/800/450', 2, 0, 0, 1345, 89, 16, 34, 378.9, '2026-02-12 10:00:00', '2026-02-12 00:00:00', '2026-02-12 10:00:00'),
(248, 4, 18, '计算机视觉2026：从视觉基础模型到具身视觉', '计算机视觉正在从图像分类走向视觉理解，从2D走向3D，从感知走向行动。', '<h2>视觉基础模型</h2><p>SAM（Segment Anything Model）展示了视觉基础模型的潜力。一个模型即可完成多种视觉任务，无需针对每个任务单独训练。</p><h2>视频理解</h2><p>视频大模型正在追赶图像大模型的能力。长视频理解、视频问答、视频生成——视频理解是CV的下一个前沿。</p><h2>3D视觉</h2><p>NeRF和3D Gaussian Splatting让从2D图像重建3D场景成为可能。3D生成和3D理解正在融合，推动AR/VR和数字孪生的发展。</p><h2>具身视觉</h2><p>具身视觉将视觉感知与机器人行动连接。机器人需要理解场景、规划路径、执行操作——视觉不再是"看"，而是"看加做"。</p>', 'https://picsum.photos/seed/art248/800/450', 2, 0, 0, 1678, 123, 22, 48, 467.8, '2026-02-22 10:00:00', '2026-02-22 00:00:00', '2026-02-22 10:00:00'),
(249, 3, 46, '储能技术路线对比：锂电、钠电、液流电池谁主沉浮', '储能是新能源体系的关键环节。本文对比三大主流储能技术路线的优劣势和发展前景。', '<h2>锂离子电池储能</h2><p>磷酸铁锂电池是当前电化学储能的主流，循环寿命6000次以上，能量密度150Wh/kg。但锂资源有限，成本下降空间有限。</p><h2>钠离子电池</h2><p>钠资源丰富，成本比锂电低30%。但能量密度仅120Wh/kg，循环寿命3000次。钠电适合对能量密度要求不高的储能场景。</p><h2>液流电池</h2><p>全钒液流电池循环寿命超过20000次，安全性极高，但能量密度仅25Wh/kg，初始投资高。适合长时储能（4小时以上）场景。</p><h2>技术路线展望</h2><p>短期锂电主导，中期钠电补充，长期液流电池和固态电池可能改变格局。储能市场足够大，多种技术路线将长期共存。</p>', 'https://picsum.photos/seed/art249/800/450', 2, 0, 0, 1890, 134, 24, 56, 523.4, '2026-03-02 14:00:00', '2026-03-02 00:00:00', '2026-03-02 14:00:00'),
(250, 4, 113, '脑机接口伦理：当技术可以读取思维', '脑机接口技术正在从医疗康复走向增强应用。当技术可以读取甚至写入思维时，我们如何保护思维的隐私和自主权？', '<h2>思维隐私</h2><p>脑机接口可以读取神经信号并解码思维内容。这带来了前所未有的隐私风险——思维可能是最后的隐私堡垒。</p><h2>思维自主权</h2><p>如果脑机接口可以写入神经信号，是否可能操纵人的思维和决策？思维自主权是基本人权，需要法律和技术双重保障。</h2><h2>精神完整性</h2><p>脑机接口可能改变人格和身份认同。法律需要保护"精神完整性"，防止未经同意的神经干预。</p><h2>治理框架</h2><p>智利已将"神经权利"写入宪法。联合国教科文组织正在制定神经伦理指南。中国需要建立脑机接口的伦理审查和监管框架。</p>', 'https://picsum.photos/seed/art250/800/450', 2, 0, 0, 1567, 112, 20, 45, 434.5, '2026-03-08 10:00:00', '2026-03-08 00:00:00', '2026-03-08 10:00:00'),
(251, 3, 65, 'ROS 2与具身智能：机器人开发的现代工具链', 'ROS 2是机器人开发的事实标准。本文介绍ROS 2的核心架构和具身智能开发的新工具链。', '<h2>ROS 2架构</h2><p>ROS 2基于DDS中间件，支持实时通信、分布式部署和多种编程语言。相比ROS 1，ROS 2在可靠性、安全性和实时性方面有质的飞跃。</p><h2>导航与感知</h2><p>Nav2提供完整的自主导航框架，支持多种规划器和控制器。结合3D激光雷达和视觉SLAM，机器人可以在复杂环境中自主导航。</p><h2>操控与规划</h2><p>MoveIt 2支持机械臂的运动规划和碰撞检测。结合力控和视觉伺服，机器人可以完成精细操作任务。</p><h2>仿真与部署</h2><p>Gazebo和Isaac Sim提供高保真仿真环境。从仿真到实物的迁移（Sim-to-Real）是具身智能的关键挑战。域随机化和数字孪生是当前最有效的Sim-to-Real方法。</p>', 'https://picsum.photos/seed/art251/800/450', 2, 0, 0, 1123, 76, 14, 28, 312.4, '2026-03-15 14:00:00', '2026-03-15 00:00:00', '2026-03-15 14:00:00'),
(252, 6, 74, '网络文学二十年：从BBS到IP帝国', '中国网络文学已经走过了二十年。从BBS时代的野蛮生长到今天的IP帝国，网络文学如何改变了中国的文化生态？', '<h2>萌芽时代</h2><p>1998年，痞子蔡的《第一次的亲密接触》开启了中文网络文学的序幕。BBS和文学网站成为最初的创作平台，写手们用键盘书写着属于互联网的文学。</p><h2>商业化转型</h2><p>起点中文网的VIP制度让网络文学找到了商业模式。付费阅读、打赏、月票——这些机制催生了"日更万字"的创作生态。</p><h2>IP时代</h2><p>网络文学成为影视、游戏、动漫的IP源头。《庆余年》《诡秘之主》等作品的成功改编，让网络文学从亚文化走向主流。</p><h2>AI时代的挑战</h2><p>AI写作工具正在改变网络文学的创作方式。但真正打动人心的故事，仍然需要人类作者的创造力和情感投入。AI是工具，不是作者。</p>', 'https://picsum.photos/seed/art252/800/450', 2, 0, 0, 1345, 89, 16, 34, 378.9, '2026-03-22 10:00:00', '2026-03-22 00:00:00', '2026-03-22 10:00:00'),
(253, 3, 97, 'RISC-V芯片生态全景：开源架构的中国机会', 'RISC-V是开源的处理器指令集架构，正在成为芯片领域的新势力。中国企业在RISC-V生态中扮演着越来越重要的角色。', '<h2>RISC-V的优势</h2><p>开源免费、模块化设计、可扩展性强——RISC-V打破了ARM和x86的垄断格局。对于中国企业，RISC-V还意味着供应链安全。</p><h2>中国RISC-V生态</h2><p>平头哥、赛昉科技、芯来科技等企业正在构建RISC-V全栈能力。从IP核到开发板，从操作系统到应用软件，中国RISC-V生态正在快速完善。</p><h2>应用场景</h2><p>IoT和嵌入式是RISC-V的切入点。智能汽车、数据中心和AI推理是下一个战场。RISC-V在AI加速器领域有独特优势——可以针对特定算法定制指令。</p><h2>挑战与展望</h2><p>软件生态是最大短板。RISC-V需要更多操作系统、编译器和应用软件的支持。但趋势是明确的：RISC-V将成为与ARM和x86并列的第三大处理器架构。</p>', 'https://picsum.photos/seed/art253/800/450', 2, 0, 0, 1678, 123, 22, 48, 467.8, '2026-04-01 14:00:00', '2026-04-01 00:00:00', '2026-04-01 14:00:00'),
(254, 4, 34, '量子计算最新进展：从量子优越到量子纠错', '2026年，量子计算在量子纠错方面取得了重要突破。量子计算正在从"能不能"走向"好不好"。', '<h2>量子优越性</h2><p>2019年谷歌宣布实现量子优越性，2020年中国"九章"光量子计算机也实现了量子优越性。但这些演示的计算任务没有实用价值。</p><h2>量子纠错突破</h2><p>2026年，多个团队在量子纠错方面取得进展。逻辑量子比特的错误率首次低于物理量子比特，这是量子纠错的关键里程碑。</p><h2>量子计算的应用前景</h2><p>药物分子模拟、金融风险分析、物流优化、密码学——量子计算最有前途的应用场景正在从理论走向实验验证。</p><h2>中国量子计算</h2><p>中国在超导量子计算和光量子计算两条路线都有布局。"祖冲之号"超导量子处理器和"九章"光量子计算机代表了中国量子计算的顶尖水平。</p>', 'https://picsum.photos/seed/art254/800/450', 2, 0, 1, 1890, 134, 24, 56, 523.4, '2026-04-10 10:00:00', '2026-04-10 00:00:00', '2026-04-10 10:00:00'),
(255, 4, 104, '自动驾驶感知算法演进：从BEV到端到端', '自动驾驶感知算法正在经历从模块化到端到端的范式转变。本文梳理感知算法的演进路线和最新进展。', '<h2>BEV感知</h2><p>BEV（Birds Eye View）感知将多摄像头特征统一到鸟瞰视角，解决了多视角融合问题。BEVFormer、BEVDepth等方法已成为行业标配。</p><h2>Occupancy Network</h2><p>占用网络将3D空间划分为网格，预测每个网格是否被占用。它不依赖预定义的类别，可以检测任意形状的障碍物。</p><h2>端到端感知</h2><p>端到端方法直接从原始传感器数据输出驾驶决策，跳过了中间的检测、跟踪等模块。UniAD展示了端到端自动驾驶的潜力。</p><h2>大模型赋能</h2><p>视觉语言大模型为自动驾驶提供了常识推理能力。遇到未见过的场景，大模型可以提供语义理解，弥补传统感知算法的不足。</p>', 'https://picsum.photos/seed/art255/800/450', 2, 0, 0, 2345, 167, 28, 67, 645.3, '2026-04-18 14:00:00', '2026-04-18 00:00:00', '2026-04-18 14:00:00');

-- ============================================================
-- 2. 作品标签关联 (ID 605起)
-- ============================================================

INSERT INTO cms_article_tag (id, article_id, tag_id) VALUES
(605, 156, 60), (606, 156, 72), (607, 156, 73),
(608, 157, 60), (609, 157, 21), (610, 157, 56),
(611, 158, 61), (612, 158, 75), (613, 158, 74),
(614, 159, 79), (615, 159, 78), (616, 159, 31),
(617, 160, 78), (618, 160, 28), (619, 160, 83),
(620, 161, 13), (621, 161, 27), (622, 161, 82),
(623, 162, 77), (624, 162, 36), (625, 162, 101),
(626, 163, 56), (627, 163, 57), (628, 163, 74),
(629, 164, 76), (630, 164, 78), (631, 164, 80),
(632, 165, 117), (633, 165, 70), (634, 165, 21),
(635, 166, 70), (636, 166, 32), (637, 166, 19),
(638, 167, 118), (639, 167, 47), (640, 167, 45),
(641, 168, 59), (642, 168, 56), (643, 168, 51),
(644, 169, 117), (645, 169, 74), (646, 169, 21),
(647, 170, 42), (648, 170, 43), (649, 170, 71),
(650, 171, 62), (651, 171, 63), (652, 171, 64),
(653, 172, 63), (654, 172, 40), (655, 172, 13),
(656, 173, 40), (657, 173, 62), (658, 173, 65),
(659, 174, 62), (660, 174, 76), (661, 174, 63),
(662, 175, 64), (663, 175, 48), (664, 175, 77),
(665, 176, 36), (666, 176, 34), (667, 176, 3),
(668, 177, 36), (669, 177, 35), (670, 177, 34),
(671, 178, 36), (672, 178, 35), (673, 178, 3),
(674, 179, 19), (675, 179, 16), (676, 179, 2),
(677, 180, 36), (678, 180, 34), (679, 180, 3),
(680, 181, 36), (681, 181, 19), (682, 181, 103),
(683, 182, 35), (684, 182, 34), (685, 182, 3),
(686, 183, 35), (687, 183, 99), (688, 183, 3),
(689, 184, 35), (690, 184, 34), (691, 184, 3),
(692, 185, 35), (693, 185, 34), (694, 185, 39),
(695, 186, 35), (696, 186, 93), (697, 186, 31),
(698, 187, 35), (699, 187, 31), (700, 187, 46),
(701, 188, 38), (702, 188, 95), (703, 188, 37),
(704, 189, 38), (705, 189, 37), (706, 189, 92),
(707, 190, 38), (708, 190, 35), (709, 190, 46),
(710, 191, 38), (711, 191, 19), (712, 191, 13),
(713, 192, 37), (714, 192, 112), (715, 192, 13),
(716, 193, 37), (717, 193, 41), (718, 193, 16),
(719, 194, 37), (720, 194, 41), (721, 194, 67),
(722, 195, 42), (723, 195, 45), (724, 195, 47),
(725, 196, 37), (726, 196, 42), (727, 196, 36),
(728, 197, 37), (729, 197, 67), (730, 197, 68),
(731, 198, 37), (732, 198, 80), (733, 198, 40),
(734, 199, 37), (735, 199, 47), (736, 199, 42),
(737, 200, 39), (738, 200, 110), (739, 200, 35),
(740, 201, 39), (741, 201, 110), (742, 201, 35),
(743, 202, 19), (744, 202, 20), (745, 202, 103),
(746, 203, 50), (747, 203, 44), (748, 203, 47),
(749, 204, 39), (750, 204, 37), (751, 204, 35),
(752, 205, 44), (753, 205, 48), (754, 205, 49),
(755, 206, 116), (756, 206, 49), (757, 206, 48),
(758, 207, 115), (759, 207, 45), (760, 207, 44),
(761, 208, 114), (762, 208, 86), (763, 208, 44),
(764, 209, 113), (765, 209, 40), (766, 209, 13),
(767, 210, 95), (768, 210, 111), (769, 210, 37),
(770, 211, 41), (771, 211, 112), (772, 211, 13),
(773, 212, 112), (774, 212, 19), (775, 212, 13),
(776, 213, 105), (777, 213, 77), (778, 213, 27),
(779, 214, 104), (780, 214, 89), (781, 214, 13),
(782, 215, 107), (783, 215, 102), (784, 215, 9),
(785, 216, 106), (786, 216, 103), (787, 216, 13),
(788, 217, 108), (789, 217, 109), (790, 217, 90),
(791, 218, 30), (792, 218, 74), (793, 218, 109),
(794, 219, 110), (795, 219, 108), (796, 219, 90),
(797, 220, 110), (798, 220, 108), (799, 220, 31),
(800, 221, 13), (801, 221, 15), (802, 221, 14),
(803, 222, 13), (804, 222, 15), (805, 222, 101),
(806, 223, 23), (807, 223, 10), (808, 223, 78),
(809, 224, 78), (810, 224, 24), (811, 224, 101),
(812, 225, 43), (813, 225, 46), (814, 225, 89),
(815, 226, 43), (816, 226, 45), (817, 226, 46),
(818, 227, 67), (819, 227, 41), (820, 227, 13),
(821, 228, 27), (822, 228, 81), (823, 228, 23),
(824, 229, 9), (825, 229, 21), (826, 229, 4),
(827, 230, 103), (828, 230, 82), (829, 230, 19),
(830, 231, 8), (831, 231, 21), (832, 231, 4),
(833, 232, 23), (834, 232, 25), (835, 232, 81),
(836, 233, 56), (837, 233, 57), (838, 233, 102),
(839, 234, 50), (840, 234, 13), (841, 234, 49),
(842, 235, 10), (843, 235, 3), (844, 235, 23),
(845, 236, 5), (846, 237, 14), (888, 237, 15), (889, 237, 13),
(890, 238, 25), (891, 238, 24), (892, 238, 81),
(893, 239, 15), (894, 239, 13), (895, 239, 16),
(896, 240, 103), (897, 240, 82), (898, 240, 3),
(899, 241, 13), (900, 241, 17), (901, 241, 15),
(902, 242, 9), (903, 242, 21), (904, 242, 12),
(905, 243, 103), (906, 243, 82), (907, 243, 19),
(908, 244, 16), (909, 244, 19), (910, 244, 2),
(911, 245, 11), (912, 245, 32), (913, 245, 21),
(914, 246, 17), (915, 246, 13), (916, 246, 15),
(917, 247, 24), (918, 247, 25), (919, 247, 101),
(920, 248, 18), (921, 248, 13), (922, 248, 14),
(923, 249, 43), (924, 249, 46), (925, 249, 44),
(926, 250, 113), (927, 250, 82), (928, 250, 40),
(929, 251, 65), (930, 251, 104), (931, 251, 13),
(932, 252, 74), (933, 252, 75), (934, 252, 119),
(935, 253, 97), (936, 253, 98), (937, 253, 31),
(938, 254, 34), (939, 254, 3), (940, 254, 13),
(941, 255, 104), (942, 255, 13), (943, 255, 18);

-- ============================================================
-- 3. 作品图片 (ID 296起)
-- ============================================================

INSERT INTO cms_article_image (id, article_id, url, type, width, height, sort_order) VALUES
(296, 156, 'https://picsum.photos/seed/img296/800/450', 1, 1920, 1080, 0),
(297, 158, 'https://picsum.photos/seed/img297/800/450', 1, 1920, 1080, 0),
(298, 159, 'https://picsum.photos/seed/img298/800/450', 1, 1920, 1080, 0),
(299, 161, 'https://picsum.photos/seed/img299/800/450', 1, 1920, 1080, 0),
(300, 165, 'https://picsum.photos/seed/img300/800/450', 1, 1920, 1080, 0),
(301, 169, 'https://picsum.photos/seed/img301/800/450', 1, 1920, 1080, 0),
(302, 171, 'https://picsum.photos/seed/img302/800/450', 1, 1920, 1080, 0),
(303, 184, 'https://picsum.photos/seed/img303/800/450', 1, 1920, 1080, 0),
(304, 187, 'https://picsum.photos/seed/img304/800/450', 1, 1920, 1080, 0),
(305, 192, 'https://picsum.photos/seed/img305/800/450', 1, 1920, 1080, 0),
(306, 200, 'https://picsum.photos/seed/img306/800/450', 1, 1920, 1080, 0),
(307, 203, 'https://picsum.photos/seed/img307/800/450', 1, 1920, 1080, 0),
(308, 209, 'https://picsum.photos/seed/img308/800/450', 1, 1920, 1080, 0),
(309, 211, 'https://picsum.photos/seed/img309/800/450', 1, 1920, 1080, 0),
(310, 214, 'https://picsum.photos/seed/img310/800/450', 1, 1920, 1080, 0),
(311, 215, 'https://picsum.photos/seed/img311/800/450', 1, 1920, 1080, 0),
(312, 217, 'https://picsum.photos/seed/img312/800/450', 1, 1920, 1080, 0),
(313, 221, 'https://picsum.photos/seed/img313/800/450', 1, 1920, 1080, 0),
(314, 222, 'https://picsum.photos/seed/img314/800/450', 1, 1920, 1080, 0),
(315, 225, 'https://picsum.photos/seed/img315/800/450', 1, 1920, 1080, 0),
(316, 227, 'https://picsum.photos/seed/img316/800/450', 1, 1920, 1080, 0),
(317, 229, 'https://picsum.photos/seed/img317/800/450', 1, 1920, 1080, 0),
(318, 234, 'https://picsum.photos/seed/img318/800/450', 1, 1920, 1080, 0),
(319, 239, 'https://picsum.photos/seed/img319/800/450', 1, 1920, 1080, 0),
(320, 241, 'https://picsum.photos/seed/img320/800/450', 1, 1920, 1080, 0),
(321, 246, 'https://picsum.photos/seed/img321/800/450', 1, 1920, 1080, 0),
(322, 254, 'https://picsum.photos/seed/img322/800/450', 1, 1920, 1080, 0),
(323, 255, 'https://picsum.photos/seed/img323/800/450', 1, 1920, 1080, 0);

-- ============================================================
-- 4. 评论数据 (ID 521起)
-- ============================================================

INSERT INTO cms_comment (id, article_id, user_id, parent_id, reply_to_id, content, status, like_count, created_at) VALUES
(521, 156, 11, 0, 0, '昆曲真的太美了，每次听都有一种穿越时空的感觉', 1, 12, '2026-01-19 08:30:00'),
(522, 156, 15, 521, 11, '是啊，白先勇的青春版牡丹亭让我第一次爱上了昆曲', 1, 8, '2026-01-19 09:15:00'),
(523, 156, 12, 0, 0, 'AI辅助身段记录这个应用太棒了，传统文化需要这样的创新', 1, 15, '2026-01-19 10:00:00'),
(524, 157, 7, 0, 0, '街头摄影最重要的是观察力，器材真的不是关键', 1, 9, '2026-01-23 08:00:00'),
(525, 157, 11, 0, 0, '最近开始用手机拍街拍，发现真的很有趣', 1, 6, '2026-01-23 12:00:00'),
(526, 157, 3, 0, 0, '法律与伦理那段写得好，尊重被摄者是最基本的', 1, 4, '2026-01-23 15:00:00'),
(527, 158, 15, 0, 0, '中国科幻电影终于有希望了，流浪地球系列太棒了', 1, 18, '2026-02-06 09:00:00'),
(528, 158, 12, 0, 0, '期待更多类型片的突破，不能只靠科幻', 1, 11, '2026-02-06 10:30:00'),
(529, 159, 6, 0, 0, '三星堆的文物真的太震撼了，每次看都有新发现', 1, 22, '2026-02-13 08:00:00'),
(530, 159, 11, 0, 0, 'AI辅助文物修复效率提升太大了，科技改变考古', 1, 14, '2026-02-13 10:00:00'),
(531, 159, 15, 0, 0, '古蜀文明的文字系统如果能破译就好了', 1, 10, '2026-02-13 14:00:00'),
(532, 160, 7, 0, 0, '中欧班列真的是新时代的丝绸之路，意义深远', 1, 8, '2026-02-19 08:00:00'),
(533, 160, 4, 0, 0, '张骞出使西域的故事每次读都热血沸腾', 1, 6, '2026-02-19 10:00:00'),
(534, 161, 12, 0, 0, '算法偏见这个问题太重要了，很多人都没意识到', 1, 16, '2026-02-26 09:00:00'),
(535, 161, 14, 0, 0, '自动驾驶的电车难题确实需要认真讨论', 1, 12, '2026-02-26 11:00:00'),
(536, 161, 8, 0, 0, 'AI伦理框架的构建刻不容缓，不能等技术出了问题再补', 1, 9, '2026-02-26 14:00:00'),
(537, 162, 11, 0, 0, '逻辑谬误这篇作品太实用了，收藏了', 1, 8, '2026-03-03 08:00:00'),
(538, 162, 6, 0, 0, '稻草人谬误在网上太常见了，到处都是', 1, 5, '2026-03-03 10:00:00'),
(539, 163, 10, 0, 0, '留白的美学在UI设计中也很重要，less is more', 1, 11, '2026-03-09 09:00:00'),
(540, 163, 15, 0, 0, '侘寂之美和极简主义的结合太妙了', 1, 7, '2026-03-09 11:00:00'),
(541, 164, 8, 0, 0, '宗教与科学并非对立，这个观点很客观', 1, 6, '2026-03-16 08:00:00'),
(542, 164, 4, 0, 0, '理解宗教确实是理解世界的一把钥匙', 1, 4, '2026-03-16 10:00:00'),
(543, 165, 14, 0, 0, '电竞入亚运是好事，但训练强度确实需要关注选手健康', 1, 14, '2026-03-23 08:00:00'),
(544, 165, 11, 0, 0, '作为电竞爱好者，终于等到这一天了', 1, 18, '2026-03-23 10:00:00'),
(545, 166, 14, 0, 0, '恢复确实比训练还重要，很多人忽略了这点', 1, 9, '2026-03-29 08:00:00'),
(546, 166, 7, 0, 0, '数据驱动训练是未来趋势，可穿戴设备改变了一切', 1, 7, '2026-03-29 10:00:00'),
(547, 167, 9, 0, 0, '可持续旅游的理念应该更普及，过度旅游伤害太大了', 1, 8, '2026-04-03 08:00:00'),
(548, 167, 12, 0, 0, '负责任的旅行让世界更好，赞同', 1, 5, '2026-04-03 10:00:00'),
(549, 168, 9, 0, 0, '精品酒店的设计哲学很值得学习', 1, 6, '2026-04-09 08:00:00'),
(550, 168, 6, 0, 0, '安缦的设计确实无与伦比，每一家都是艺术品', 1, 4, '2026-04-09 10:00:00'),
(551, 169, 3, 0, 0, '博德之门3的分支叙事确实是巅峰，每个选择都有重量', 1, 15, '2026-04-16 09:00:00'),
(552, 169, 11, 0, 0, '环境叙事的方式太高级了，让玩家自己发现故事', 1, 12, '2026-04-16 11:00:00'),
(553, 169, 8, 0, 0, '叙事和玩法的融合才是游戏设计的最高境界', 1, 8, '2026-04-16 14:00:00'),
(554, 170, 8, 0, 0, '阳台种菜真的很有成就感，推荐大家试试', 1, 7, '2026-04-21 08:00:00'),
(555, 170, 12, 0, 0, '多肉植物是阳台花园的最佳入门选择', 1, 5, '2026-04-21 10:00:00'),
(556, 171, 15, 0, 0, '焦虑管理真的需要学习，这篇作品帮了我很多', 1, 20, '2026-04-26 08:00:00'),
(557, 171, 12, 0, 0, '正念冥想确实有效，推荐大家试试', 1, 13, '2026-04-26 10:00:00'),
(558, 171, 7, 0, 0, '焦虑的身体信号那段写得太真实了，我就是这样', 1, 9, '2026-04-26 14:00:00'),
(559, 172, 4, 0, 0, 'AI的理解和人类的理解本质区别这个问题太深刻了', 1, 11, '2026-05-02 09:00:00'),
(560, 172, 6, 0, 0, '记忆的重构性让我重新审视了很多"记忆"', 1, 8, '2026-05-02 11:00:00'),
(561, 173, 6, 0, 0, '大脑可塑性给了我们希望，任何时候学习都不晚', 1, 14, '2026-05-07 08:00:00'),
(562, 173, 11, 0, 0, '伦敦出租车司机的例子太经典了', 1, 9, '2026-05-07 10:00:00'),
(563, 174, 4, 0, 0, '意识问题确实是科学最后的谜题', 1, 10, '2026-05-12 08:00:00'),
(564, 174, 15, 0, 0, '自由意志是否存在，这个问题想多了会失眠', 1, 7, '2026-05-12 10:00:00'),
(565, 175, 10, 0, 0, '存在主义在当代依然有强大的生命力', 1, 8, '2026-05-17 08:00:00'),
(566, 175, 4, 0, 0, '加缪的荒诞哲学在当下特别有共鸣', 1, 6, '2026-05-17 10:00:00'),
(567, 176, 8, 0, 0, '语言塑造思维这个观点太有启发了', 1, 9, '2026-05-22 08:00:00'),
(568, 176, 12, 0, 0, '中文和英文的思维差异确实存在，双语者深有体会', 1, 7, '2026-05-22 10:00:00'),
(569, 177, 7, 0, 0, '气候变化的数据触目惊心，不能再忽视了', 1, 12, '2026-01-23 08:00:00'),
(570, 177, 14, 0, 0, '碳中和对普通人来说也是可以参与的', 1, 8, '2026-01-23 10:00:00'),
(571, 178, 6, 0, 0, '生物多样性的丧失比想象中更严重', 1, 10, '2026-01-29 08:00:00'),
(572, 178, 11, 0, 0, '保护生物多样性就是保护我们自己', 1, 7, '2026-01-29 10:00:00'),
(573, 179, 8, 0, 0, '垃圾分类从理念到实践还有很长的路要走', 1, 6, '2026-02-04 08:00:00'),
(574, 179, 4, 0, 0, '日本的垃圾分类经验值得借鉴', 1, 5, '2026-02-04 10:00:00'),
(575, 180, 7, 0, 0, '碳中和不仅是环保目标，更是经济转型的机遇', 1, 11, '2026-02-10 08:00:00'),
(576, 180, 15, 0, 0, '新能源的发展速度超出所有人的预期', 1, 8, '2026-02-10 10:00:00'),
(577, 181, 4, 0, 0, '海洋塑料污染比想象中更严重，需要全球合作', 1, 9, '2026-02-16 08:00:00'),
(578, 181, 6, 0, 0, '微塑料进入食物链这个事实太可怕了', 1, 7, '2026-02-16 10:00:00'),
(579, 182, 10, 0, 0, '绿色建筑是未来的必然趋势', 1, 8, '2026-02-22 08:00:00'),
(580, 182, 12, 0, 0, '被动式建筑的设计理念很超前', 1, 5, '2026-02-22 10:00:00'),
(581, 183, 6, 0, 0, '新能源车市占率超过50%是历史性的时刻', 1, 14, '2026-03-01 08:00:00'),
(582, 183, 14, 0, 0, '固态电池如果量产，燃油车真的要退出历史了', 1, 10, '2026-03-01 10:00:00'),
(583, 183, 3, 0, 0, '智能驾驶和电动化是相辅相成的', 1, 7, '2026-03-01 14:00:00'),
(584, 184, 4, 0, 0, '量子纠缠真的是物理学最奇妙的现象', 1, 18, '2026-02-09 09:00:00'),
(585, 184, 6, 0, 0, '贝尔不等式的实验验证是物理学最优雅的实验之一', 1, 12, '2026-02-09 11:00:00'),
(586, 185, 4, 0, 0, '暗物质和暗能量占了宇宙95%，我们几乎一无所知', 1, 15, '2026-02-15 08:00:00'),
(587, 185, 8, 0, 0, '暗物质探测实验的进展令人期待', 1, 10, '2026-02-15 10:00:00'),
(588, 186, 4, 0, 0, '引力波天文学开启了观测宇宙的新窗口', 1, 12, '2026-02-21 08:00:00'),
(589, 186, 6, 0, 0, '多信使天文学是未来的方向', 1, 8, '2026-02-21 10:00:00'),
(590, 187, 4, 0, 0, '室温超导如果实现，真的是改变世界的技术', 1, 22, '2026-03-13 08:00:00'),
(591, 187, 6, 0, 0, '超导材料的研究需要更多投入', 1, 14, '2026-03-13 10:00:00'),
(592, 187, 11, 0, 0, 'LK-99的教训告诉我们科研需要严谨', 1, 9, '2026-03-13 14:00:00'),
(593, 188, 4, 0, 0, 'CRISPR基因编辑的伦理边界需要认真讨论', 1, 11, '2026-03-19 08:00:00'),
(594, 188, 8, 0, 0, '基因治疗给遗传病患者带来了希望', 1, 8, '2026-03-19 10:00:00'),
(595, 189, 6, 0, 0, 'mRNA疫苗技术平台的应用前景远超想象', 1, 13, '2026-03-25 08:00:00'),
(596, 189, 4, 0, 0, '个性化癌症疫苗如果成功将是医学革命', 1, 9, '2026-03-25 10:00:00'),
(597, 190, 4, 0, 0, '核聚变永远还有50年？这次可能真的不一样了', 1, 16, '2026-04-01 08:00:00'),
(598, 190, 6, 0, 0, 'ITER的进展值得关注，核聚变商业化可能在2040年前实现', 1, 11, '2026-04-01 10:00:00'),
(599, 191, 4, 0, 0, '太空商业化的时代真的来了', 1, 14, '2026-04-07 08:00:00'),
(600, 191, 8, 0, 0, '星舰的成功率越来越高，火星移民不再是梦', 1, 10, '2026-04-07 10:00:00'),
(601, 192, 4, 0, 0, 'AlphaFold是AI对科学最大的贡献之一', 1, 16, '2026-04-16 09:00:00'),
(602, 192, 6, 0, 0, '蛋白质结构预测的精度已经超过实验方法了', 1, 11, '2026-04-16 11:00:00'),
(603, 193, 4, 0, 0, '量子互联网的概念太前沿了', 1, 10, '2026-04-22 08:00:00'),
(604, 193, 8, 0, 0, '量子密钥分发已经在金融领域有应用了', 1, 7, '2026-04-22 10:00:00'),
(605, 194, 6, 0, 0, '脑科学是21世纪最重要的科学领域之一', 1, 12, '2026-04-28 08:00:00'),
(606, 194, 4, 0, 0, '脑机接口的进展令人振奋', 1, 9, '2026-04-28 10:00:00'),
(607, 195, 4, 0, 0, '合成生物学正在创造全新的生命形式', 1, 11, '2026-05-04 08:00:00'),
(608, 195, 8, 0, 0, '生物制造可能是下一次工业革命的核心', 1, 8, '2026-05-04 10:00:00'),
(609, 196, 6, 0, 0, '衰老真的可以被延缓吗？科学给出的答案越来越乐观', 1, 14, '2026-05-10 08:00:00'),
(610, 196, 4, 0, 0, '抗衰老研究从玄学走向科学了', 1, 10, '2026-05-10 10:00:00'),
(611, 197, 4, 0, 0, '可控核聚变是终极清洁能源，期待突破', 1, 13, '2026-05-16 08:00:00'),
(612, 197, 6, 0, 0, '高温超导磁体让托卡马克小型化成为可能', 1, 9, '2026-05-16 10:00:00'),
(613, 198, 4, 0, 0, '深空探测每一步都是人类文明的里程碑', 1, 11, '2026-05-22 08:00:00'),
(614, 198, 8, 0, 0, '木星冰卫星上可能存在生命，太令人期待了', 1, 8, '2026-05-22 10:00:00'),
(615, 199, 4, 0, 0, '粒子物理标准模型的缺口终于要补上了', 1, 10, '2026-05-28 08:00:00'),
(616, 199, 6, 0, 0, '下一代对撞机的建设需要全球合作', 1, 7, '2026-05-28 10:00:00'),
(617, 200, 4, 0, 0, '黑洞照片是人类认知的里程碑', 1, 20, '2026-06-02 08:00:00'),
(618, 200, 6, 0, 0, '信息悖论真的让人着迷，信息到底去了哪里', 1, 14, '2026-06-02 10:00:00'),
(619, 201, 8, 0, 0, '碳交易市场的发展速度超出预期', 1, 9, '2026-01-24 08:00:00'),
(620, 201, 12, 0, 0, '碳定价机制是减排最有效的手段', 1, 6, '2026-01-24 10:00:00'),
(621, 202, 6, 0, 0, 'ESG投资已经成为主流，不再是可选项', 1, 8, '2026-01-30 08:00:00'),
(622, 202, 4, 0, 0, '绿色金融的发展需要更完善的标准体系', 1, 5, '2026-01-30 10:00:00'),
(623, 203, 8, 0, 0, '气候变化不是未来的问题，是现在的问题', 1, 18, '2026-06-16 09:00:00'),
(624, 203, 6, 0, 0, '极端天气越来越频繁，行动刻不容缓', 1, 12, '2026-06-16 11:00:00'),
(625, 204, 7, 0, 0, '循环经济是可持续发展的必由之路', 1, 7, '2026-02-05 08:00:00'),
(626, 204, 4, 0, 0, '从线性经济到循环经济的转型需要政策引导', 1, 5, '2026-02-05 10:00:00'),
(627, 205, 8, 0, 0, '新能源并网的技术挑战比想象中大', 1, 9, '2026-02-11 08:00:00'),
(628, 205, 6, 0, 0, '储能是新能源体系的关键拼图', 1, 6, '2026-02-11 10:00:00'),
(629, 206, 6, 0, 0, 'AI制药正在加速新药发现的过程', 1, 11, '2026-02-17 08:00:00'),
(630, 206, 4, 0, 0, 'AlphaFold对药物靶点发现帮助太大了', 1, 8, '2026-02-17 10:00:00'),
(631, 207, 4, 0, 0, '精准医疗让癌症治疗进入新时代', 1, 10, '2026-02-23 08:00:00'),
(632, 207, 8, 0, 0, '基因检测的成本下降让精准医疗成为可能', 1, 7, '2026-02-23 10:00:00'),
(633, 208, 6, 0, 0, '远程医疗在疫情后加速发展，便利性大大提升', 1, 9, '2026-03-01 08:00:00'),
(634, 208, 4, 0, 0, '5G让远程手术成为现实，太不可思议了', 1, 6, '2026-03-01 10:00:00'),
(635, 209, 4, 0, 0, '脑机接口的进展太快了，伦理讨论必须跟上', 1, 15, '2026-02-19 08:00:00'),
(636, 209, 6, 0, 0, '截瘫患者能重新行走，这太令人振奋了', 1, 22, '2026-02-19 10:00:00'),
(637, 209, 11, 0, 0, 'Neuralink的人体试验结果令人期待', 1, 10, '2026-02-19 14:00:00'),
(638, 210, 4, 0, 0, '数字疗法是医疗领域的新蓝海', 1, 8, '2026-03-05 08:00:00'),
(639, 210, 8, 0, 0, '数字疗法的临床验证标准需要尽快建立', 1, 5, '2026-03-05 10:00:00'),
(640, 211, 4, 0, 0, '碱基编辑比CRISPR精准太多了，基因治疗的未来', 1, 16, '2026-03-11 08:00:00'),
(641, 211, 6, 0, 0, '基因编辑治疗遗传病已经进入临床了', 1, 11, '2026-03-11 10:00:00'),
(642, 212, 4, 0, 0, 'mRNA技术平台的应用远不止疫苗', 1, 10, '2026-03-17 08:00:00'),
(643, 212, 8, 0, 0, '个性化癌症疫苗如果成功将改变肿瘤治疗格局', 1, 7, '2026-03-17 10:00:00'),
(644, 213, 6, 0, 0, '手术机器人的精度确实远超人类', 1, 9, '2026-03-23 08:00:00'),
(645, 213, 4, 0, 0, '达芬奇手术机器人已经是很成熟的技术了', 1, 6, '2026-03-23 10:00:00'),
(646, 214, 3, 0, 0, 'L4自动驾驶在限定区域已经实现了', 1, 12, '2026-03-29 08:00:00'),
(647, 214, 6, 0, 0, '感知融合是自动驾驶的核心技术难题', 1, 8, '2026-03-29 10:00:00'),
(648, 215, 3, 0, 0, '空间计算是下一代计算平台，Apple Vision Pro只是开始', 1, 14, '2026-04-04 08:00:00'),
(649, 215, 11, 0, 0, 'MR比纯VR更有前途，虚实融合才是未来', 1, 10, '2026-04-04 10:00:00'),
(650, 216, 3, 0, 0, 'Web3的基础设施越来越完善了', 1, 8, '2026-04-10 08:00:00'),
(651, 216, 6, 0, 0, '去中心化身份是Web3最有价值的应用之一', 1, 5, '2026-04-10 10:00:00'),
(652, 217, 3, 0, 0, '可回收火箭让太空发射成本大幅下降', 1, 11, '2026-04-16 08:00:00'),
(653, 217, 8, 0, 0, '星舰的成功对整个航天产业影响深远', 1, 8, '2026-04-16 10:00:00'),
(654, 218, 3, 0, 0, '量子密码学是后量子时代的安全基石', 1, 9, '2026-04-22 08:00:00'),
(655, 218, 4, 0, 0, 'NIST的后量子密码标准已经发布了', 1, 6, '2026-04-22 10:00:00'),
(656, 219, 3, 0, 0, '边缘AI让智能无处不在', 1, 8, '2026-04-28 08:00:00'),
(657, 219, 6, 0, 0, '端侧大模型是AI落地的关键方向', 1, 5, '2026-04-28 10:00:00'),
(658, 220, 3, 0, 0, '数字孪生从概念走向了实际应用', 1, 7, '2026-05-04 08:00:00'),
(659, 220, 4, 0, 0, '工业数字孪生的价值已经被验证了', 1, 5, '2026-05-04 10:00:00'),
(660, 221, 3, 0, 0, '多模态大模型是AI的下一个突破点', 1, 12, '2026-05-10 08:00:00'),
(661, 221, 6, 0, 0, 'GPT-4V的能力确实令人惊叹', 1, 8, '2026-05-10 10:00:00'),
(662, 222, 3, 0, 0, 'AI Agent是2026年最火的技术方向', 1, 14, '2026-05-16 08:00:00'),
(663, 222, 11, 0, 0, 'AutoGPT的想法很好，但可靠性还需要提升', 1, 9, '2026-05-16 10:00:00'),
(664, 223, 3, 0, 0, 'AI芯片的竞争越来越激烈了', 1, 10, '2026-05-22 08:00:00'),
(665, 223, 4, 0, 0, '国产AI芯片的进步值得肯定', 1, 7, '2026-05-22 10:00:00'),
(666, 224, 3, 0, 0, '联邦学习让数据隐私和AI训练不再矛盾', 1, 9, '2026-05-28 08:00:00'),
(667, 224, 6, 0, 0, '隐私计算在金融和医疗领域大有可为', 1, 6, '2026-05-28 10:00:00'),
(668, 225, 3, 0, 0, '固态电池量产终于要来了', 1, 13, '2026-06-03 08:00:00'),
(669, 225, 8, 0, 0, '固态电池的安全性优势太明显了', 1, 9, '2026-06-03 10:00:00'),
(670, 226, 3, 0, 0, '钙钛矿电池的效率提升速度超出预期', 1, 8, '2026-06-09 08:00:00'),
(671, 226, 6, 0, 0, '钙钛矿和硅电池的叠层是未来方向', 1, 5, '2026-06-09 10:00:00'),
(672, 227, 6, 0, 0, '精准医疗让每个人都能获得量身定制的治疗方案', 1, 10, '2026-06-15 08:00:00'),
(673, 227, 4, 0, 0, '基因组学的进步是精准医疗的基础', 1, 7, '2026-06-15 10:00:00'),
(674, 228, 3, 0, 0, 'TypeScript的类型系统确实让大型项目更可控', 1, 8, '2026-01-25 08:00:00'),
(675, 228, 11, 0, 0, '从JS迁移到TS的体验越来越好', 1, 5, '2026-01-25 10:00:00'),
(676, 229, 3, 0, 0, 'RSC确实是React的重要演进方向', 1, 10, '2026-01-31 08:00:00'),
(677, 229, 6, 0, 0, '服务端组件和客户端组件的边界需要仔细设计', 1, 7, '2026-01-31 10:00:00'),
(678, 230, 3, 0, 0, 'Rust在系统编程领域的优势越来越明显', 1, 11, '2026-02-06 08:00:00'),
(679, 230, 4, 0, 0, 'Rust的学习曲线虽然陡峭，但值得投入', 1, 8, '2026-02-06 10:00:00'),
(680, 231, 3, 0, 0, '微服务不是银弹，架构选择要看具体场景', 1, 9, '2026-02-12 08:00:00'),
(681, 231, 6, 0, 0, '服务网格确实解决了微服务的很多痛点', 1, 6, '2026-02-12 10:00:00'),
(682, 232, 3, 0, 0, 'K8s的运维复杂度确实是最大挑战', 1, 8, '2026-02-18 08:00:00'),
(683, 232, 11, 0, 0, 'K8s的声明式配置理念确实先进', 1, 5, '2026-02-18 10:00:00'),
(684, 233, 3, 0, 0, 'DevOps文化的建立比工具更重要', 1, 7, '2026-02-24 08:00:00'),
(685, 233, 4, 0, 0, 'CI/CD流水线是DevOps的基础设施', 1, 5, '2026-02-24 10:00:00'),
(686, 234, 3, 0, 0, '2026年的创业机会确实和去年不一样了', 1, 10, '2026-03-02 08:00:00'),
(687, 234, 8, 0, 0, 'AI原生应用是最大的创业机会', 1, 7, '2026-03-02 10:00:00'),
(688, 235, 3, 0, 0, '产品经理的AI技能确实是必修课了', 1, 8, '2026-03-08 08:00:00'),
(689, 235, 6, 0, 0, '会用AI的PM和不会的PM差距越来越大', 1, 5, '2026-03-08 10:00:00'),
(690, 236, 3, 0, 0, '远程办公的效率关键在于自驱力和沟通机制', 1, 9, '2026-03-14 08:00:00'),
(691, 236, 11, 0, 0, '异步沟通是远程团队的核心能力', 1, 6, '2026-03-14 10:00:00'),
(692, 237, 3, 0, 0, '设计系统是团队协作效率的倍增器', 1, 7, '2026-03-20 08:00:00'),
(693, 237, 6, 0, 0, '好的设计系统让设计师专注于创意而非重复', 1, 5, '2026-03-20 10:00:00'),
(694, 238, 3, 0, 0, 'Figma的协作能力确实改变了设计工作流', 1, 8, '2026-03-26 08:00:00'),
(695, 238, 4, 0, 0, '设计工具的AI化是必然趋势', 1, 5, '2026-03-26 10:00:00'),
(696, 239, 3, 0, 0, '大模型微调让中小企业也能拥有专属AI', 1, 10, '2026-04-01 08:00:00'),
(697, 239, 6, 0, 0, 'LoRA微调的性价比确实很高', 1, 7, '2026-04-01 10:00:00'),
(698, 240, 3, 0, 0, 'Prompt Engineering正在从技巧走向工程化', 1, 9, '2026-04-07 08:00:00'),
(699, 240, 4, 0, 0, '结构化Prompt确实比自由文本更可控', 1, 6, '2026-04-07 10:00:00'),
(700, 241, 3, 0, 0, 'RAG是目前大模型落地最实用的方案', 1, 11, '2026-04-13 08:00:00'),
(701, 241, 6, 0, 0, '向量数据库的选择对RAG效果影响很大', 1, 8, '2026-04-13 10:00:00'),
(702, 242, 3, 0, 0, 'AI安全不是可选项，是必选项', 1, 8, '2026-04-19 08:00:00'),
(703, 242, 4, 0, 0, '对齐问题是大模型安全的核心', 1, 5, '2026-04-19 10:00:00'),
(704, 243, 3, 0, 0, 'MLOps的成熟度直接影响AI项目的成败', 1, 7, '2026-04-25 08:00:00'),
(705, 243, 6, 0, 0, '模型监控和漂移检测是MLOps的关键环节', 1, 5, '2026-04-25 10:00:00'),
(706, 244, 3, 0, 0, '数据湖仓一体确实是数据架构的演进方向', 1, 8, '2026-05-01 08:00:00'),
(707, 244, 4, 0, 0, 'Iceberg和Delta Lake的竞争对用户是好事', 1, 5, '2026-05-01 10:00:00'),
(708, 245, 3, 0, 0, '实时数仓的需求越来越强烈了', 1, 7, '2026-05-07 08:00:00'),
(709, 245, 6, 0, 0, 'Flink+StarRocks的组合确实很强大', 1, 5, '2026-05-07 10:00:00'),
(710, 246, 3, 0, 0, 'NLP的进步速度太快了，每年都有新突破', 1, 9, '2026-05-13 08:00:00'),
(711, 246, 4, 0, 0, '从BERT到GPT再到多模态，范式转变很明显', 1, 6, '2026-05-13 10:00:00'),
(712, 247, 3, 0, 0, 'GitOps让K8s运维终于有了靠谱的方法论', 1, 8, '2026-05-19 08:00:00'),
(713, 247, 6, 0, 0, 'ArgoCD的声明式同步确实好用', 1, 5, '2026-05-19 10:00:00'),
(714, 248, 3, 0, 0, '视觉基础模型SAM的能力确实惊艳', 1, 9, '2026-05-25 08:00:00'),
(715, 248, 4, 0, 0, '具身视觉是CV走向实用的关键', 1, 6, '2026-05-25 10:00:00'),
(716, 249, 3, 0, 0, '储能技术路线的多元化是好事', 1, 8, '2026-03-03 08:00:00'),
(717, 249, 6, 0, 0, '钠离子电池的成本优势在储能领域很明显', 1, 5, '2026-03-03 10:00:00'),
(718, 250, 4, 0, 0, '脑机接口的伦理问题确实需要提前讨论', 1, 10, '2026-03-09 08:00:00'),
(719, 250, 8, 0, 0, '思维隐私是最基本的神经权利', 1, 7, '2026-03-09 10:00:00'),
(720, 251, 3, 0, 0, 'ROS 2确实比ROS 1可靠多了', 1, 8, '2026-03-16 08:00:00'),
(721, 251, 6, 0, 0, 'Sim-to-Real是具身智能最关键的挑战', 1, 5, '2026-03-16 10:00:00'),
(722, 252, 6, 0, 0, '网络文学二十年变化太大了', 1, 7, '2026-03-23 08:00:00'),
(723, 252, 4, 0, 0, 'IP改编让更多好故事被看见', 1, 5, '2026-03-23 10:00:00'),
(724, 253, 3, 0, 0, 'RISC-V是中国芯片自主可控的重要机会', 1, 10, '2026-04-02 08:00:00'),
(725, 253, 6, 0, 0, 'RISC-V的软件生态还需要时间完善', 1, 7, '2026-04-02 10:00:00'),
(726, 254, 4, 0, 0, '量子纠错的突破是量子计算走向实用的关键', 1, 12, '2026-04-11 08:00:00'),
(727, 254, 6, 0, 0, '中国在量子计算领域的投入和成果都令人瞩目', 1, 8, '2026-04-11 10:00:00'),
(728, 255, 3, 0, 0, '自动驾驶感知系统的冗余设计太重要了', 1, 9, '2026-06-22 08:00:00'),
(729, 255, 6, 0, 0, '多传感器融合是自动驾驶的必由之路', 1, 6, '2026-06-22 10:00:00');

-- ============================================================
-- 5. 点赞数据 (ID 653起, target_type=1为作品点赞)
-- ============================================================

INSERT INTO cms_like (id, user_id, target_id, target_type, created_at) VALUES
(653, 11, 156, 1, '2026-01-18 12:00:00'),
(654, 15, 156, 1, '2026-01-18 13:00:00'),
(655, 12, 156, 1, '2026-01-19 08:00:00'),
(656, 7, 157, 1, '2026-01-22 16:00:00'),
(657, 11, 157, 1, '2026-01-23 09:00:00'),
(658, 15, 158, 1, '2026-02-05 12:00:00'),
(659, 12, 158, 1, '2026-02-06 08:00:00'),
(660, 14, 158, 1, '2026-02-06 14:00:00'),
(661, 6, 159, 1, '2026-02-12 16:00:00'),
(662, 11, 159, 1, '2026-02-13 09:00:00'),
(663, 15, 159, 1, '2026-02-13 15:00:00'),
(664, 7, 160, 1, '2026-02-18 12:00:00'),
(665, 4, 160, 1, '2026-02-19 08:00:00'),
(666, 12, 161, 1, '2026-02-25 12:00:00'),
(667, 14, 161, 1, '2026-02-26 09:00:00'),
(668, 8, 161, 1, '2026-02-26 15:00:00'),
(669, 11, 162, 1, '2026-03-02 12:00:00'),
(670, 6, 162, 1, '2026-03-03 09:00:00'),
(671, 10, 163, 1, '2026-03-08 16:00:00'),
(672, 15, 163, 1, '2026-03-09 10:00:00'),
(673, 8, 164, 1, '2026-03-15 12:00:00'),
(674, 4, 164, 1, '2026-03-16 09:00:00'),
(675, 14, 165, 1, '2026-03-22 12:00:00'),
(676, 11, 165, 1, '2026-03-23 09:00:00'),
(677, 8, 165, 1, '2026-03-23 15:00:00'),
(678, 14, 166, 1, '2026-03-28 16:00:00'),
(679, 7, 166, 1, '2026-03-29 09:00:00'),
(680, 9, 167, 1, '2026-04-02 12:00:00'),
(681, 12, 167, 1, '2026-04-03 09:00:00'),
(682, 9, 168, 1, '2026-04-08 16:00:00'),
(683, 6, 168, 1, '2026-04-09 09:00:00'),
(684, 3, 169, 1, '2026-04-15 12:00:00'),
(685, 11, 169, 1, '2026-04-16 10:00:00'),
(686, 8, 169, 1, '2026-04-16 15:00:00'),
(687, 8, 170, 1, '2026-04-20 12:00:00'),
(688, 12, 170, 1, '2026-04-21 09:00:00'),
(689, 15, 171, 1, '2026-04-25 12:00:00'),
(690, 12, 171, 1, '2026-04-26 09:00:00'),
(691, 7, 171, 1, '2026-04-26 15:00:00'),
(692, 4, 172, 1, '2026-05-01 12:00:00'),
(693, 6, 172, 1, '2026-05-02 09:00:00'),
(694, 6, 173, 1, '2026-05-06 16:00:00'),
(695, 11, 173, 1, '2026-05-07 09:00:00'),
(696, 4, 174, 1, '2026-05-11 12:00:00'),
(697, 15, 174, 1, '2026-05-12 09:00:00'),
(698, 10, 175, 1, '2026-05-16 12:00:00'),
(699, 4, 175, 1, '2026-05-17 09:00:00'),
(700, 8, 176, 1, '2026-05-21 12:00:00'),
(701, 12, 176, 1, '2026-05-22 09:00:00'),
(702, 7, 177, 1, '2026-01-22 12:00:00'),
(703, 14, 177, 1, '2026-01-23 09:00:00'),
(704, 6, 178, 1, '2026-01-28 12:00:00'),
(705, 11, 178, 1, '2026-01-29 09:00:00'),
(706, 8, 179, 1, '2026-02-03 12:00:00'),
(707, 4, 179, 1, '2026-02-04 09:00:00'),
(708, 7, 180, 1, '2026-02-09 12:00:00'),
(709, 15, 180, 1, '2026-02-10 09:00:00'),
(710, 4, 181, 1, '2026-02-15 12:00:00'),
(711, 6, 181, 1, '2026-02-16 09:00:00'),
(712, 10, 182, 1, '2026-02-21 12:00:00'),
(713, 12, 182, 1, '2026-02-22 09:00:00'),
(714, 6, 183, 1, '2026-02-28 12:00:00'),
(715, 14, 183, 1, '2026-03-01 09:00:00'),
(716, 3, 183, 1, '2026-03-01 15:00:00'),
(717, 4, 184, 1, '2026-02-08 12:00:00'),
(718, 6, 184, 1, '2026-02-09 09:00:00'),
(719, 4, 185, 1, '2026-02-14 12:00:00'),
(720, 8, 185, 1, '2026-02-15 09:00:00'),
(721, 4, 186, 1, '2026-02-20 12:00:00'),
(722, 6, 186, 1, '2026-02-21 09:00:00'),
(723, 4, 187, 1, '2026-03-12 12:00:00'),
(724, 6, 187, 1, '2026-03-13 09:00:00'),
(725, 11, 187, 1, '2026-03-13 15:00:00'),
(726, 4, 188, 1, '2026-03-18 12:00:00'),
(727, 8, 188, 1, '2026-03-19 09:00:00'),
(728, 6, 189, 1, '2026-03-24 12:00:00'),
(729, 4, 189, 1, '2026-03-25 09:00:00'),
(730, 4, 190, 1, '2026-03-31 12:00:00'),
(731, 6, 190, 1, '2026-04-01 09:00:00'),
(732, 4, 191, 1, '2026-04-06 12:00:00'),
(733, 8, 191, 1, '2026-04-07 09:00:00'),
(734, 4, 192, 1, '2026-04-15 12:00:00'),
(735, 6, 192, 1, '2026-04-16 10:00:00'),
(736, 4, 193, 1, '2026-04-21 12:00:00'),
(737, 8, 193, 1, '2026-04-22 09:00:00'),
(738, 6, 194, 1, '2026-04-27 12:00:00'),
(739, 4, 194, 1, '2026-04-28 09:00:00'),
(740, 4, 195, 1, '2026-05-03 12:00:00'),
(741, 8, 195, 1, '2026-05-04 09:00:00'),
(742, 6, 196, 1, '2026-05-09 12:00:00'),
(743, 4, 196, 1, '2026-05-10 09:00:00'),
(744, 4, 197, 1, '2026-05-15 12:00:00'),
(745, 6, 197, 1, '2026-05-16 09:00:00'),
(746, 4, 198, 1, '2026-05-21 12:00:00'),
(747, 8, 198, 1, '2026-05-22 09:00:00'),
(748, 4, 199, 1, '2026-05-27 12:00:00'),
(749, 6, 199, 1, '2026-05-28 09:00:00'),
(750, 4, 200, 1, '2026-06-01 12:00:00'),
(751, 6, 200, 1, '2026-06-02 09:00:00'),
(752, 8, 201, 1, '2026-01-23 12:00:00'),
(753, 12, 201, 1, '2026-01-24 09:00:00'),
(754, 6, 202, 1, '2026-01-29 12:00:00'),
(755, 4, 202, 1, '2026-01-30 09:00:00'),
(756, 8, 203, 1, '2026-06-15 12:00:00'),
(757, 6, 203, 1, '2026-06-16 10:00:00'),
(758, 7, 204, 1, '2026-02-04 12:00:00'),
(759, 4, 204, 1, '2026-02-05 09:00:00'),
(760, 8, 205, 1, '2026-02-10 12:00:00'),
(761, 6, 205, 1, '2026-02-11 09:00:00'),
(762, 6, 206, 1, '2026-02-16 12:00:00'),
(763, 4, 206, 1, '2026-02-17 09:00:00'),
(764, 4, 207, 1, '2026-02-22 12:00:00'),
(765, 8, 207, 1, '2026-02-23 09:00:00'),
(766, 6, 208, 1, '2026-02-28 12:00:00'),
(767, 4, 208, 1, '2026-03-01 09:00:00'),
(768, 4, 209, 1, '2026-02-18 12:00:00'),
(769, 6, 209, 1, '2026-02-19 09:00:00'),
(770, 11, 209, 1, '2026-02-19 15:00:00'),
(771, 4, 210, 1, '2026-03-04 12:00:00'),
(772, 8, 210, 1, '2026-03-05 09:00:00'),
(773, 4, 211, 1, '2026-03-10 12:00:00'),
(774, 6, 211, 1, '2026-03-11 09:00:00'),
(775, 4, 212, 1, '2026-03-16 12:00:00'),
(776, 8, 212, 1, '2026-03-17 09:00:00'),
(777, 6, 213, 1, '2026-03-22 12:00:00'),
(778, 4, 213, 1, '2026-03-23 09:00:00'),
(779, 3, 214, 1, '2026-03-28 12:00:00'),
(780, 6, 214, 1, '2026-03-29 09:00:00'),
(781, 3, 215, 1, '2026-04-03 12:00:00'),
(782, 11, 215, 1, '2026-04-04 09:00:00'),
(783, 3, 216, 1, '2026-04-09 12:00:00'),
(784, 6, 216, 1, '2026-04-10 09:00:00'),
(785, 3, 217, 1, '2026-04-15 12:00:00'),
(786, 8, 217, 1, '2026-04-16 09:00:00'),
(787, 3, 218, 1, '2026-04-21 12:00:00'),
(788, 4, 218, 1, '2026-04-22 09:00:00'),
(789, 3, 219, 1, '2026-04-27 12:00:00'),
(790, 6, 219, 1, '2026-04-28 09:00:00'),
(791, 3, 220, 1, '2026-05-03 12:00:00'),
(792, 4, 220, 1, '2026-05-04 09:00:00'),
(793, 3, 221, 1, '2026-05-09 12:00:00'),
(794, 6, 221, 1, '2026-05-10 09:00:00'),
(795, 3, 222, 1, '2026-05-15 12:00:00'),
(796, 11, 222, 1, '2026-05-16 09:00:00'),
(797, 3, 223, 1, '2026-05-21 12:00:00'),
(798, 4, 223, 1, '2026-05-22 09:00:00'),
(799, 3, 224, 1, '2026-05-27 12:00:00'),
(800, 6, 224, 1, '2026-05-28 09:00:00'),
(801, 3, 225, 1, '2026-06-02 12:00:00'),
(802, 8, 225, 1, '2026-06-03 09:00:00'),
(803, 3, 226, 1, '2026-06-08 12:00:00'),
(804, 6, 226, 1, '2026-06-09 09:00:00'),
(805, 6, 227, 1, '2026-06-14 12:00:00'),
(806, 4, 227, 1, '2026-06-15 09:00:00'),
(807, 3, 228, 1, '2026-01-24 12:00:00'),
(808, 11, 228, 1, '2026-01-25 09:00:00'),
(809, 3, 229, 1, '2026-01-30 12:00:00'),
(810, 6, 229, 1, '2026-01-31 09:00:00'),
(811, 3, 230, 1, '2026-02-05 12:00:00'),
(812, 4, 230, 1, '2026-02-06 09:00:00'),
(813, 3, 231, 1, '2026-02-11 12:00:00'),
(814, 6, 231, 1, '2026-02-12 09:00:00'),
(815, 3, 232, 1, '2026-02-17 12:00:00'),
(816, 11, 232, 1, '2026-02-18 09:00:00'),
(817, 3, 233, 1, '2026-02-23 12:00:00'),
(818, 4, 233, 1, '2026-02-24 09:00:00'),
(819, 3, 234, 1, '2026-03-01 12:00:00'),
(820, 8, 234, 1, '2026-03-02 09:00:00'),
(821, 3, 235, 1, '2026-03-07 12:00:00'),
(822, 6, 235, 1, '2026-03-08 09:00:00'),
(823, 3, 236, 1, '2026-03-13 12:00:00'),
(824, 11, 236, 1, '2026-03-14 09:00:00'),
(825, 3, 237, 1, '2026-03-19 12:00:00'),
(826, 6, 237, 1, '2026-03-20 09:00:00'),
(827, 3, 238, 1, '2026-03-25 12:00:00'),
(828, 4, 238, 1, '2026-03-26 09:00:00'),
(829, 3, 239, 1, '2026-03-31 12:00:00'),
(830, 6, 239, 1, '2026-04-01 09:00:00'),
(831, 3, 240, 1, '2026-04-06 12:00:00'),
(832, 4, 240, 1, '2026-04-07 09:00:00'),
(833, 3, 241, 1, '2026-04-12 12:00:00'),
(834, 6, 241, 1, '2026-04-13 09:00:00'),
(835, 3, 242, 1, '2026-04-18 12:00:00'),
(836, 4, 242, 1, '2026-04-19 09:00:00'),
(837, 3, 243, 1, '2026-04-24 12:00:00'),
(838, 6, 243, 1, '2026-04-25 09:00:00'),
(839, 3, 244, 1, '2026-04-30 12:00:00'),
(840, 4, 244, 1, '2026-05-01 09:00:00'),
(841, 3, 245, 1, '2026-05-06 12:00:00'),
(842, 6, 245, 1, '2026-05-07 09:00:00'),
(843, 3, 246, 1, '2026-05-12 12:00:00'),
(844, 4, 246, 1, '2026-05-13 09:00:00'),
(845, 3, 247, 1, '2026-05-18 12:00:00'),
(846, 6, 247, 1, '2026-05-19 09:00:00'),
(847, 3, 248, 1, '2026-05-24 12:00:00'),
(848, 4, 248, 1, '2026-05-25 09:00:00'),
(849, 3, 249, 1, '2026-03-02 12:00:00'),
(850, 6, 249, 1, '2026-03-03 09:00:00'),
(851, 4, 250, 1, '2026-03-08 12:00:00'),
(852, 8, 250, 1, '2026-03-09 09:00:00'),
(853, 3, 251, 1, '2026-03-15 12:00:00'),
(854, 6, 251, 1, '2026-03-16 09:00:00'),
(855, 6, 252, 1, '2026-03-22 12:00:00'),
(856, 4, 252, 1, '2026-03-23 09:00:00'),
(857, 3, 253, 1, '2026-04-01 12:00:00'),
(858, 6, 253, 1, '2026-04-02 09:00:00'),
(859, 4, 254, 1, '2026-04-10 12:00:00'),
(860, 6, 254, 1, '2026-04-11 09:00:00'),
(861, 3, 255, 1, '2026-06-21 12:00:00'),
(862, 6, 255, 1, '2026-06-22 09:00:00');

-- ============================================================
-- 6. 收藏数据 (ID 364起)
-- ============================================================

INSERT INTO cms_collect (id, user_id, article_id, group_name, created_at) VALUES
(364, 11, 156, '默认', '2026-01-18 14:00:00'),
(365, 15, 156, '文化艺术', '2026-01-19 08:00:00'),
(366, 7, 157, '默认', '2026-01-22 16:00:00'),
(367, 15, 158, '影视', '2026-02-05 14:00:00'),
(368, 12, 158, '默认', '2026-02-06 09:00:00'),
(369, 6, 159, '历史', '2026-02-12 16:00:00'),
(370, 11, 159, '默认', '2026-02-13 10:00:00'),
(371, 7, 160, '历史', '2026-02-18 14:00:00'),
(372, 12, 161, '科技伦理', '2026-02-25 14:00:00'),
(373, 14, 161, '默认', '2026-02-26 10:00:00'),
(374, 11, 162, '学习', '2026-03-02 14:00:00'),
(375, 10, 163, '设计', '2026-03-08 16:00:00'),
(376, 15, 163, '默认', '2026-03-09 11:00:00'),
(377, 8, 164, '人文', '2026-03-15 14:00:00'),
(378, 14, 165, '游戏', '2026-03-22 14:00:00'),
(379, 11, 165, '默认', '2026-03-23 10:00:00'),
(380, 14, 166, '运动', '2026-03-28 16:00:00'),
(381, 9, 167, '旅行', '2026-04-02 14:00:00'),
(382, 9, 168, '设计', '2026-04-08 16:00:00'),
(383, 3, 169, '游戏', '2026-04-15 14:00:00'),
(384, 11, 169, '默认', '2026-04-16 11:00:00'),
(385, 8, 170, '生活', '2026-04-20 14:00:00'),
(386, 15, 171, '心理', '2026-04-25 14:00:00'),
(387, 12, 171, '默认', '2026-04-26 11:00:00'),
(388, 4, 172, '科学', '2026-05-01 14:00:00'),
(389, 6, 173, '科学', '2026-05-06 16:00:00'),
(390, 4, 174, '哲学', '2026-05-11 14:00:00'),
(391, 10, 175, '哲学', '2026-05-16 14:00:00'),
(392, 8, 176, '语言', '2026-05-21 14:00:00'),
(393, 7, 177, '环保', '2026-01-22 14:00:00'),
(394, 6, 178, '环保', '2026-01-28 14:00:00'),
(395, 8, 179, '环保', '2026-02-03 14:00:00'),
(396, 7, 180, '环保', '2026-02-09 14:00:00'),
(397, 4, 181, '环保', '2026-02-15 14:00:00'),
(398, 10, 182, '建筑', '2026-02-21 14:00:00'),
(399, 6, 183, '汽车', '2026-02-28 14:00:00'),
(400, 14, 183, '默认', '2026-03-01 10:00:00'),
(401, 4, 184, '物理', '2026-02-08 14:00:00'),
(402, 6, 184, '科学', '2026-02-09 10:00:00'),
(403, 4, 185, '天文', '2026-02-14 14:00:00'),
(404, 4, 186, '天文', '2026-02-20 14:00:00'),
(405, 4, 187, '物理', '2026-03-12 14:00:00'),
(406, 6, 187, '默认', '2026-03-13 10:00:00'),
(407, 4, 188, '生物', '2026-03-18 14:00:00'),
(408, 6, 189, '医学', '2026-03-24 14:00:00'),
(409, 4, 190, '能源', '2026-03-31 14:00:00'),
(410, 4, 191, '航天', '2026-04-06 14:00:00'),
(411, 4, 192, 'AI科学', '2026-04-15 14:00:00'),
(412, 6, 192, '默认', '2026-04-16 11:00:00'),
(413, 4, 193, '量子', '2026-04-21 14:00:00'),
(414, 6, 194, '脑科学', '2026-04-27 14:00:00'),
(415, 4, 195, '生物', '2026-05-03 14:00:00'),
(416, 6, 196, '健康', '2026-05-09 14:00:00'),
(417, 4, 197, '能源', '2026-05-15 14:00:00'),
(418, 4, 198, '航天', '2026-05-21 14:00:00'),
(419, 4, 199, '物理', '2026-05-27 14:00:00'),
(420, 4, 200, '天文', '2026-06-01 14:00:00'),
(421, 6, 200, '默认', '2026-06-02 10:00:00'),
(422, 8, 201, '环保', '2026-01-23 14:00:00'),
(423, 6, 202, '投资', '2026-01-29 14:00:00'),
(424, 8, 203, '环保', '2026-06-15 14:00:00'),
(425, 7, 204, '环保', '2026-02-04 14:00:00'),
(426, 8, 205, '能源', '2026-02-10 14:00:00'),
(427, 6, 206, '医学', '2026-02-16 14:00:00'),
(428, 4, 207, '医学', '2026-02-22 14:00:00'),
(429, 6, 208, '医学', '2026-02-28 14:00:00'),
(430, 4, 209, '脑科学', '2026-02-18 14:00:00'),
(431, 6, 209, '默认', '2026-02-19 10:00:00'),
(432, 4, 210, '医学', '2026-03-04 14:00:00'),
(433, 4, 211, '基因', '2026-03-10 14:00:00'),
(434, 4, 212, '医学', '2026-03-16 14:00:00'),
(435, 6, 213, '医学', '2026-03-22 14:00:00'),
(436, 3, 214, '自动驾驶', '2026-03-28 14:00:00'),
(437, 3, 215, 'XR', '2026-04-03 14:00:00'),
(438, 3, 216, 'Web3', '2026-04-09 14:00:00'),
(439, 3, 217, '航天', '2026-04-15 14:00:00'),
(440, 3, 218, '安全', '2026-04-21 14:00:00'),
(441, 3, 219, 'AI', '2026-04-27 14:00:00'),
(442, 3, 220, '数字孪生', '2026-05-03 14:00:00'),
(443, 3, 221, 'AI', '2026-05-09 14:00:00'),
(444, 3, 222, 'AI', '2026-05-15 14:00:00'),
(445, 3, 223, '芯片', '2026-05-21 14:00:00'),
(446, 3, 224, '隐私', '2026-05-27 14:00:00'),
(447, 3, 225, '新能源', '2026-06-02 14:00:00'),
(448, 3, 226, '新能源', '2026-06-08 14:00:00'),
(449, 6, 227, '医学', '2026-06-14 14:00:00'),
(450, 3, 228, '编程', '2026-01-24 14:00:00'),
(451, 3, 229, '前端', '2026-01-30 14:00:00'),
(452, 3, 230, '编程', '2026-02-05 14:00:00'),
(453, 3, 231, '架构', '2026-02-11 14:00:00'),
(454, 3, 232, '运维', '2026-02-17 14:00:00'),
(455, 3, 233, 'DevOps', '2026-02-23 14:00:00'),
(456, 3, 234, '创业', '2026-03-01 14:00:00'),
(457, 3, 235, '产品', '2026-03-07 14:00:00'),
(458, 3, 236, '职场', '2026-03-13 14:00:00'),
(459, 3, 237, '设计', '2026-03-19 14:00:00'),
(460, 3, 238, '设计', '2026-03-25 14:00:00'),
(461, 3, 239, 'AI', '2026-03-31 14:00:00'),
(462, 3, 240, 'AI', '2026-04-06 14:00:00'),
(463, 3, 241, 'AI', '2026-04-12 14:00:00'),
(464, 3, 242, 'AI安全', '2026-04-18 14:00:00'),
(465, 3, 243, 'MLOps', '2026-04-24 14:00:00'),
(466, 3, 244, '数据', '2026-04-30 14:00:00'),
(467, 3, 245, '数据', '2026-05-06 14:00:00'),
(468, 3, 246, 'NLP', '2026-05-12 14:00:00'),
(469, 3, 247, '运维', '2026-05-18 14:00:00'),
(470, 3, 248, 'CV', '2026-05-24 14:00:00'),
(471, 3, 249, '新能源', '2026-03-02 14:00:00'),
(472, 4, 250, '伦理', '2026-03-08 14:00:00'),
(473, 3, 251, '机器人', '2026-03-15 14:00:00'),
(474, 6, 252, '文学', '2026-03-22 14:00:00'),
(475, 3, 253, '芯片', '2026-04-01 14:00:00'),
(476, 4, 254, '量子', '2026-04-10 14:00:00'),
(477, 3, 255, '自动驾驶', '2026-06-21 14:00:00');

-- ============================================================
-- 7. 浏览记录 (ID 364起)
-- ============================================================

INSERT INTO cms_view_history (id, user_id, article_id, view_duration, created_at) VALUES
(364, 11, 156, 180, '2026-01-18 10:05:00'),
(365, 15, 156, 240, '2026-01-18 11:20:00'),
(366, 7, 157, 150, '2026-01-22 14:10:00'),
(367, 15, 158, 300, '2026-02-05 10:15:00'),
(368, 12, 158, 200, '2026-02-06 09:30:00'),
(369, 6, 159, 280, '2026-02-12 14:20:00'),
(370, 11, 159, 220, '2026-02-13 08:45:00'),
(371, 7, 160, 190, '2026-02-18 10:15:00'),
(372, 12, 161, 260, '2026-02-25 10:20:00'),
(373, 14, 161, 180, '2026-02-26 09:15:00'),
(374, 11, 162, 170, '2026-03-02 10:10:00'),
(375, 10, 163, 210, '2026-03-08 14:25:00'),
(376, 8, 164, 160, '2026-03-15 10:15:00'),
(377, 14, 165, 240, '2026-03-22 10:20:00'),
(378, 11, 165, 190, '2026-03-23 08:45:00'),
(379, 14, 166, 200, '2026-03-28 14:30:00'),
(380, 9, 167, 170, '2026-04-02 10:15:00'),
(381, 9, 168, 180, '2026-04-08 14:20:00'),
(382, 3, 169, 250, '2026-04-15 10:25:00'),
(383, 11, 169, 210, '2026-04-16 09:30:00'),
(384, 8, 170, 140, '2026-04-20 10:15:00'),
(385, 15, 171, 230, '2026-04-25 10:20:00'),
(386, 12, 171, 190, '2026-04-26 08:45:00'),
(387, 4, 172, 200, '2026-05-01 10:15:00'),
(388, 6, 173, 180, '2026-05-06 14:25:00'),
(389, 4, 174, 170, '2026-05-11 10:20:00'),
(390, 10, 175, 160, '2026-05-16 10:15:00'),
(391, 8, 176, 190, '2026-05-21 10:20:00'),
(392, 7, 177, 200, '2026-01-22 10:15:00'),
(393, 14, 177, 160, '2026-01-23 09:30:00'),
(394, 6, 178, 180, '2026-01-28 10:20:00'),
(395, 8, 179, 150, '2026-02-03 10:15:00'),
(396, 7, 180, 190, '2026-02-09 10:20:00'),
(397, 4, 181, 170, '2026-02-15 10:15:00'),
(398, 10, 182, 160, '2026-02-21 10:20:00'),
(399, 6, 183, 210, '2026-02-28 10:15:00'),
(400, 14, 183, 180, '2026-03-01 09:30:00'),
(401, 4, 184, 240, '2026-02-08 10:20:00'),
(402, 6, 184, 200, '2026-02-09 09:15:00'),
(403, 4, 185, 190, '2026-02-14 10:15:00'),
(404, 4, 186, 180, '2026-02-20 10:20:00'),
(405, 4, 187, 220, '2026-03-12 10:15:00'),
(406, 6, 187, 190, '2026-03-13 09:30:00'),
(407, 4, 188, 170, '2026-03-18 10:20:00'),
(408, 6, 189, 200, '2026-03-24 10:15:00'),
(409, 4, 190, 210, '2026-03-31 10:20:00'),
(410, 4, 191, 190, '2026-04-06 10:15:00'),
(411, 4, 192, 230, '2026-04-15 10:20:00'),
(412, 6, 192, 200, '2026-04-16 09:30:00'),
(413, 4, 193, 170, '2026-04-21 10:15:00'),
(414, 6, 194, 190, '2026-04-27 10:20:00'),
(415, 4, 195, 180, '2026-05-03 10:15:00'),
(416, 6, 196, 200, '2026-05-09 10:20:00'),
(417, 4, 197, 210, '2026-05-15 10:15:00'),
(418, 4, 198, 190, '2026-05-21 10:20:00'),
(419, 4, 199, 170, '2026-05-27 10:15:00'),
(420, 4, 200, 240, '2026-06-01 10:20:00'),
(421, 6, 200, 210, '2026-06-02 09:30:00'),
(422, 8, 201, 160, '2026-01-23 10:15:00'),
(423, 6, 202, 170, '2026-01-29 10:20:00'),
(424, 8, 203, 200, '2026-06-15 10:15:00'),
(425, 7, 204, 160, '2026-02-04 10:20:00'),
(426, 8, 205, 180, '2026-02-10 10:15:00'),
(427, 6, 206, 190, '2026-02-16 10:20:00'),
(428, 4, 207, 170, '2026-02-22 10:15:00'),
(429, 6, 208, 180, '2026-02-28 10:20:00'),
(430, 4, 209, 210, '2026-02-18 10:15:00'),
(431, 6, 209, 190, '2026-02-19 09:30:00'),
(432, 4, 210, 160, '2026-03-04 10:20:00'),
(433, 4, 211, 180, '2026-03-10 10:15:00'),
(434, 4, 212, 170, '2026-03-16 10:20:00'),
(435, 6, 213, 190, '2026-03-22 10:15:00'),
(436, 3, 214, 200, '2026-03-28 10:20:00'),
(437, 3, 215, 210, '2026-04-03 10:15:00'),
(438, 3, 216, 160, '2026-04-09 10:20:00'),
(439, 3, 217, 190, '2026-04-15 10:15:00'),
(440, 3, 218, 170, '2026-04-21 10:20:00'),
(441, 3, 219, 160, '2026-04-27 10:15:00'),
(442, 3, 220, 150, '2026-05-03 10:20:00'),
(443, 3, 221, 200, '2026-05-09 10:15:00'),
(444, 3, 222, 210, '2026-05-15 10:20:00'),
(445, 3, 223, 180, '2026-05-21 10:15:00'),
(446, 3, 224, 170, '2026-05-27 10:20:00'),
(447, 3, 225, 190, '2026-06-02 10:15:00'),
(448, 3, 226, 160, '2026-06-08 10:20:00'),
(449, 6, 227, 180, '2026-06-14 10:15:00'),
(450, 3, 228, 170, '2026-01-24 10:20:00'),
(451, 3, 229, 190, '2026-01-30 10:15:00'),
(452, 3, 230, 200, '2026-02-05 10:20:00'),
(453, 3, 231, 170, '2026-02-11 10:15:00'),
(454, 3, 232, 160, '2026-02-17 10:20:00'),
(455, 3, 233, 150, '2026-02-23 10:15:00'),
(456, 3, 234, 180, '2026-03-01 10:20:00'),
(457, 3, 235, 160, '2026-03-07 10:15:00'),
(458, 3, 236, 170, '2026-03-13 10:20:00'),
(459, 3, 237, 160, '2026-03-19 10:15:00'),
(460, 3, 238, 150, '2026-03-25 10:20:00'),
(461, 3, 239, 180, '2026-03-31 10:15:00'),
(462, 3, 240, 170, '2026-04-06 10:20:00'),
(463, 3, 241, 190, '2026-04-12 10:15:00'),
(464, 3, 242, 160, '2026-04-18 10:20:00'),
(465, 3, 243, 150, '2026-04-24 10:15:00'),
(466, 3, 244, 170, '2026-04-30 10:20:00'),
(467, 3, 245, 160, '2026-05-06 10:15:00'),
(468, 3, 246, 180, '2026-05-12 10:20:00'),
(469, 3, 247, 170, '2026-05-18 10:15:00'),
(470, 3, 248, 190, '2026-05-24 10:20:00'),
(471, 3, 249, 170, '2026-03-02 10:15:00'),
(472, 4, 250, 180, '2026-03-08 10:20:00'),
(473, 3, 251, 190, '2026-03-15 10:15:00'),
(474, 6, 252, 170, '2026-03-22 10:20:00'),
(475, 3, 253, 200, '2026-04-01 10:15:00'),
(476, 4, 254, 210, '2026-04-10 10:20:00'),
(477, 3, 255, 190, '2026-06-21 10:15:00');

-- ============================================================
-- AUTO_INCREMENT 重置
-- ============================================================

ALTER TABLE cms_article AUTO_INCREMENT = 256;
ALTER TABLE cms_article_tag AUTO_INCREMENT = 944;
ALTER TABLE cms_article_image AUTO_INCREMENT = 324;
ALTER TABLE cms_comment AUTO_INCREMENT = 730;
ALTER TABLE cms_like AUTO_INCREMENT = 863;
ALTER TABLE cms_collect AUTO_INCREMENT = 478;
ALTER TABLE cms_view_history AUTO_INCREMENT = 478;